BEGIN TRANSACTION;
DELETE FROM [dbo].GridAreaLinks
DELETE FROM [dbo].GridAreas
DELETE FROM [dbo].UserActor
DELETE FROM [dbo].[User]
DELETE FROM [dbo].Actor

INSERT INTO [dbo].[Actor] ([Id],[IdentificationNumber],[IdentificationType],[Roles]) VALUES ('3000e8c2-0dc0-4532-a40d-01ca17fe0d08','5790000681327','GLN','GridAccessProvider,MeteredDataResponsible')
INSERT INTO [dbo].[Actor] ([Id],[IdentificationNumber],[IdentificationType],[Roles]) VALUES ('427fb0d2-834e-4416-af56-042e744efb97','5790002420689','GLN','BalancePowerSupplier')
INSERT INTO [dbo].[Actor] ([Id],[IdentificationNumber],[IdentificationType],[Roles]) VALUES ('2a0fd613-bb31-455b-9182-0534ac42ba59','8200000007111','GLN','BalancePowerSupplier')
INSERT INTO [dbo].[Actor] ([Id],[IdentificationNumber],[IdentificationType],[Roles]) VALUES ('5b294533-eb98-4073-8477-094e720c903c','5790001687137','GLN','BalancePowerSupplier')
INSERT INTO [dbo].[Actor] ([Id],[IdentificationNumber],[IdentificationType],[Roles]) VALUES ('27f168a8-a23c-48f1-88aa-116ed7fd2bc1','8100000000108','GLN','BalancePowerSupplier')
INSERT INTO [dbo].[Actor] ([Id],[IdentificationNumber],[IdentificationType],[Roles]) VALUES ('af450c03-1937-4ea1-bb66-17b6e4aa51f5','5790000432752','GLN','SystemOperator')
INSERT INTO [dbo].[Actor] ([Id],[IdentificationNumber],[IdentificationType],[Roles]) VALUES ('e47fd7e8-114a-4e5f-bc7c-19d12fd2d884','8100000000146','GLN','GridAccessProvider,MeteredDataResponsible')
INSERT INTO [dbo].[Actor] ([Id],[IdentificationNumber],[IdentificationType],[Roles]) VALUES ('4532d655-b91d-4d6d-8103-1b8471e0bdc6','8200000004516','GLN','GridAccessProvider,MeteredDataResponsible')
INSERT INTO [dbo].[Actor] ([Id],[IdentificationNumber],[IdentificationType],[Roles]) VALUES ('ec91ee4b-5081-4f2d-8118-1bd8694e36ba','5790001095390','GLN','BalancePowerSupplier')
INSERT INTO [dbo].[Actor] ([Id],[IdentificationNumber],[IdentificationType],[Roles]) VALUES ('a363a555-e88b-4cde-a22b-1fd52854ec05','8200000002857','GLN','BalancePowerSupplier')
INSERT INTO [dbo].[Actor] ([Id],[IdentificationNumber],[IdentificationType],[Roles]) VALUES ('dd85c8e2-7e6a-4489-bbf2-20b10acd8077','8200000005056','GLN','GridAccessProvider,MeteredDataResponsible')
INSERT INTO [dbo].[Actor] ([Id],[IdentificationNumber],[IdentificationType],[Roles]) VALUES ('80146b69-ad6a-4f35-99f7-21db436d9bff','5790000610877','GLN','GridAccessProvider,MeteredDataResponsible')
INSERT INTO [dbo].[Actor] ([Id],[IdentificationNumber],[IdentificationType],[Roles]) VALUES ('add5bf67-9f24-4ebb-94a6-22dfc1e465cf','5790001686758','GLN','BalanceResponsibleParty,BalancePowerSupplier')
INSERT INTO [dbo].[Actor] ([Id],[IdentificationNumber],[IdentificationType],[Roles]) VALUES ('7fd4af08-11e5-46f1-b0e5-29c00c2f733f','5790002190230','GLN','GridAccessProvider,MeteredDataResponsible')
INSERT INTO [dbo].[Actor] ([Id],[IdentificationNumber],[IdentificationType],[Roles]) VALUES ('08707473-ce69-4699-9780-2c118dd527cf','8200000007388','GLN','MeteredDataResponsible')
INSERT INTO [dbo].[Actor] ([Id],[IdentificationNumber],[IdentificationType],[Roles]) VALUES ('c2059ddf-ad04-4a99-bc98-2c6fde857025','3736474154280','GLN','GridAccessProvider,MeteredDataResponsible')
INSERT INTO [dbo].[Actor] ([Id],[IdentificationNumber],[IdentificationType],[Roles]) VALUES ('38312a77-50b5-41ce-bd5e-2d0ad7500c0a','5790002473517','GLN','BalancePowerSupplier')
INSERT INTO [dbo].[Actor] ([Id],[IdentificationNumber],[IdentificationType],[Roles]) VALUES ('bfa610c6-c732-4613-9860-2dc04e0894dd','8200000004097','GLN','BalancePowerSupplier')
INSERT INTO [dbo].[Actor] ([Id],[IdentificationNumber],[IdentificationType],[Roles]) VALUES ('14f60355-af6c-4267-a89f-2f20c07ea8ad','8200000005711','GLN','BalancePowerSupplier')
INSERT INTO [dbo].[Actor] ([Id],[IdentificationNumber],[IdentificationType],[Roles]) VALUES ('fa2837d8-430d-4182-871f-304ac4844043','8200000001553','GLN','BalancePowerSupplier')
INSERT INTO [dbo].[Actor] ([Id],[IdentificationNumber],[IdentificationType],[Roles]) VALUES ('8ff5c6cf-4b5b-456a-8a58-337efd49aa3b','5790002473739','GLN','MeteredDataResponsible')
INSERT INTO [dbo].[Actor] ([Id],[IdentificationNumber],[IdentificationType],[Roles]) VALUES ('3a4ff827-748e-4b1c-a7a2-357e1da5b4ac','8200000004738','GLN','BalancePowerSupplier')
INSERT INTO [dbo].[Actor] ([Id],[IdentificationNumber],[IdentificationType],[Roles]) VALUES ('e52427c2-204b-4cf2-beec-35b95f935619','1715003494327','GLN','GridAccessProvider,MeteredDataResponsible,BalancePowerSupplier')
INSERT INTO [dbo].[Actor] ([Id],[IdentificationNumber],[IdentificationType],[Roles]) VALUES ('c316bc8f-f89b-48da-a0c2-36e972b7ed7d','5790002308369','GLN','BalancePowerSupplier')
INSERT INTO [dbo].[Actor] ([Id],[IdentificationNumber],[IdentificationType],[Roles]) VALUES ('ae9fd1eb-b83d-42e2-8d1c-3b0c8f2b9ef2','8200000006015','GLN','GridAccessProvider,MeteredDataResponsible')
INSERT INTO [dbo].[Actor] ([Id],[IdentificationNumber],[IdentificationType],[Roles]) VALUES ('de716833-4f62-4542-933d-3df435eb90c7','9524143918127','GLN','GridAccessProvider,MeteredDataResponsible')
INSERT INTO [dbo].[Actor] ([Id],[IdentificationNumber],[IdentificationType],[Roles]) VALUES ('9306c399-9038-4129-8895-4008a7b5747e','5790000611003','GLN','GridAccessProvider,MeteredDataResponsible')
INSERT INTO [dbo].[Actor] ([Id],[IdentificationNumber],[IdentificationType],[Roles]) VALUES ('b249170b-92bd-476d-9255-4290d599d384','3217200416389','GLN','BalancePowerSupplier')
INSERT INTO [dbo].[Actor] ([Id],[IdentificationNumber],[IdentificationType],[Roles]) VALUES ('351fa112-a216-421e-a5f6-42cb73f75f5c','8200000005919','GLN','GridAccessProvider,MeteredDataResponsible')
INSERT INTO [dbo].[Actor] ([Id],[IdentificationNumber],[IdentificationType],[Roles]) VALUES ('60257177-cedb-4798-9da1-452301439df7','8200000005810','GLN','BalancePowerSupplier')
INSERT INTO [dbo].[Actor] ([Id],[IdentificationNumber],[IdentificationType],[Roles]) VALUES ('03603af3-8f70-4b23-b369-454aec9fb4f4','5790001330552','GLN','MeteringPointAdministrator')
INSERT INTO [dbo].[Actor] ([Id],[IdentificationNumber],[IdentificationType],[Roles]) VALUES ('83510249-9f7c-4827-a67c-499a3a94f533','8100000000115','GLN','BalancePowerSupplier')
INSERT INTO [dbo].[Actor] ([Id],[IdentificationNumber],[IdentificationType],[Roles]) VALUES ('51ee201e-5fe8-4f5a-8125-49a57bcfa83e','5790002194498','GLN','BalancePowerSupplier')
INSERT INTO [dbo].[Actor] ([Id],[IdentificationNumber],[IdentificationType],[Roles]) VALUES ('7ba7cbd1-ec9d-4352-ae13-4c04251d75bc','8200000004165','GLN','GridAccessProvider,MeteredDataResponsible')
INSERT INTO [dbo].[Actor] ([Id],[IdentificationNumber],[IdentificationType],[Roles]) VALUES ('c3fe13ec-03e5-48f1-b1c8-4c501077e203','5790000610976','GLN','GridAccessProvider,MeteredDataResponsible')
INSERT INTO [dbo].[Actor] ([Id],[IdentificationNumber],[IdentificationType],[Roles]) VALUES ('a982de1f-3703-4e3c-be56-4e54418a2a59','0808118335003','GLN','GridAccessProvider,MeteredDataResponsible,BalancePowerSupplier')
INSERT INTO [dbo].[Actor] ([Id],[IdentificationNumber],[IdentificationType],[Roles]) VALUES ('0d5eec16-9e52-42e0-96bc-4ff3fc3c9a5a','5790002329111','GLN','MeteredDataResponsible')
INSERT INTO [dbo].[Actor] ([Id],[IdentificationNumber],[IdentificationType],[Roles]) VALUES ('8a679aa1-cb2e-4871-a643-5321e4e55449','8200000007296','GLN','GridAccessProvider,MeteredDataResponsible')
INSERT INTO [dbo].[Actor] ([Id],[IdentificationNumber],[IdentificationType],[Roles]) VALUES ('61b46919-07e4-4a49-a22a-55708f9ebbf0','8200000004233','GLN','BalancePowerSupplier')
INSERT INTO [dbo].[Actor] ([Id],[IdentificationNumber],[IdentificationType],[Roles]) VALUES ('59090111-0b3e-4530-bc1f-5803a5017415','5790000428687','GLN','GridAccessProvider,MeteredDataResponsible')
INSERT INTO [dbo].[Actor] ([Id],[IdentificationNumber],[IdentificationType],[Roles]) VALUES ('0fc7e028-3157-48f2-8744-5c23effe857d','8200000002765','GLN','GridAccessProvider,MeteredDataResponsible')
INSERT INTO [dbo].[Actor] ([Id],[IdentificationNumber],[IdentificationType],[Roles]) VALUES ('5507d87b-bec5-45bb-add1-5f5c661dbefe','5790002295607','GLN','BalancePowerSupplier')
INSERT INTO [dbo].[Actor] ([Id],[IdentificationNumber],[IdentificationType],[Roles]) VALUES ('a4697b25-cac5-45f9-8f32-6465c7829229','8200000007678','GLN','MeteredDataResponsible')
INSERT INTO [dbo].[Actor] ([Id],[IdentificationNumber],[IdentificationType],[Roles]) VALUES ('9986c70f-a723-41b7-b8c7-6ba4c9b8535e','8200000007654','GLN','BalancePowerSupplier')
INSERT INTO [dbo].[Actor] ([Id],[IdentificationNumber],[IdentificationType],[Roles]) VALUES ('c00df348-66aa-4aff-9ff7-6bb496e7b402','8200000007319','GLN','BalancePowerSupplier')
INSERT INTO [dbo].[Actor] ([Id],[IdentificationNumber],[IdentificationType],[Roles]) VALUES ('d5581195-92c0-400c-86b3-6d5915cf2536','8200000007661','GLN','GridAccessProvider')
INSERT INTO [dbo].[Actor] ([Id],[IdentificationNumber],[IdentificationType],[Roles]) VALUES ('8f7566a0-d540-4789-8739-72484060fbfd','8200000007135','GLN','GridAccessProvider,MeteredDataResponsible')
INSERT INTO [dbo].[Actor] ([Id],[IdentificationNumber],[IdentificationType],[Roles]) VALUES ('91fcc2f8-305a-49a7-8e95-730e49bbb85e','5790002190254','GLN','BalancePowerSupplier')
INSERT INTO [dbo].[Actor] ([Id],[IdentificationNumber],[IdentificationType],[Roles]) VALUES ('8e6124b1-36f0-43ac-b022-73d9c0fde334','5790000705184','GLN','GridAccessProvider,MeteredDataResponsible')
INSERT INTO [dbo].[Actor] ([Id],[IdentificationNumber],[IdentificationType],[Roles]) VALUES ('bb71f037-692d-4bcd-9c79-741ad90e33ca','5234494104332','GLN','GridAccessProvider,MeteredDataResponsible,BalancePowerSupplier')
INSERT INTO [dbo].[Actor] ([Id],[IdentificationNumber],[IdentificationType],[Roles]) VALUES ('8b678ccf-d6c0-4f5a-890b-7589746664f1','5790002105289','GLN','BalancePowerSupplier')
INSERT INTO [dbo].[Actor] ([Id],[IdentificationNumber],[IdentificationType],[Roles]) VALUES ('ddb53b36-9f61-41c4-bebe-77c06cd33151','8200000004257','GLN','GridAccessProvider,MeteredDataResponsible')
INSERT INTO [dbo].[Actor] ([Id],[IdentificationNumber],[IdentificationType],[Roles]) VALUES ('5de61589-8846-45e1-af3f-786673a287a7','5790000392261','GLN','GridAccessProvider,MeteredDataResponsible')
INSERT INTO [dbo].[Actor] ([Id],[IdentificationNumber],[IdentificationType],[Roles]) VALUES ('a4abd4ad-4ff3-4e93-a86d-7b164910ca34','9656626091925','GLN','GridAccessProvider,MeteredDataResponsible')
INSERT INTO [dbo].[Actor] ([Id],[IdentificationNumber],[IdentificationType],[Roles]) VALUES ('1114b900-ecb2-488b-9bb5-7b536d0a2ef8','8200000007289','GLN','BalancePowerSupplier')
INSERT INTO [dbo].[Actor] ([Id],[IdentificationNumber],[IdentificationType],[Roles]) VALUES ('158725db-35b5-4740-8ba4-80c616ec9f92','8200000001409','GLN','GridAccessProvider,MeteredDataResponsible')
INSERT INTO [dbo].[Actor] ([Id],[IdentificationNumber],[IdentificationType],[Roles]) VALUES ('cb2266e1-7acd-49f7-95ae-858ef7800e39','8200000003519','GLN','GridAccessProvider,MeteredDataResponsible')
INSERT INTO [dbo].[Actor] ([Id],[IdentificationNumber],[IdentificationType],[Roles]) VALUES ('0e223e42-bed4-4778-a973-8d0ad9813f71','8100000000047','GLN','GridAccessProvider,MeteredDataResponsible')
INSERT INTO [dbo].[Actor] ([Id],[IdentificationNumber],[IdentificationType],[Roles]) VALUES ('4b8abb49-71f9-465c-9ec3-8f7cbe3f4659','8200000007340','GLN','MeteredDataResponsible')
INSERT INTO [dbo].[Actor] ([Id],[IdentificationNumber],[IdentificationType],[Roles]) VALUES ('b65bf5d4-16ed-415a-bc42-90331d2f8eaf','8574664796620','GLN','GridAccessProvider,MeteredDataResponsible')
INSERT INTO [dbo].[Actor] ([Id],[IdentificationNumber],[IdentificationType],[Roles]) VALUES ('b8f00060-e02a-4418-a1bd-963778473238','8100000000016','GLN','GridAccessProvider,MeteredDataResponsible')
INSERT INTO [dbo].[Actor] ([Id],[IdentificationNumber],[IdentificationType],[Roles]) VALUES ('46e6b59d-6056-4054-a3c2-99356c067817','8200000004493','GLN','GridAccessProvider,MeteredDataResponsible')
INSERT INTO [dbo].[Actor] ([Id],[IdentificationNumber],[IdentificationType],[Roles]) VALUES ('f88a12a4-4c5b-4e9c-bd6a-9c48e11ae505','8200000007647','GLN','GridAccessProvider,MeteredDataResponsible')
INSERT INTO [dbo].[Actor] ([Id],[IdentificationNumber],[IdentificationType],[Roles]) VALUES ('b900386e-ca17-43b5-8fba-9f0e73f4345d','5790001089023','GLN','GridAccessProvider,MeteredDataResponsible')
INSERT INTO [dbo].[Actor] ([Id],[IdentificationNumber],[IdentificationType],[Roles]) VALUES ('fc9ddf32-1985-4831-9c03-9f95aed6f02c','8200000004714','GLN','BalancePowerSupplier')
INSERT INTO [dbo].[Actor] ([Id],[IdentificationNumber],[IdentificationType],[Roles]) VALUES ('d49bc21d-87c0-426b-bd2d-a097a91de611','8100000000023','GLN','GridAccessProvider,MeteredDataResponsible')
INSERT INTO [dbo].[Actor] ([Id],[IdentificationNumber],[IdentificationType],[Roles]) VALUES ('ef69b130-1ead-4e58-a926-a2b1154d7e2a','5458243190388','GLN','GridAccessProvider,MeteredDataResponsible')
INSERT INTO [dbo].[Actor] ([Id],[IdentificationNumber],[IdentificationType],[Roles]) VALUES ('f35e48d3-423a-4507-bcf5-a4268d74fa01','8200000002987','GLN','BalancePowerSupplier')
INSERT INTO [dbo].[Actor] ([Id],[IdentificationNumber],[IdentificationType],[Roles]) VALUES ('478a4c63-605b-42db-ae77-b13865ac89ad','8200000007630','GLN','GridAccessProvider,MeteredDataResponsible')
INSERT INTO [dbo].[Actor] ([Id],[IdentificationNumber],[IdentificationType],[Roles]) VALUES ('55878bd4-ef25-4f2e-8ba8-b2f3cca962e6','8200000002727','GLN','GridAccessProvider,MeteredDataResponsible')
INSERT INTO [dbo].[Actor] ([Id],[IdentificationNumber],[IdentificationType],[Roles]) VALUES ('f718ac37-9b7f-42dc-943e-bd211ea044ff','8100000000030','GLN','GridAccessProvider,MeteredDataResponsible')
INSERT INTO [dbo].[Actor] ([Id],[IdentificationNumber],[IdentificationType],[Roles]) VALUES ('1e2cc2e8-670e-40fa-bfae-be0fec70e9aa','8200000005131','GLN','GridAccessProvider,MeteredDataResponsible')
INSERT INTO [dbo].[Actor] ([Id],[IdentificationNumber],[IdentificationType],[Roles]) VALUES ('0becf017-4611-429a-89b5-c194de60eac7','8200000004509','GLN','GridAccessProvider,MeteredDataResponsible')
INSERT INTO [dbo].[Actor] ([Id],[IdentificationNumber],[IdentificationType],[Roles]) VALUES ('aeeb8829-0298-47ea-b3f1-c3c30cb297f2','2462543435837','GLN','GridAccessProvider,MeteredDataResponsible')
INSERT INTO [dbo].[Actor] ([Id],[IdentificationNumber],[IdentificationType],[Roles]) VALUES ('0e71f8a0-38a7-4d79-bf69-c6dcf8929f37','5790001330553','GLN','GridAccessProvider,MeteredDataResponsible')
INSERT INTO [dbo].[Actor] ([Id],[IdentificationNumber],[IdentificationType],[Roles]) VALUES ('eb99aad6-6fa0-4925-85f5-c8269c92fdb8','5790001095383','GLN','MeteredDataResponsible')
INSERT INTO [dbo].[Actor] ([Id],[IdentificationNumber],[IdentificationType],[Roles]) VALUES ('f9b5e62b-3576-4cc6-81b7-ccdea2010d41','5790000705689','GLN','GridAccessProvider,MeteredDataResponsible')
INSERT INTO [dbo].[Actor] ([Id],[IdentificationNumber],[IdentificationType],[Roles]) VALUES ('b425d950-3e15-44a5-84bf-cf029ff110f6','8200000004721','GLN','BalancePowerSupplier')
INSERT INTO [dbo].[Actor] ([Id],[IdentificationNumber],[IdentificationType],[Roles]) VALUES ('a42757c3-50a9-43e9-b1f9-d0d2a4ddf5a0','5790001089030','GLN','GridAccessProvider,MeteredDataResponsible')
INSERT INTO [dbo].[Actor] ([Id],[IdentificationNumber],[IdentificationType],[Roles]) VALUES ('553aefad-3fc5-4f08-bc82-d3d0dbaf0ea7','5825026986597','GLN','BalancePowerSupplier')
INSERT INTO [dbo].[Actor] ([Id],[IdentificationNumber],[IdentificationType],[Roles]) VALUES ('ca34f9c1-2104-48f8-a2e8-d5a99a1f9fc3','8200000004110','GLN','GridAccessProvider,MeteredDataResponsible')
INSERT INTO [dbo].[Actor] ([Id],[IdentificationNumber],[IdentificationType],[Roles]) VALUES ('7122b8f6-3fe9-4896-a922-ddde63cc32e8','8200000004653','GLN','GridAccessProvider,MeteredDataResponsible')
INSERT INTO [dbo].[Actor] ([Id],[IdentificationNumber],[IdentificationType],[Roles]) VALUES ('20284dd9-8586-4b9d-87b3-e1f29faec8fd','9316911914857','GLN','GridAccessProvider,MeteredDataResponsible')
INSERT INTO [dbo].[Actor] ([Id],[IdentificationNumber],[IdentificationType],[Roles]) VALUES ('5ed12387-2926-4a93-a76c-e779d2b54f4a','0688604177764','GLN','GridAccessProvider,MeteredDataResponsible')
INSERT INTO [dbo].[Actor] ([Id],[IdentificationNumber],[IdentificationType],[Roles]) VALUES ('ea0aa193-c7a1-4899-892b-e863cd6637df','8200000007272','GLN','BalancePowerSupplier')
INSERT INTO [dbo].[Actor] ([Id],[IdentificationNumber],[IdentificationType],[Roles]) VALUES ('f52cd834-cc72-4bbe-961c-ea1d71bf854f','8200000004141','GLN','BalancePowerSupplier')
INSERT INTO [dbo].[Actor] ([Id],[IdentificationNumber],[IdentificationType],[Roles]) VALUES ('e0a90bab-0029-402b-81dd-eb46c9e4db62','5790000267958','GLN','MeteredDataResponsible')
INSERT INTO [dbo].[Actor] ([Id],[IdentificationNumber],[IdentificationType],[Roles]) VALUES ('3437964d-ebaa-448a-abfd-eb589228f0e9','5790001088460','GLN','GridAccessProvider')
INSERT INTO [dbo].[Actor] ([Id],[IdentificationNumber],[IdentificationType],[Roles]) VALUES ('51fdc822-ebdd-4882-a80b-eb79cf420479','5790002190223','GLN','GridAccessProvider,MeteredDataResponsible')
INSERT INTO [dbo].[Actor] ([Id],[IdentificationNumber],[IdentificationType],[Roles]) VALUES ('b6d3dcb7-2722-426a-8970-ece730165919','5790001087975','GLN','GridAccessProvider,MeteredDataResponsible')
INSERT INTO [dbo].[Actor] ([Id],[IdentificationNumber],[IdentificationType],[Roles]) VALUES ('519943be-f3f3-49d7-a332-eed2524bb586','5790002420696','GLN','BalancePowerSupplier')
INSERT INTO [dbo].[Actor] ([Id],[IdentificationNumber],[IdentificationType],[Roles]) VALUES ('ef3e33bd-6963-405d-b1b2-f10929861050','8200000004677','GLN','GridAccessProvider,MeteredDataResponsible')
INSERT INTO [dbo].[Actor] ([Id],[IdentificationNumber],[IdentificationType],[Roles]) VALUES ('bbab4771-3fc4-4c44-99a7-f7ddf0737091','8200000007203','GLN','GridAccessProvider,MeteredDataResponsible')
INSERT INTO [dbo].[Actor] ([Id],[IdentificationNumber],[IdentificationType],[Roles]) VALUES ('a08bf5d4-e9af-46cd-94e3-fdb87ffd7a21','5790002263057','GLN','BalancePowerSupplier')

INSERT INTO [dbo].[GridAreas]([Id],[Code],[Name],[PriceAreaCode],[FullFlexFromDate],[ActorId]) VALUES ('4ee13230-3716-468f-96ee-01b15f054530','975','Test11','DK1',null,'ae9fd1eb-b83d-42e2-8d1c-3b0c8f2b9ef2')
INSERT INTO [dbo].[GridAreas]([Id],[Code],[Name],[PriceAreaCode],[FullFlexFromDate],[ActorId]) VALUES ('d45f9498-1954-4c7d-8e9c-0d4a2aba058b','123','KMDTest5','DK1',null,'ef69b130-1ead-4e58-a926-a2b1154d7e2a')
INSERT INTO [dbo].[GridAreas]([Id],[Code],[Name],[PriceAreaCode],[FullFlexFromDate],[ActorId]) VALUES ('be4dd3fa-b91e-4539-9868-0eaa1a0e4728','039','Batman - Grid Area 7 - ','DK1',null,'1e2cc2e8-670e-40fa-bfae-be0fec70e9aa')
INSERT INTO [dbo].[GridAreas]([Id],[Code],[Name],[PriceAreaCode],[FullFlexFromDate],[ActorId]) VALUES ('cc7bee74-afd7-4d1f-90c7-1583fc7a2fb4','755','Test22','DK1',null,'f9b5e62b-3576-4cc6-81b7-ccdea2010d41')
INSERT INTO [dbo].[GridAreas]([Id],[Code],[Name],[PriceAreaCode],[FullFlexFromDate],[ActorId]) VALUES ('1db4ea8d-a6af-46f5-a623-24c79bca77ad','466','Test11','DK1',null,'7ba7cbd1-ec9d-4352-ae13-4c04251d75bc')
INSERT INTO [dbo].[GridAreas]([Id],[Code],[Name],[PriceAreaCode],[FullFlexFromDate],[ActorId]) VALUES ('0b877f87-d635-47a5-b545-2c137abbf0d8','584','Test19','DK1',null,'b900386e-ca17-43b5-8fba-9f0e73f4345d')
INSERT INTO [dbo].[GridAreas]([Id],[Code],[Name],[PriceAreaCode],[FullFlexFromDate],[ActorId]) VALUES ('7b360e33-6e79-43d2-ad58-306f88ad22c2','927','Test9','DK1',null,'ef3e33bd-6963-405d-b1b2-f10929861050')
INSERT INTO [dbo].[GridAreas]([Id],[Code],[Name],[PriceAreaCode],[FullFlexFromDate],[ActorId]) VALUES ('b804a9e5-b7dd-4a2e-ab45-36cd38e2327a','051','Test11','DK1',null,'8f7566a0-d540-4789-8739-72484060fbfd')
INSERT INTO [dbo].[GridAreas]([Id],[Code],[Name],[PriceAreaCode],[FullFlexFromDate],[ActorId]) VALUES ('b128c1d9-1519-4d85-b675-38ae69d02206','034','Batman - Grid Area 3 - ','DK1',null,'55878bd4-ef25-4f2e-8ba8-b2f3cca962e6')
INSERT INTO [dbo].[GridAreas]([Id],[Code],[Name],[PriceAreaCode],[FullFlexFromDate],[ActorId]) VALUES ('0cf56e44-d021-411c-936d-3979d8b2c49c','880','Kilo','DK2',null,'b8f00060-e02a-4418-a1bd-963778473238')
INSERT INTO [dbo].[GridAreas]([Id],[Code],[Name],[PriceAreaCode],[FullFlexFromDate],[ActorId]) VALUES ('69098c8c-60b4-4de4-9951-4bcb5b37208f','939','Test11','DK1',null,'dd85c8e2-7e6a-4489-bbf2-20b10acd8077')
INSERT INTO [dbo].[GridAreas]([Id],[Code],[Name],[PriceAreaCode],[FullFlexFromDate],[ActorId]) VALUES ('0b923230-9101-40fb-b798-563176faf3ab','881','Lima','DK2',null,'d49bc21d-87c0-426b-bd2d-a097a91de611')
INSERT INTO [dbo].[GridAreas]([Id],[Code],[Name],[PriceAreaCode],[FullFlexFromDate],[ActorId]) VALUES ('29dbf781-171c-4d04-a109-59cc00ccc69c','740','Test17','DK1',null,'8e6124b1-36f0-43ac-b022-73d9c0fde334')
INSERT INTO [dbo].[GridAreas]([Id],[Code],[Name],[PriceAreaCode],[FullFlexFromDate],[ActorId]) VALUES ('58fd7cac-326a-4556-9fb4-59d68f406768','543','Test20','DK1',null,'c3fe13ec-03e5-48f1-b1c8-4c501077e203')
INSERT INTO [dbo].[GridAreas]([Id],[Code],[Name],[PriceAreaCode],[FullFlexFromDate],[ActorId]) VALUES ('53543859-a23f-444b-9bfc-5aad5b116fbf','871','Test2','DK1',null,'0e71f8a0-38a7-4d79-bf69-c6dcf8929f37')
INSERT INTO [dbo].[GridAreas]([Id],[Code],[Name],[PriceAreaCode],[FullFlexFromDate],[ActorId]) VALUES ('57786e64-fc34-4a31-8361-5b319a5a30b6','482','Test5','DK1',null,'46e6b59d-6056-4054-a3c2-99356c067817')
INSERT INTO [dbo].[GridAreas]([Id],[Code],[Name],[PriceAreaCode],[FullFlexFromDate],[ActorId]) VALUES ('268e002b-52fa-43bb-88e1-5eee7b29ecbc','344','test23','DK1',null,'9306c399-9038-4129-8895-4008a7b5747e')
INSERT INTO [dbo].[GridAreas]([Id],[Code],[Name],[PriceAreaCode],[FullFlexFromDate],[ActorId]) VALUES ('47381d20-a583-45a4-836b-636c43603179','111','Titans U-001','DK1',null,'20284dd9-8586-4b9d-87b3-e1f29faec8fd')
INSERT INTO [dbo].[GridAreas]([Id],[Code],[Name],[PriceAreaCode],[FullFlexFromDate],[ActorId]) VALUES ('4e0cecd5-e276-4287-a103-6800f38cdb92','483','Test11','DK1',null,'0becf017-4611-429a-89b5-c194de60eac7')
INSERT INTO [dbo].[GridAreas]([Id],[Code],[Name],[PriceAreaCode],[FullFlexFromDate],[ActorId]) VALUES ('d209da7a-94f6-41d7-88b5-6a2b793f0529','898','Test6','DK1',null,'51fdc822-ebdd-4882-a80b-eb79cf420479')
INSERT INTO [dbo].[GridAreas]([Id],[Code],[Name],[PriceAreaCode],[FullFlexFromDate],[ActorId]) VALUES ('e3e7dd7f-4807-4482-b50c-6bfdc972f1e1','791','Test21','DK1',null,'f9b5e62b-3576-4cc6-81b7-ccdea2010d41')
INSERT INTO [dbo].[GridAreas]([Id],[Code],[Name],[PriceAreaCode],[FullFlexFromDate],[ActorId]) VALUES ('bf863ea8-8cf3-4ba3-b568-6c7175f47a69','463','Test4','DK1',null,'ca34f9c1-2104-48f8-a2e8-d5a99a1f9fc3')
INSERT INTO [dbo].[GridAreas]([Id],[Code],[Name],[PriceAreaCode],[FullFlexFromDate],[ActorId]) VALUES ('589d5229-d9bf-4089-af82-71c604f8f53d','140','Volt - B-001 - ','DK1',null,'b249170b-92bd-476d-9255-4290d599d384')
INSERT INTO [dbo].[GridAreas]([Id],[Code],[Name],[PriceAreaCode],[FullFlexFromDate],[ActorId]) VALUES ('2f8197d5-05a7-4f68-957c-73d95d1c9289','031','Test3','DK1',null,'80146b69-ad6a-4f35-99f7-21db436d9bff')
INSERT INTO [dbo].[GridAreas]([Id],[Code],[Name],[PriceAreaCode],[FullFlexFromDate],[ActorId]) VALUES ('f1b0d811-c334-44de-b5ba-79f17b807fbc','119','KMDTest4','DK1',null,'5ed12387-2926-4a93-a76c-e779d2b54f4a')
INSERT INTO [dbo].[GridAreas]([Id],[Code],[Name],[PriceAreaCode],[FullFlexFromDate],[ActorId]) VALUES ('a0b52135-39ba-49f8-b9ef-7bb1b90c1487','112','Batman U-001','DK1',null,'a982de1f-3703-4e3c-be56-4e54418a2a59')
INSERT INTO [dbo].[GridAreas]([Id],[Code],[Name],[PriceAreaCode],[FullFlexFromDate],[ActorId]) VALUES ('72ad0e74-c0ac-4bbd-8ae1-8087303177aa','804','Test15','DK1',null,'0e223e42-bed4-4778-a973-8d0ad9813f71')
INSERT INTO [dbo].[GridAreas]([Id],[Code],[Name],[PriceAreaCode],[FullFlexFromDate],[ActorId]) VALUES ('99775019-80f1-4587-aaee-88f1b4fcea4c','151','Openminds 1','DK1',null,'d5581195-92c0-400c-86b3-6d5915cf2536')
INSERT INTO [dbo].[GridAreas]([Id],[Code],[Name],[PriceAreaCode],[FullFlexFromDate],[ActorId]) VALUES ('5db85342-fb33-40c2-9814-8c9123a69a34','244','Test13','DK1',null,'5de61589-8846-45e1-af3f-786673a287a7')
INSERT INTO [dbo].[GridAreas]([Id],[Code],[Name],[PriceAreaCode],[FullFlexFromDate],[ActorId]) VALUES ('da78b887-a080-476d-864a-8cecc0be663c','512','Test18','DK1',null,'b6d3dcb7-2722-426a-8970-ece730165919')
INSERT INTO [dbo].[GridAreas]([Id],[Code],[Name],[PriceAreaCode],[FullFlexFromDate],[ActorId]) VALUES ('f4b3fdf9-ab8f-47bb-b49a-9155949611dc','989','Test11','DK1',null,'bbab4771-3fc4-4c44-99a7-f7ddf0737091')
INSERT INTO [dbo].[GridAreas]([Id],[Code],[Name],[PriceAreaCode],[FullFlexFromDate],[ActorId]) VALUES ('fa5efbcc-1dee-4ee5-acb5-979d4a64b583','803','Test16','DK1',null,'f718ac37-9b7f-42dc-943e-bd211ea044ff')
INSERT INTO [dbo].[GridAreas]([Id],[Code],[Name],[PriceAreaCode],[FullFlexFromDate],[ActorId]) VALUES ('5327de58-cf1d-40a3-942f-98398a3594aa','037','Batman - Grid Area 5 - ','DK1',null,'1e2cc2e8-670e-40fa-bfae-be0fec70e9aa')
INSERT INTO [dbo].[GridAreas]([Id],[Code],[Name],[PriceAreaCode],[FullFlexFromDate],[ActorId]) VALUES ('96c0e70d-bbdf-45e3-babb-988ffeba26b1','930','Test11','DK1',null,'59090111-0b3e-4530-bc1f-5803a5017415')
INSERT INTO [dbo].[GridAreas]([Id],[Code],[Name],[PriceAreaCode],[FullFlexFromDate],[ActorId]) VALUES ('f137b23f-7d91-46c3-9489-9a4075c599d6','141','Batman - B-001 DDM - ','DK1',null,'aeeb8829-0298-47ea-b3f1-c3c30cb297f2')
INSERT INTO [dbo].[GridAreas]([Id],[Code],[Name],[PriceAreaCode],[FullFlexFromDate],[ActorId]) VALUES ('f05fa661-555e-4c37-a541-a2c3e07eea66','900','KMDTest4','DK1',null,'8a679aa1-cb2e-4871-a643-5321e4e55449')
INSERT INTO [dbo].[GridAreas]([Id],[Code],[Name],[PriceAreaCode],[FullFlexFromDate],[ActorId]) VALUES ('62b86e5f-0216-4315-a3d5-a5523652c183','117','KMDTest5','DK1',null,'e52427c2-204b-4cf2-beec-35b95f935619')
INSERT INTO [dbo].[GridAreas]([Id],[Code],[Name],[PriceAreaCode],[FullFlexFromDate],[ActorId]) VALUES ('3d10d2c3-8b2f-42ca-9de9-a7b366596470','131','Test24','DK1',null,'a42757c3-50a9-43e9-b1f9-d0d2a4ddf5a0')
INSERT INTO [dbo].[GridAreas]([Id],[Code],[Name],[PriceAreaCode],[FullFlexFromDate],[ActorId]) VALUES ('972b1d50-20e7-47eb-b665-b8ef2e3c44e5','974','Test10','DK1',null,'351fa112-a216-421e-a5f6-42cb73f75f5c')
INSERT INTO [dbo].[GridAreas]([Id],[Code],[Name],[PriceAreaCode],[FullFlexFromDate],[ActorId]) VALUES ('e4dcbf59-e1a9-4cb4-a1ed-b997fbb0e13f','899','Test7','DK1',null,'7fd4af08-11e5-46f1-b0e5-29c00c2f733f')
INSERT INTO [dbo].[GridAreas]([Id],[Code],[Name],[PriceAreaCode],[FullFlexFromDate],[ActorId]) VALUES ('01635680-86e1-4146-a485-bbffe2330ff4','113','Joules U-001','DK1',null,'b65bf5d4-16ed-415a-bc42-90331d2f8eaf')
INSERT INTO [dbo].[GridAreas]([Id],[Code],[Name],[PriceAreaCode],[FullFlexFromDate],[ActorId]) VALUES ('0e797976-a83b-42c4-8a1b-bf3a9f642e1a','348','Test12','DK1',null,'3000e8c2-0dc0-4532-a40d-01ca17fe0d08')
INSERT INTO [dbo].[GridAreas]([Id],[Code],[Name],[PriceAreaCode],[FullFlexFromDate],[ActorId]) VALUES ('68e96f9b-5349-4a85-8d0e-c5fa4ba9299c','038','Batman - Grid Area 6 - ','DK1',null,'1e2cc2e8-670e-40fa-bfae-be0fec70e9aa')
INSERT INTO [dbo].[GridAreas]([Id],[Code],[Name],[PriceAreaCode],[FullFlexFromDate],[ActorId]) VALUES ('73f40306-3806-418e-b29e-c65c8ff9de29','142','Batman - B-001 DDQ - ','DK1',null,'553aefad-3fc5-4f08-bc82-d3d0dbaf0ea7')
INSERT INTO [dbo].[GridAreas]([Id],[Code],[Name],[PriceAreaCode],[FullFlexFromDate],[ActorId]) VALUES ('3b7c493a-31d6-46f7-a5b6-cd1a902e76c3','925','Test8','DK1',null,'7122b8f6-3fe9-4896-a922-ddde63cc32e8')
INSERT INTO [dbo].[GridAreas]([Id],[Code],[Name],[PriceAreaCode],[FullFlexFromDate],[ActorId]) VALUES ('079075a2-38d2-4df0-98c2-ce7ceede48c6','901','KMDTest5','DK1',null,'478a4c63-605b-42db-ae77-b13865ac89ad')
INSERT INTO [dbo].[GridAreas]([Id],[Code],[Name],[PriceAreaCode],[FullFlexFromDate],[ActorId]) VALUES ('2285dcb4-0bdd-4ec9-90cc-d757a062fb86','116','KMDTest4','DK1',null,'bb71f037-692d-4bcd-9c79-741ad90e33ca')
INSERT INTO [dbo].[GridAreas]([Id],[Code],[Name],[PriceAreaCode],[FullFlexFromDate],[ActorId]) VALUES ('454db06d-3bf4-40e5-ae67-ddb8986a2479','161','Test14','DK1',null,'e47fd7e8-114a-4e5f-bc7c-19d12fd2d884')
INSERT INTO [dbo].[GridAreas]([Id],[Code],[Name],[PriceAreaCode],[FullFlexFromDate],[ActorId]) VALUES ('7ce2d3e1-2fac-49e3-bf46-de75c5f8b714','882','Mike','DK2',null,'158725db-35b5-4740-8ba4-80c616ec9f92')
INSERT INTO [dbo].[GridAreas]([Id],[Code],[Name],[PriceAreaCode],[FullFlexFromDate],[ActorId]) VALUES ('9827c5c5-0014-4044-8f63-e03b270094b7','351','Test11','DK1',null,'ddb53b36-9f61-41c4-bebe-77c06cd33151')
INSERT INTO [dbo].[GridAreas]([Id],[Code],[Name],[PriceAreaCode],[FullFlexFromDate],[ActorId]) VALUES ('0ec2a713-b029-40a6-8e6c-e1148fbef6b4','902','KMDTest6','DK1',null,'f88a12a4-4c5b-4e9c-bd6a-9c48e11ae505')
INSERT INTO [dbo].[GridAreas]([Id],[Code],[Name],[PriceAreaCode],[FullFlexFromDate],[ActorId]) VALUES ('31e25acd-7a93-4740-b5c6-e931785d5d38','033','Batman - Grid Area 2 - ','DK1',null,'55878bd4-ef25-4f2e-8ba8-b2f3cca962e6')
INSERT INTO [dbo].[GridAreas]([Id],[Code],[Name],[PriceAreaCode],[FullFlexFromDate],[ActorId]) VALUES ('34d6a61e-0996-438b-89cd-ee0a1c73efc0','115','Volt U-001','DK1',null,'a4abd4ad-4ff3-4e93-a86d-7b164910ca34')
INSERT INTO [dbo].[GridAreas]([Id],[Code],[Name],[PriceAreaCode],[FullFlexFromDate],[ActorId]) VALUES ('e2b2ea7b-4300-4cb0-93cc-ee33ab8f3b30','120','KMDTest5','DK1',null,'c2059ddf-ad04-4a99-bc98-2c6fde857025')
INSERT INTO [dbo].[GridAreas]([Id],[Code],[Name],[PriceAreaCode],[FullFlexFromDate],[ActorId]) VALUES ('8a8d565b-f122-445c-ba28-eeec3afae608','853','Nakskov','DK1',null,'3437964d-ebaa-448a-abfd-eb589228f0e9')
INSERT INTO [dbo].[GridAreas]([Id],[Code],[Name],[PriceAreaCode],[FullFlexFromDate],[ActorId]) VALUES ('2ef1e1cc-61e1-419f-a9a7-f101f80d00fe','854','Test11','DK1',null,'4532d655-b91d-4d6d-8103-1b8471e0bdc6')
INSERT INTO [dbo].[GridAreas]([Id],[Code],[Name],[PriceAreaCode],[FullFlexFromDate],[ActorId]) VALUES ('2aa10797-d52e-4d02-9a17-f52860fb94b8','036','Batman - Grid Area 4 - ','DK1',null,'1e2cc2e8-670e-40fa-bfae-be0fec70e9aa')
INSERT INTO [dbo].[GridAreas]([Id],[Code],[Name],[PriceAreaCode],[FullFlexFromDate],[ActorId]) VALUES ('13543647-4760-4ac9-80e8-f6519b9c09c9','114','MD U-001','DK1',null,'de716833-4f62-4542-933d-3df435eb90c7')
INSERT INTO [dbo].[GridAreas]([Id],[Code],[Name],[PriceAreaCode],[FullFlexFromDate],[ActorId]) VALUES ('4fcb017d-3721-41ee-8f69-f984b4f190f2','245','Openminds 2','DK1',null,'d5581195-92c0-400c-86b3-6d5915cf2536')
INSERT INTO [dbo].[GridAreas]([Id],[Code],[Name],[PriceAreaCode],[FullFlexFromDate],[ActorId]) VALUES ('c5ee11ed-1d93-439d-8c6d-fabf993c7a3c','032','Batman - Grid Area 1 - ','DK1',null,'cb2266e1-7acd-49f7-95ae-858ef7800e39')

INSERT INTO [dbo].[GridAreaLinks] ([Id],[GridAreaId]) VALUES ('6d370cfc-9a04-4c1f-ad50-01aaafdff010','31e25acd-7a93-4740-b5c6-e931785d5d38')
INSERT INTO [dbo].[GridAreaLinks] ([Id],[GridAreaId]) VALUES ('34f7cf2e-b8f0-4b11-8e38-065f9a98b53a','e3e7dd7f-4807-4482-b50c-6bfdc972f1e1')
INSERT INTO [dbo].[GridAreaLinks] ([Id],[GridAreaId]) VALUES ('f405f3fb-14aa-4a4f-a2f5-095014776805','da78b887-a080-476d-864a-8cecc0be663c')
INSERT INTO [dbo].[GridAreaLinks] ([Id],[GridAreaId]) VALUES ('8b70e867-8fe3-4680-bb25-09d11624f3f1','62b86e5f-0216-4315-a3d5-a5523652c183')
INSERT INTO [dbo].[GridAreaLinks] ([Id],[GridAreaId]) VALUES ('623b7f71-f3b8-476c-b9e7-0bfd736fe46e','72ad0e74-c0ac-4bbd-8ae1-8087303177aa')
INSERT INTO [dbo].[GridAreaLinks] ([Id],[GridAreaId]) VALUES ('9183def8-c91f-4984-ac02-0ef3f8234033','01635680-86e1-4146-a485-bbffe2330ff4')
INSERT INTO [dbo].[GridAreaLinks] ([Id],[GridAreaId]) VALUES ('2e33853b-6857-4c27-a048-11a412d55bab','68e96f9b-5349-4a85-8d0e-c5fa4ba9299c')
INSERT INTO [dbo].[GridAreaLinks] ([Id],[GridAreaId]) VALUES ('f5a0cdeb-79dd-4a18-a20a-1210fb84daf0','a0b52135-39ba-49f8-b9ef-7bb1b90c1487')
INSERT INTO [dbo].[GridAreaLinks] ([Id],[GridAreaId]) VALUES ('079fa5c2-4728-4f23-87c5-1422399d4d7d','3b7c493a-31d6-46f7-a5b6-cd1a902e76c3')
INSERT INTO [dbo].[GridAreaLinks] ([Id],[GridAreaId]) VALUES ('34729672-572e-414c-b4cc-1afd203a2ecc','cc7bee74-afd7-4d1f-90c7-1583fc7a2fb4')
INSERT INTO [dbo].[GridAreaLinks] ([Id],[GridAreaId]) VALUES ('35167a88-6e99-4b75-a053-239bc80eb7b5','69098c8c-60b4-4de4-9951-4bcb5b37208f')
INSERT INTO [dbo].[GridAreaLinks] ([Id],[GridAreaId]) VALUES ('c6534512-0b79-45e7-814b-246b633bd35d','f137b23f-7d91-46c3-9489-9a4075c599d6')
INSERT INTO [dbo].[GridAreaLinks] ([Id],[GridAreaId]) VALUES ('fb669da4-c03d-497d-b506-288ac4bab5c0','e4dcbf59-e1a9-4cb4-a1ed-b997fbb0e13f')
INSERT INTO [dbo].[GridAreaLinks] ([Id],[GridAreaId]) VALUES ('f70df035-217b-4337-be72-31adcb637981','268e002b-52fa-43bb-88e1-5eee7b29ecbc')
INSERT INTO [dbo].[GridAreaLinks] ([Id],[GridAreaId]) VALUES ('4929e1e9-dad8-403d-a6c2-3325ae9e3e7a','589d5229-d9bf-4089-af82-71c604f8f53d')
INSERT INTO [dbo].[GridAreaLinks] ([Id],[GridAreaId]) VALUES ('3d8c1724-0431-41b9-8a17-3354eec1bfa8','9827c5c5-0014-4044-8f63-e03b270094b7')
INSERT INTO [dbo].[GridAreaLinks] ([Id],[GridAreaId]) VALUES ('a3df2e2e-39a1-478b-9b4d-3adf21ebcc65','bf863ea8-8cf3-4ba3-b568-6c7175f47a69')
INSERT INTO [dbo].[GridAreaLinks] ([Id],[GridAreaId]) VALUES ('073fb26a-b29d-4083-9a78-3b346e3db547','8a8d565b-f122-445c-ba28-eeec3afae608')
INSERT INTO [dbo].[GridAreaLinks] ([Id],[GridAreaId]) VALUES ('6e1f4c37-8675-4dfa-9da0-3dd2f108280e','b128c1d9-1519-4d85-b675-38ae69d02206')
INSERT INTO [dbo].[GridAreaLinks] ([Id],[GridAreaId]) VALUES ('f1a06e61-294a-46cd-8800-416b642c060b','99775019-80f1-4587-aaee-88f1b4fcea4c')
INSERT INTO [dbo].[GridAreaLinks] ([Id],[GridAreaId]) VALUES ('992265b3-8ee1-44e1-a75d-46561eb59575','f1b0d811-c334-44de-b5ba-79f17b807fbc')
INSERT INTO [dbo].[GridAreaLinks] ([Id],[GridAreaId]) VALUES ('c86fd83f-c8ec-45a0-8915-54aba3b99e4e','e2b2ea7b-4300-4cb0-93cc-ee33ab8f3b30')
INSERT INTO [dbo].[GridAreaLinks] ([Id],[GridAreaId]) VALUES ('54651907-390d-414c-a319-598254fe5b28','0cf56e44-d021-411c-936d-3979d8b2c49c')
INSERT INTO [dbo].[GridAreaLinks] ([Id],[GridAreaId]) VALUES ('74bd1e1a-46ca-4a4a-a466-5ca1c885153b','2f8197d5-05a7-4f68-957c-73d95d1c9289')
INSERT INTO [dbo].[GridAreaLinks] ([Id],[GridAreaId]) VALUES ('0db09df2-8b1f-4030-8fdf-5fa0074742b4','972b1d50-20e7-47eb-b665-b8ef2e3c44e5')
INSERT INTO [dbo].[GridAreaLinks] ([Id],[GridAreaId]) VALUES ('2ae8f968-f798-4379-a667-60391dfbbfb4','2285dcb4-0bdd-4ec9-90cc-d757a062fb86')
INSERT INTO [dbo].[GridAreaLinks] ([Id],[GridAreaId]) VALUES ('8a89529e-c962-4b6b-9ea9-63699ba66b58','0ec2a713-b029-40a6-8e6c-e1148fbef6b4')
INSERT INTO [dbo].[GridAreaLinks] ([Id],[GridAreaId]) VALUES ('d7897f3e-24f8-400a-a731-6d0f338a3aaa','079075a2-38d2-4df0-98c2-ce7ceede48c6')
INSERT INTO [dbo].[GridAreaLinks] ([Id],[GridAreaId]) VALUES ('533fa5c6-a970-4048-a113-7447a45e3259','0b877f87-d635-47a5-b545-2c137abbf0d8')
INSERT INTO [dbo].[GridAreaLinks] ([Id],[GridAreaId]) VALUES ('70662158-531d-4557-baea-77730adf8912','3d10d2c3-8b2f-42ca-9de9-a7b366596470')
INSERT INTO [dbo].[GridAreaLinks] ([Id],[GridAreaId]) VALUES ('15f37840-6322-4ad3-a982-7af49ee6cfe4','34d6a61e-0996-438b-89cd-ee0a1c73efc0')
INSERT INTO [dbo].[GridAreaLinks] ([Id],[GridAreaId]) VALUES ('70f9ee21-7f82-4602-b835-7d031bb98e85','4fcb017d-3721-41ee-8f69-f984b4f190f2')
INSERT INTO [dbo].[GridAreaLinks] ([Id],[GridAreaId]) VALUES ('62c04451-1c60-4232-ab28-7f1c2fe3d5ed','c5ee11ed-1d93-439d-8c6d-fabf993c7a3c')
INSERT INTO [dbo].[GridAreaLinks] ([Id],[GridAreaId]) VALUES ('21ab3987-2f81-400e-a9ba-833497fce647','454db06d-3bf4-40e5-ae67-ddb8986a2479')
INSERT INTO [dbo].[GridAreaLinks] ([Id],[GridAreaId]) VALUES ('bc168f0a-a709-4e28-8299-8ef2634e146b','13543647-4760-4ac9-80e8-f6519b9c09c9')
INSERT INTO [dbo].[GridAreaLinks] ([Id],[GridAreaId]) VALUES ('39a4c1da-3d20-43be-a84b-92361e5dde6a','d45f9498-1954-4c7d-8e9c-0d4a2aba058b')
INSERT INTO [dbo].[GridAreaLinks] ([Id],[GridAreaId]) VALUES ('908d24b3-5dcd-4733-9a61-a06613cfc59d','47381d20-a583-45a4-836b-636c43603179')
INSERT INTO [dbo].[GridAreaLinks] ([Id],[GridAreaId]) VALUES ('c3b3cf4d-3c26-4bad-8b71-a4ef8e03ab93','5327de58-cf1d-40a3-942f-98398a3594aa')
INSERT INTO [dbo].[GridAreaLinks] ([Id],[GridAreaId]) VALUES ('c6ed4473-3378-4232-abee-a72d0d4ffbbb','f4b3fdf9-ab8f-47bb-b49a-9155949611dc')
INSERT INTO [dbo].[GridAreaLinks] ([Id],[GridAreaId]) VALUES ('92a0ed58-61c9-44be-ac50-ab03ce5e8995','2aa10797-d52e-4d02-9a17-f52860fb94b8')
INSERT INTO [dbo].[GridAreaLinks] ([Id],[GridAreaId]) VALUES ('94eeeb60-2922-45f9-be56-ac5bed9093e9','4ee13230-3716-468f-96ee-01b15f054530')
INSERT INTO [dbo].[GridAreaLinks] ([Id],[GridAreaId]) VALUES ('208a441a-5681-4a25-91e7-afe75c2dbbc8','73f40306-3806-418e-b29e-c65c8ff9de29')
INSERT INTO [dbo].[GridAreaLinks] ([Id],[GridAreaId]) VALUES ('d536222f-c8b9-47dd-a170-b0bfd5c4ecb9','4e0cecd5-e276-4287-a103-6800f38cdb92')
INSERT INTO [dbo].[GridAreaLinks] ([Id],[GridAreaId]) VALUES ('c2a23408-3c06-427c-b24e-b94c22433277','58fd7cac-326a-4556-9fb4-59d68f406768')
INSERT INTO [dbo].[GridAreaLinks] ([Id],[GridAreaId]) VALUES ('54f88c75-7c60-4813-b9ec-b9e14b0e6837','2ef1e1cc-61e1-419f-a9a7-f101f80d00fe')
INSERT INTO [dbo].[GridAreaLinks] ([Id],[GridAreaId]) VALUES ('840eab71-0fec-44d1-bbeb-bd9beb15c801','7ce2d3e1-2fac-49e3-bf46-de75c5f8b714')
INSERT INTO [dbo].[GridAreaLinks] ([Id],[GridAreaId]) VALUES ('6ad1a892-a647-494e-ac57-c371101c4df5','0b923230-9101-40fb-b798-563176faf3ab')
INSERT INTO [dbo].[GridAreaLinks] ([Id],[GridAreaId]) VALUES ('3fb9b1fe-90a7-4ac0-9837-c4b2e0616ee5','1db4ea8d-a6af-46f5-a623-24c79bca77ad')
INSERT INTO [dbo].[GridAreaLinks] ([Id],[GridAreaId]) VALUES ('5d01eaf7-0190-46f2-9131-c4df73aaef80','7b360e33-6e79-43d2-ad58-306f88ad22c2')
INSERT INTO [dbo].[GridAreaLinks] ([Id],[GridAreaId]) VALUES ('69890200-cf13-4565-b284-c7c1e56f333d','be4dd3fa-b91e-4539-9868-0eaa1a0e4728')
INSERT INTO [dbo].[GridAreaLinks] ([Id],[GridAreaId]) VALUES ('be0eed68-ee97-4f24-ac2f-d16ccc5c5407','f05fa661-555e-4c37-a541-a2c3e07eea66')
INSERT INTO [dbo].[GridAreaLinks] ([Id],[GridAreaId]) VALUES ('96c34aff-5525-48e0-9160-d45cda393621','0e797976-a83b-42c4-8a1b-bf3a9f642e1a')
INSERT INTO [dbo].[GridAreaLinks] ([Id],[GridAreaId]) VALUES ('1a853af8-0c00-4cb1-8eeb-d4eb069a6d34','96c0e70d-bbdf-45e3-babb-988ffeba26b1')
INSERT INTO [dbo].[GridAreaLinks] ([Id],[GridAreaId]) VALUES ('8d153490-51a1-4d1d-87f7-d5cce77373e6','b804a9e5-b7dd-4a2e-ab45-36cd38e2327a')
INSERT INTO [dbo].[GridAreaLinks] ([Id],[GridAreaId]) VALUES ('718d8fc2-6fa5-4dbd-a104-d68407148666','d209da7a-94f6-41d7-88b5-6a2b793f0529')
INSERT INTO [dbo].[GridAreaLinks] ([Id],[GridAreaId]) VALUES ('1c84a957-b7a9-429b-b6ba-d759cb1babc8','29dbf781-171c-4d04-a109-59cc00ccc69c')
INSERT INTO [dbo].[GridAreaLinks] ([Id],[GridAreaId]) VALUES ('df1c7335-4df7-4dbd-8abf-dcdc960897e6','57786e64-fc34-4a31-8361-5b319a5a30b6')
INSERT INTO [dbo].[GridAreaLinks] ([Id],[GridAreaId]) VALUES ('c0eac818-8ff5-4d61-a39c-e595fdfc2c92','fa5efbcc-1dee-4ee5-acb5-979d4a64b583')
INSERT INTO [dbo].[GridAreaLinks] ([Id],[GridAreaId]) VALUES ('82c769b3-3932-4d17-af91-f9c407938344','5db85342-fb33-40c2-9814-8c9123a69a34')
INSERT INTO [dbo].[GridAreaLinks] ([Id],[GridAreaId]) VALUES ('6faa3777-edcc-4ebb-9f4b-fec16f917352','53543859-a23f-444b-9bfc-5aad5b116fbf')

INSERT INTO [dbo].[User] ([Id]) VALUES ('2d85a84d-4d30-444d-878b-013d0b09c942')
INSERT INTO [dbo].[User] ([Id]) VALUES ('59d70458-be5d-406e-add4-07f66f53c165')
INSERT INTO [dbo].[User] ([Id]) VALUES ('de74e71c-2625-480d-82c8-0abf1caacfc7')
INSERT INTO [dbo].[User] ([Id]) VALUES ('c47e0e77-1b23-4aca-8f96-0c2bda6656e7')
INSERT INTO [dbo].[User] ([Id]) VALUES ('6af374f3-d6eb-46ed-a919-0f257006fb13')
INSERT INTO [dbo].[User] ([Id]) VALUES ('91793c48-4705-450d-a993-14354e015d23')
INSERT INTO [dbo].[User] ([Id]) VALUES ('9b7fb5ae-7b75-432a-8131-14c81e39686a')
INSERT INTO [dbo].[User] ([Id]) VALUES ('e7dbbcda-752c-48bb-8171-162ff89520d6')
INSERT INTO [dbo].[User] ([Id]) VALUES ('4951210b-1be1-4e06-a592-16358a82a04d')
INSERT INTO [dbo].[User] ([Id]) VALUES ('aaff0dc2-a1ec-40de-acd8-16e9d6f31d3c')
INSERT INTO [dbo].[User] ([Id]) VALUES ('943ddc46-ab35-4992-8bc4-1742244e4066')
INSERT INTO [dbo].[User] ([Id]) VALUES ('5fc524b4-5342-4a4a-9802-177fbc99cc17')
INSERT INTO [dbo].[User] ([Id]) VALUES ('2251023b-ad98-418f-9803-18f720e4f4ec')
INSERT INTO [dbo].[User] ([Id]) VALUES ('339428ed-d150-45a5-9c50-1958a76bdabb')
INSERT INTO [dbo].[User] ([Id]) VALUES ('06762b55-e14d-4d98-9277-1a7e409499bd')
INSERT INTO [dbo].[User] ([Id]) VALUES ('5128f581-45ab-4788-abe2-1aa4df82fde4')
INSERT INTO [dbo].[User] ([Id]) VALUES ('5283d243-d79b-4ca3-950f-1ac945618328')
INSERT INTO [dbo].[User] ([Id]) VALUES ('f7de83b9-8313-4066-8ac5-1c3f49730d64')
INSERT INTO [dbo].[User] ([Id]) VALUES ('f70c0990-6ad3-4a86-9fb5-1cb05268c0f0')
INSERT INTO [dbo].[User] ([Id]) VALUES ('f520270f-e8b7-4094-abb1-1d6695b23620')
INSERT INTO [dbo].[User] ([Id]) VALUES ('6d67f54a-a6f5-415d-9b8b-1e4dcc6a9787')
INSERT INTO [dbo].[User] ([Id]) VALUES ('ca36388f-efef-45d4-90dc-223e4e15e9a9')
INSERT INTO [dbo].[User] ([Id]) VALUES ('1e759044-aabf-49b7-b438-2581001bce32')
INSERT INTO [dbo].[User] ([Id]) VALUES ('3bdbb30b-9324-4ac0-b485-27f13eb9c12c')
INSERT INTO [dbo].[User] ([Id]) VALUES ('89880be0-1d80-44ce-8c61-2817e0d8a20a')
INSERT INTO [dbo].[User] ([Id]) VALUES ('7f4acb2d-1f9f-4f5b-a1d1-28fd0afc0824')
INSERT INTO [dbo].[User] ([Id]) VALUES ('d8a11c57-272a-48f8-9b2a-2994bd6b15cf')
INSERT INTO [dbo].[User] ([Id]) VALUES ('389b87f5-61c6-4eb5-aff2-2b0958fe7b6b')
INSERT INTO [dbo].[User] ([Id]) VALUES ('8c7c3fa7-00f2-4cd7-8208-2d98ff21d07b')
INSERT INTO [dbo].[User] ([Id]) VALUES ('6e986dd5-c5a2-48e9-8834-2eb620d1c108')
INSERT INTO [dbo].[User] ([Id]) VALUES ('64266670-31b1-4b67-959e-2fe2155e5dae')
INSERT INTO [dbo].[User] ([Id]) VALUES ('977d58d7-cdb9-4bac-915b-31378a8deecd')
INSERT INTO [dbo].[User] ([Id]) VALUES ('fb12b5df-a246-4f37-a4a4-32f75cc764d9')
INSERT INTO [dbo].[User] ([Id]) VALUES ('89f20a56-f529-4263-bb6c-34dd9bc8788c')
INSERT INTO [dbo].[User] ([Id]) VALUES ('864a73fe-fd35-46d2-b948-36367f6186db')
INSERT INTO [dbo].[User] ([Id]) VALUES ('52d22414-e419-4d46-a5c8-364301e83a78')
INSERT INTO [dbo].[User] ([Id]) VALUES ('a7a3b4dc-71f9-4e57-b137-36fff385ddb7')
INSERT INTO [dbo].[User] ([Id]) VALUES ('ca450fe7-cbe4-435c-a049-39203c644f10')
INSERT INTO [dbo].[User] ([Id]) VALUES ('37a937f5-8727-45ec-b1c3-3d677120c220')
INSERT INTO [dbo].[User] ([Id]) VALUES ('761a8bda-26d1-4c53-8e65-3e3722193f8d')
INSERT INTO [dbo].[User] ([Id]) VALUES ('dc3425d1-e557-489b-959e-3fdcd0db9389')
INSERT INTO [dbo].[User] ([Id]) VALUES ('7f59e71b-ec3e-4403-87af-4575967a36f8')
INSERT INTO [dbo].[User] ([Id]) VALUES ('6e065fdc-c0d9-450c-9bfb-45a4cf77c7e6')
INSERT INTO [dbo].[User] ([Id]) VALUES ('80892f1a-5a9a-466b-a86f-45e98588dc6d')
INSERT INTO [dbo].[User] ([Id]) VALUES ('a4a82d1d-d200-46c0-b138-47f015daa84f')
INSERT INTO [dbo].[User] ([Id]) VALUES ('002df347-4475-4b95-ba2b-4902388fcb71')
INSERT INTO [dbo].[User] ([Id]) VALUES ('761a60b7-ed40-4f23-ac6a-4a2b573c0f1a')
INSERT INTO [dbo].[User] ([Id]) VALUES ('55c75f0d-ec0b-4508-877f-4a568f45f7d0')
INSERT INTO [dbo].[User] ([Id]) VALUES ('46fdc795-d750-4e52-bd4d-4d6f758b4fe0')
INSERT INTO [dbo].[User] ([Id]) VALUES ('cc115aa4-b3aa-4afc-9ea2-516bb14cdf5f')
INSERT INTO [dbo].[User] ([Id]) VALUES ('b2e59d32-31f1-4657-8ea2-51f225339397')
INSERT INTO [dbo].[User] ([Id]) VALUES ('2b090b59-51c9-4d34-b499-53fa350b5540')
INSERT INTO [dbo].[User] ([Id]) VALUES ('eac422f9-2161-4b14-82d8-5495a97fcbe8')
INSERT INTO [dbo].[User] ([Id]) VALUES ('7d42f9ee-8915-412d-a03a-54ac6cdc40e3')
INSERT INTO [dbo].[User] ([Id]) VALUES ('b6e55220-cba7-47c5-bb11-5966c8e38a6c')
INSERT INTO [dbo].[User] ([Id]) VALUES ('a459b89f-ab45-4e6f-9d8b-5b2199a5e32c')
INSERT INTO [dbo].[User] ([Id]) VALUES ('57a79a65-9be2-4f02-8027-5c806fc8dd62')
INSERT INTO [dbo].[User] ([Id]) VALUES ('54e61697-3314-4f26-a8d2-5dea9b679e85')
INSERT INTO [dbo].[User] ([Id]) VALUES ('c4a478f7-5e3f-4112-9591-5e524a6232bf')
INSERT INTO [dbo].[User] ([Id]) VALUES ('cce395fb-fab3-458b-8eaf-61fb40b4d564')
INSERT INTO [dbo].[User] ([Id]) VALUES ('2288c650-6cc2-469e-b37e-6785cc2a6d96')
INSERT INTO [dbo].[User] ([Id]) VALUES ('9390a5a5-acbc-4075-b23a-683c53684f3e')
INSERT INTO [dbo].[User] ([Id]) VALUES ('a2dac10d-7a12-4971-a89b-6ab134293df9')
INSERT INTO [dbo].[User] ([Id]) VALUES ('0b5d57c9-9419-41f5-b109-6c33e85925ba')
INSERT INTO [dbo].[User] ([Id]) VALUES ('6543508b-eb89-4f26-8f8e-6c605631668e')
INSERT INTO [dbo].[User] ([Id]) VALUES ('38c33a52-77cb-4770-8eff-6f52ac048244')
INSERT INTO [dbo].[User] ([Id]) VALUES ('25499d8c-8d8a-45e1-93a3-74011c07b1b3')
INSERT INTO [dbo].[User] ([Id]) VALUES ('54ed6501-9bbe-4dff-8e8d-745d18e30c3d')
INSERT INTO [dbo].[User] ([Id]) VALUES ('753acb50-227a-46b0-8e4d-750e94e52e09')
INSERT INTO [dbo].[User] ([Id]) VALUES ('de7f62c3-abaa-46fa-bbab-764cb2dffb4a')
INSERT INTO [dbo].[User] ([Id]) VALUES ('deb95ad6-18d1-4820-bd4d-7a8740c497ec')
INSERT INTO [dbo].[User] ([Id]) VALUES ('5cd4b792-c9ba-4302-872e-7bf86df2c991')
INSERT INTO [dbo].[User] ([Id]) VALUES ('7ed4b06c-c573-4e46-9b65-7dda9b1531d8')
INSERT INTO [dbo].[User] ([Id]) VALUES ('d7aef1e1-0979-436f-b1a0-8ba97fe7ef94')
INSERT INTO [dbo].[User] ([Id]) VALUES ('e24a7b61-1e28-4a89-b5c1-8ecb77441bee')
INSERT INTO [dbo].[User] ([Id]) VALUES ('df66bc94-17e4-420a-bf1b-8f8774fe3dd7')
INSERT INTO [dbo].[User] ([Id]) VALUES ('8a36c0cf-5f16-40c5-a7fd-910f0a200209')
INSERT INTO [dbo].[User] ([Id]) VALUES ('c9f20c64-75b6-4219-b7d2-9cc2d8ed6a7e')
INSERT INTO [dbo].[User] ([Id]) VALUES ('4b32b1b7-83b2-46df-b52a-9daacc75a64b')
INSERT INTO [dbo].[User] ([Id]) VALUES ('9f801a4b-3015-4772-8ca4-9ec79932b13f')
INSERT INTO [dbo].[User] ([Id]) VALUES ('145bb2ed-e8a8-4f22-8d9f-9ff32c3d4055')
INSERT INTO [dbo].[User] ([Id]) VALUES ('ebbbda78-27d1-434e-8d7a-9ffd9c676c3a')
INSERT INTO [dbo].[User] ([Id]) VALUES ('965babf9-7700-49f1-a57d-a009c35a8e29')
INSERT INTO [dbo].[User] ([Id]) VALUES ('54134a83-8a98-4342-a5de-a04b37e02040')
INSERT INTO [dbo].[User] ([Id]) VALUES ('e0d9b5dd-31d4-41cb-968d-a203e6178386')
INSERT INTO [dbo].[User] ([Id]) VALUES ('7edc2020-e784-4aed-8cd8-a254806a21c4')
INSERT INTO [dbo].[User] ([Id]) VALUES ('58a495bf-054b-4c62-87b6-a5cfff59c525')
INSERT INTO [dbo].[User] ([Id]) VALUES ('531b3623-4ea8-42e8-8e8a-a728d5aa4622')
INSERT INTO [dbo].[User] ([Id]) VALUES ('6023930b-db51-425c-98de-a7d514294583')
INSERT INTO [dbo].[User] ([Id]) VALUES ('72d0ee8f-7687-4981-88ce-aa7031e9feec')
INSERT INTO [dbo].[User] ([Id]) VALUES ('09770bb4-6844-49ec-a875-ad3c15bcdac8')
INSERT INTO [dbo].[User] ([Id]) VALUES ('a9241542-2732-46d5-9bfd-ad93f7a49f12')
INSERT INTO [dbo].[User] ([Id]) VALUES ('afb96804-2447-41f7-ac64-b4219fd1fd8b')
INSERT INTO [dbo].[User] ([Id]) VALUES ('ccbdb364-2075-4b89-a860-b49da6fac6ab')
INSERT INTO [dbo].[User] ([Id]) VALUES ('6a7f77dc-7c6c-4535-960b-b50e5ace668c')
INSERT INTO [dbo].[User] ([Id]) VALUES ('3dc0084e-2538-4bbf-9b53-b741c1dd0fa2')
INSERT INTO [dbo].[User] ([Id]) VALUES ('be9ee0dc-0c13-48c7-9aaa-b76f765c059c')
INSERT INTO [dbo].[User] ([Id]) VALUES ('3640eaf7-63b5-4d0c-bf5d-b790b0b24025')
INSERT INTO [dbo].[User] ([Id]) VALUES ('40220326-5d28-4702-a395-b8029038a149')
INSERT INTO [dbo].[User] ([Id]) VALUES ('7d219acb-8198-4543-8885-b9d04a94ca5c')
INSERT INTO [dbo].[User] ([Id]) VALUES ('bad13775-7a78-4761-85d4-ba3e595392c6')
INSERT INTO [dbo].[User] ([Id]) VALUES ('681e0395-82d9-4947-8843-bb5c3bba4fed')
INSERT INTO [dbo].[User] ([Id]) VALUES ('5383221c-3dd1-49c7-a30a-c48493e1c937')
INSERT INTO [dbo].[User] ([Id]) VALUES ('8633f1c6-fe29-4e75-95fd-c64344087021')
INSERT INTO [dbo].[User] ([Id]) VALUES ('456226de-c789-4321-a6e2-c730c119eded')
INSERT INTO [dbo].[User] ([Id]) VALUES ('e095a2af-ace0-4a3e-a88f-c9dd63dadad6')
INSERT INTO [dbo].[User] ([Id]) VALUES ('a05dcfaa-99fc-4783-a08c-ca72572db428')
INSERT INTO [dbo].[User] ([Id]) VALUES ('0dcad398-8179-498b-8dda-cadb332977d7')
INSERT INTO [dbo].[User] ([Id]) VALUES ('bb5bc5b7-699d-43dd-ba84-cb9ff125c4fa')
INSERT INTO [dbo].[User] ([Id]) VALUES ('a65cd854-6d29-413b-bf65-cbae769fdcb7')
INSERT INTO [dbo].[User] ([Id]) VALUES ('c984eefb-3f06-4458-8e4f-d15aec8c2da0')
INSERT INTO [dbo].[User] ([Id]) VALUES ('e7326ac7-3a69-4d75-8d0e-d255a9e72328')
INSERT INTO [dbo].[User] ([Id]) VALUES ('da7cc5f9-0378-44e7-9945-d566abc97ddb')
INSERT INTO [dbo].[User] ([Id]) VALUES ('82f7c84c-4008-4524-99f9-d76d2a9d2864')
INSERT INTO [dbo].[User] ([Id]) VALUES ('e772c735-e405-4460-b330-d9f3c0007495')
INSERT INTO [dbo].[User] ([Id]) VALUES ('d4d6db92-1291-4cf6-9512-da859c7b503e')
INSERT INTO [dbo].[User] ([Id]) VALUES ('9a621ec8-c76a-4926-bb73-dc7dbbdbfda8')
INSERT INTO [dbo].[User] ([Id]) VALUES ('a4ffa131-6bb8-414d-ae40-dfed8b01fd19')
INSERT INTO [dbo].[User] ([Id]) VALUES ('c5cc7214-ba3c-42ed-8067-e132368352d5')
INSERT INTO [dbo].[User] ([Id]) VALUES ('0486b297-2620-4f85-b146-e41d88f9454e')
INSERT INTO [dbo].[User] ([Id]) VALUES ('4756a304-66f3-4a21-85a3-e51bbd016844')
INSERT INTO [dbo].[User] ([Id]) VALUES ('e6cca180-718c-446e-b8bb-e7086ee39c34')
INSERT INTO [dbo].[User] ([Id]) VALUES ('92f50660-69ea-46d4-99c9-eab74132a60a')
INSERT INTO [dbo].[User] ([Id]) VALUES ('7c0f5d09-1afa-4f52-9f51-f00452042395')
INSERT INTO [dbo].[User] ([Id]) VALUES ('d962b04e-9050-43df-b777-f1e20ad0e820')
INSERT INTO [dbo].[User] ([Id]) VALUES ('d10e1b75-40f3-4301-a920-f1eedd18daec')
INSERT INTO [dbo].[User] ([Id]) VALUES ('09dfbb25-f9d2-4cfe-8d05-f39da7068ecd')
INSERT INTO [dbo].[User] ([Id]) VALUES ('116353dc-de65-41f8-9b44-f4a96d191f2f')
INSERT INTO [dbo].[User] ([Id]) VALUES ('f4d23572-d35d-407f-a9ab-f5f681583f29')
INSERT INTO [dbo].[User] ([Id]) VALUES ('65aa9889-791c-4a1a-9b86-f64efaf39f62')
INSERT INTO [dbo].[User] ([Id]) VALUES ('85e6cd69-9f48-4754-a37d-f6dbc82527c1')
INSERT INTO [dbo].[User] ([Id]) VALUES ('8a4a2dd9-cdd0-4dff-9fa9-f774582acaca')
INSERT INTO [dbo].[User] ([Id]) VALUES ('39a02315-8492-4770-94bd-f82464b9e6d3')
INSERT INTO [dbo].[User] ([Id]) VALUES ('c75fa988-30de-4ee6-9e9e-fc78313c2c16')
INSERT INTO [dbo].[User] ([Id]) VALUES ('22628d3f-51ad-47a2-b93f-fcc438a03cc8')
INSERT INTO [dbo].[User] ([Id]) VALUES ('98333c4f-baea-4dbb-96ca-fef79c479dff')
INSERT INTO [dbo].[User] ([Id]) VALUES ('a3fc0616-ad9b-4e5e-afa6-fffdedc037f7')

INSERT INTO [dbo].[UserActor] (UserId, ActorId) VALUES ('59d70458-be5d-406e-add4-07f66f53c165', 'af450c03-1937-4ea1-bb66-17b6e4aa51f5')
INSERT INTO [dbo].[UserActor] (UserId, ActorId) VALUES ('59d70458-be5d-406e-add4-07f66f53c165', 'c2059ddf-ad04-4a99-bc98-2c6fde857025')
INSERT INTO [dbo].[UserActor] (UserId, ActorId) VALUES ('59d70458-be5d-406e-add4-07f66f53c165', 'e52427c2-204b-4cf2-beec-35b95f935619')
INSERT INTO [dbo].[UserActor] (UserId, ActorId) VALUES ('59d70458-be5d-406e-add4-07f66f53c165', 'a982de1f-3703-4e3c-be56-4e54418a2a59')
INSERT INTO [dbo].[UserActor] (UserId, ActorId) VALUES ('59d70458-be5d-406e-add4-07f66f53c165', '0fc7e028-3157-48f2-8744-5c23effe857d')
INSERT INTO [dbo].[UserActor] (UserId, ActorId) VALUES ('59d70458-be5d-406e-add4-07f66f53c165', 'bb71f037-692d-4bcd-9c79-741ad90e33ca')
INSERT INTO [dbo].[UserActor] (UserId, ActorId) VALUES ('59d70458-be5d-406e-add4-07f66f53c165', 'a4abd4ad-4ff3-4e93-a86d-7b164910ca34')
INSERT INTO [dbo].[UserActor] (UserId, ActorId) VALUES ('59d70458-be5d-406e-add4-07f66f53c165', '158725db-35b5-4740-8ba4-80c616ec9f92')
INSERT INTO [dbo].[UserActor] (UserId, ActorId) VALUES ('59d70458-be5d-406e-add4-07f66f53c165', 'cb2266e1-7acd-49f7-95ae-858ef7800e39')
INSERT INTO [dbo].[UserActor] (UserId, ActorId) VALUES ('59d70458-be5d-406e-add4-07f66f53c165', 'b65bf5d4-16ed-415a-bc42-90331d2f8eaf')
INSERT INTO [dbo].[UserActor] (UserId, ActorId) VALUES ('59d70458-be5d-406e-add4-07f66f53c165', 'b8f00060-e02a-4418-a1bd-963778473238')
INSERT INTO [dbo].[UserActor] (UserId, ActorId) VALUES ('59d70458-be5d-406e-add4-07f66f53c165', 'd49bc21d-87c0-426b-bd2d-a097a91de611')
INSERT INTO [dbo].[UserActor] (UserId, ActorId) VALUES ('59d70458-be5d-406e-add4-07f66f53c165', 'ef69b130-1ead-4e58-a926-a2b1154d7e2a')
INSERT INTO [dbo].[UserActor] (UserId, ActorId) VALUES ('59d70458-be5d-406e-add4-07f66f53c165', '55878bd4-ef25-4f2e-8ba8-b2f3cca962e6')
INSERT INTO [dbo].[UserActor] (UserId, ActorId) VALUES ('59d70458-be5d-406e-add4-07f66f53c165', 'f718ac37-9b7f-42dc-943e-bd211ea044ff')
INSERT INTO [dbo].[UserActor] (UserId, ActorId) VALUES ('59d70458-be5d-406e-add4-07f66f53c165', '1e2cc2e8-670e-40fa-bfae-be0fec70e9aa')
INSERT INTO [dbo].[UserActor] (UserId, ActorId) VALUES ('59d70458-be5d-406e-add4-07f66f53c165', '20284dd9-8586-4b9d-87b3-e1f29faec8fd')
INSERT INTO [dbo].[UserActor] (UserId, ActorId) VALUES ('59d70458-be5d-406e-add4-07f66f53c165', '5ed12387-2926-4a93-a76c-e779d2b54f4a')
INSERT INTO [dbo].[UserActor] (UserId, ActorId) VALUES ('de74e71c-2625-480d-82c8-0abf1caacfc7', 'add5bf67-9f24-4ebb-94a6-22dfc1e465cf')
INSERT INTO [dbo].[UserActor] (UserId, ActorId) VALUES ('c47e0e77-1b23-4aca-8f96-0c2bda6656e7', '83510249-9f7c-4827-a67c-499a3a94f533')
INSERT INTO [dbo].[UserActor] (UserId, ActorId) VALUES ('c47e0e77-1b23-4aca-8f96-0c2bda6656e7', '0e223e42-bed4-4778-a973-8d0ad9813f71')
INSERT INTO [dbo].[UserActor] (UserId, ActorId) VALUES ('c47e0e77-1b23-4aca-8f96-0c2bda6656e7', '09591f53-b531-4db5-bb66-a2f52a393d82')
INSERT INTO [dbo].[UserActor] (UserId, ActorId) VALUES ('9b7fb5ae-7b75-432a-8131-14c81e39686a', '03603af3-8f70-4b23-b369-454aec9fb4f4')
INSERT INTO [dbo].[UserActor] (UserId, ActorId) VALUES ('9b7fb5ae-7b75-432a-8131-14c81e39686a', '83510249-9f7c-4827-a67c-499a3a94f533')
INSERT INTO [dbo].[UserActor] (UserId, ActorId) VALUES ('9b7fb5ae-7b75-432a-8131-14c81e39686a', '0e223e42-bed4-4778-a973-8d0ad9813f71')
INSERT INTO [dbo].[UserActor] (UserId, ActorId) VALUES ('9b7fb5ae-7b75-432a-8131-14c81e39686a', '09591f53-b531-4db5-bb66-a2f52a393d82')
INSERT INTO [dbo].[UserActor] (UserId, ActorId) VALUES ('e7dbbcda-752c-48bb-8171-162ff89520d6', '8e6124b1-36f0-43ac-b022-73d9c0fde334')
INSERT INTO [dbo].[UserActor] (UserId, ActorId) VALUES ('e7dbbcda-752c-48bb-8171-162ff89520d6', 'f9b5e62b-3576-4cc6-81b7-ccdea2010d41')
INSERT INTO [dbo].[UserActor] (UserId, ActorId) VALUES ('e7dbbcda-752c-48bb-8171-162ff89520d6', '3437964d-ebaa-448a-abfd-eb589228f0e9')
INSERT INTO [dbo].[UserActor] (UserId, ActorId) VALUES ('aaff0dc2-a1ec-40de-acd8-16e9d6f31d3c', '3000e8c2-0dc0-4532-a40d-01ca17fe0d08')
INSERT INTO [dbo].[UserActor] (UserId, ActorId) VALUES ('aaff0dc2-a1ec-40de-acd8-16e9d6f31d3c', '2a0fd613-bb31-455b-9182-0534ac42ba59')
INSERT INTO [dbo].[UserActor] (UserId, ActorId) VALUES ('aaff0dc2-a1ec-40de-acd8-16e9d6f31d3c', '5b294533-eb98-4073-8477-094e720c903c')
INSERT INTO [dbo].[UserActor] (UserId, ActorId) VALUES ('aaff0dc2-a1ec-40de-acd8-16e9d6f31d3c', '27f168a8-a23c-48f1-88aa-116ed7fd2bc1')
INSERT INTO [dbo].[UserActor] (UserId, ActorId) VALUES ('aaff0dc2-a1ec-40de-acd8-16e9d6f31d3c', 'e47fd7e8-114a-4e5f-bc7c-19d12fd2d884')
INSERT INTO [dbo].[UserActor] (UserId, ActorId) VALUES ('aaff0dc2-a1ec-40de-acd8-16e9d6f31d3c', '4532d655-b91d-4d6d-8103-1b8471e0bdc6')
INSERT INTO [dbo].[UserActor] (UserId, ActorId) VALUES ('aaff0dc2-a1ec-40de-acd8-16e9d6f31d3c', 'a363a555-e88b-4cde-a22b-1fd52854ec05')
INSERT INTO [dbo].[UserActor] (UserId, ActorId) VALUES ('aaff0dc2-a1ec-40de-acd8-16e9d6f31d3c', 'dd85c8e2-7e6a-4489-bbf2-20b10acd8077')
INSERT INTO [dbo].[UserActor] (UserId, ActorId) VALUES ('aaff0dc2-a1ec-40de-acd8-16e9d6f31d3c', '80146b69-ad6a-4f35-99f7-21db436d9bff')
INSERT INTO [dbo].[UserActor] (UserId, ActorId) VALUES ('aaff0dc2-a1ec-40de-acd8-16e9d6f31d3c', '7fd4af08-11e5-46f1-b0e5-29c00c2f733f')
INSERT INTO [dbo].[UserActor] (UserId, ActorId) VALUES ('aaff0dc2-a1ec-40de-acd8-16e9d6f31d3c', '08707473-ce69-4699-9780-2c118dd527cf')
INSERT INTO [dbo].[UserActor] (UserId, ActorId) VALUES ('aaff0dc2-a1ec-40de-acd8-16e9d6f31d3c', '38312a77-50b5-41ce-bd5e-2d0ad7500c0a')
INSERT INTO [dbo].[UserActor] (UserId, ActorId) VALUES ('aaff0dc2-a1ec-40de-acd8-16e9d6f31d3c', 'bfa610c6-c732-4613-9860-2dc04e0894dd')
INSERT INTO [dbo].[UserActor] (UserId, ActorId) VALUES ('aaff0dc2-a1ec-40de-acd8-16e9d6f31d3c', '14f60355-af6c-4267-a89f-2f20c07ea8ad')
INSERT INTO [dbo].[UserActor] (UserId, ActorId) VALUES ('aaff0dc2-a1ec-40de-acd8-16e9d6f31d3c', 'fa2837d8-430d-4182-871f-304ac4844043')
INSERT INTO [dbo].[UserActor] (UserId, ActorId) VALUES ('aaff0dc2-a1ec-40de-acd8-16e9d6f31d3c', '8ff5c6cf-4b5b-456a-8a58-337efd49aa3b')
INSERT INTO [dbo].[UserActor] (UserId, ActorId) VALUES ('aaff0dc2-a1ec-40de-acd8-16e9d6f31d3c', '3a4ff827-748e-4b1c-a7a2-357e1da5b4ac')
INSERT INTO [dbo].[UserActor] (UserId, ActorId) VALUES ('aaff0dc2-a1ec-40de-acd8-16e9d6f31d3c', 'c316bc8f-f89b-48da-a0c2-36e972b7ed7d')
INSERT INTO [dbo].[UserActor] (UserId, ActorId) VALUES ('aaff0dc2-a1ec-40de-acd8-16e9d6f31d3c', 'ae9fd1eb-b83d-42e2-8d1c-3b0c8f2b9ef2')
INSERT INTO [dbo].[UserActor] (UserId, ActorId) VALUES ('aaff0dc2-a1ec-40de-acd8-16e9d6f31d3c', 'de716833-4f62-4542-933d-3df435eb90c7')
INSERT INTO [dbo].[UserActor] (UserId, ActorId) VALUES ('aaff0dc2-a1ec-40de-acd8-16e9d6f31d3c', '9306c399-9038-4129-8895-4008a7b5747e')
INSERT INTO [dbo].[UserActor] (UserId, ActorId) VALUES ('aaff0dc2-a1ec-40de-acd8-16e9d6f31d3c', '351fa112-a216-421e-a5f6-42cb73f75f5c')
INSERT INTO [dbo].[UserActor] (UserId, ActorId) VALUES ('aaff0dc2-a1ec-40de-acd8-16e9d6f31d3c', '60257177-cedb-4798-9da1-452301439df7')
INSERT INTO [dbo].[UserActor] (UserId, ActorId) VALUES ('aaff0dc2-a1ec-40de-acd8-16e9d6f31d3c', '03603af3-8f70-4b23-b369-454aec9fb4f4')
INSERT INTO [dbo].[UserActor] (UserId, ActorId) VALUES ('aaff0dc2-a1ec-40de-acd8-16e9d6f31d3c', '83510249-9f7c-4827-a67c-499a3a94f533')
INSERT INTO [dbo].[UserActor] (UserId, ActorId) VALUES ('aaff0dc2-a1ec-40de-acd8-16e9d6f31d3c', '7ba7cbd1-ec9d-4352-ae13-4c04251d75bc')
INSERT INTO [dbo].[UserActor] (UserId, ActorId) VALUES ('aaff0dc2-a1ec-40de-acd8-16e9d6f31d3c', 'c3fe13ec-03e5-48f1-b1c8-4c501077e203')
INSERT INTO [dbo].[UserActor] (UserId, ActorId) VALUES ('aaff0dc2-a1ec-40de-acd8-16e9d6f31d3c', 'a982de1f-3703-4e3c-be56-4e54418a2a59')
INSERT INTO [dbo].[UserActor] (UserId, ActorId) VALUES ('aaff0dc2-a1ec-40de-acd8-16e9d6f31d3c', '0d5eec16-9e52-42e0-96bc-4ff3fc3c9a5a')
INSERT INTO [dbo].[UserActor] (UserId, ActorId) VALUES ('aaff0dc2-a1ec-40de-acd8-16e9d6f31d3c', '61b46919-07e4-4a49-a22a-55708f9ebbf0')
INSERT INTO [dbo].[UserActor] (UserId, ActorId) VALUES ('aaff0dc2-a1ec-40de-acd8-16e9d6f31d3c', '59090111-0b3e-4530-bc1f-5803a5017415')
INSERT INTO [dbo].[UserActor] (UserId, ActorId) VALUES ('aaff0dc2-a1ec-40de-acd8-16e9d6f31d3c', '8f7566a0-d540-4789-8739-72484060fbfd')
INSERT INTO [dbo].[UserActor] (UserId, ActorId) VALUES ('aaff0dc2-a1ec-40de-acd8-16e9d6f31d3c', '91fcc2f8-305a-49a7-8e95-730e49bbb85e')
INSERT INTO [dbo].[UserActor] (UserId, ActorId) VALUES ('aaff0dc2-a1ec-40de-acd8-16e9d6f31d3c', '8e6124b1-36f0-43ac-b022-73d9c0fde334')
INSERT INTO [dbo].[UserActor] (UserId, ActorId) VALUES ('aaff0dc2-a1ec-40de-acd8-16e9d6f31d3c', '8b678ccf-d6c0-4f5a-890b-7589746664f1')
INSERT INTO [dbo].[UserActor] (UserId, ActorId) VALUES ('aaff0dc2-a1ec-40de-acd8-16e9d6f31d3c', 'ddb53b36-9f61-41c4-bebe-77c06cd33151')
INSERT INTO [dbo].[UserActor] (UserId, ActorId) VALUES ('aaff0dc2-a1ec-40de-acd8-16e9d6f31d3c', '5de61589-8846-45e1-af3f-786673a287a7')
INSERT INTO [dbo].[UserActor] (UserId, ActorId) VALUES ('aaff0dc2-a1ec-40de-acd8-16e9d6f31d3c', '158725db-35b5-4740-8ba4-80c616ec9f92')
INSERT INTO [dbo].[UserActor] (UserId, ActorId) VALUES ('aaff0dc2-a1ec-40de-acd8-16e9d6f31d3c', '0e223e42-bed4-4778-a973-8d0ad9813f71')
INSERT INTO [dbo].[UserActor] (UserId, ActorId) VALUES ('aaff0dc2-a1ec-40de-acd8-16e9d6f31d3c', '4b8abb49-71f9-465c-9ec3-8f7cbe3f4659')
INSERT INTO [dbo].[UserActor] (UserId, ActorId) VALUES ('aaff0dc2-a1ec-40de-acd8-16e9d6f31d3c', 'b65bf5d4-16ed-415a-bc42-90331d2f8eaf')
INSERT INTO [dbo].[UserActor] (UserId, ActorId) VALUES ('aaff0dc2-a1ec-40de-acd8-16e9d6f31d3c', '46e6b59d-6056-4054-a3c2-99356c067817')
INSERT INTO [dbo].[UserActor] (UserId, ActorId) VALUES ('aaff0dc2-a1ec-40de-acd8-16e9d6f31d3c', 'b900386e-ca17-43b5-8fba-9f0e73f4345d')
INSERT INTO [dbo].[UserActor] (UserId, ActorId) VALUES ('aaff0dc2-a1ec-40de-acd8-16e9d6f31d3c', 'fc9ddf32-1985-4831-9c03-9f95aed6f02c')
INSERT INTO [dbo].[UserActor] (UserId, ActorId) VALUES ('aaff0dc2-a1ec-40de-acd8-16e9d6f31d3c', '09591f53-b531-4db5-bb66-a2f52a393d82')
INSERT INTO [dbo].[UserActor] (UserId, ActorId) VALUES ('aaff0dc2-a1ec-40de-acd8-16e9d6f31d3c', 'f35e48d3-423a-4507-bcf5-a4268d74fa01')
INSERT INTO [dbo].[UserActor] (UserId, ActorId) VALUES ('aaff0dc2-a1ec-40de-acd8-16e9d6f31d3c', '0becf017-4611-429a-89b5-c194de60eac7')
INSERT INTO [dbo].[UserActor] (UserId, ActorId) VALUES ('aaff0dc2-a1ec-40de-acd8-16e9d6f31d3c', '0e71f8a0-38a7-4d79-bf69-c6dcf8929f37')
INSERT INTO [dbo].[UserActor] (UserId, ActorId) VALUES ('aaff0dc2-a1ec-40de-acd8-16e9d6f31d3c', 'f9b5e62b-3576-4cc6-81b7-ccdea2010d41')
INSERT INTO [dbo].[UserActor] (UserId, ActorId) VALUES ('aaff0dc2-a1ec-40de-acd8-16e9d6f31d3c', 'b425d950-3e15-44a5-84bf-cf029ff110f6')
INSERT INTO [dbo].[UserActor] (UserId, ActorId) VALUES ('aaff0dc2-a1ec-40de-acd8-16e9d6f31d3c', 'a42757c3-50a9-43e9-b1f9-d0d2a4ddf5a0')
INSERT INTO [dbo].[UserActor] (UserId, ActorId) VALUES ('aaff0dc2-a1ec-40de-acd8-16e9d6f31d3c', 'ca34f9c1-2104-48f8-a2e8-d5a99a1f9fc3')
INSERT INTO [dbo].[UserActor] (UserId, ActorId) VALUES ('aaff0dc2-a1ec-40de-acd8-16e9d6f31d3c', '7122b8f6-3fe9-4896-a922-ddde63cc32e8')
INSERT INTO [dbo].[UserActor] (UserId, ActorId) VALUES ('aaff0dc2-a1ec-40de-acd8-16e9d6f31d3c', '20284dd9-8586-4b9d-87b3-e1f29faec8fd')
INSERT INTO [dbo].[UserActor] (UserId, ActorId) VALUES ('aaff0dc2-a1ec-40de-acd8-16e9d6f31d3c', 'f52cd834-cc72-4bbe-961c-ea1d71bf854f')
INSERT INTO [dbo].[UserActor] (UserId, ActorId) VALUES ('aaff0dc2-a1ec-40de-acd8-16e9d6f31d3c', '51fdc822-ebdd-4882-a80b-eb79cf420479')
INSERT INTO [dbo].[UserActor] (UserId, ActorId) VALUES ('aaff0dc2-a1ec-40de-acd8-16e9d6f31d3c', 'b6d3dcb7-2722-426a-8970-ece730165919')
INSERT INTO [dbo].[UserActor] (UserId, ActorId) VALUES ('aaff0dc2-a1ec-40de-acd8-16e9d6f31d3c', '519943be-f3f3-49d7-a332-eed2524bb586')
INSERT INTO [dbo].[UserActor] (UserId, ActorId) VALUES ('aaff0dc2-a1ec-40de-acd8-16e9d6f31d3c', 'ef3e33bd-6963-405d-b1b2-f10929861050')
INSERT INTO [dbo].[UserActor] (UserId, ActorId) VALUES ('aaff0dc2-a1ec-40de-acd8-16e9d6f31d3c', 'bbab4771-3fc4-4c44-99a7-f7ddf0737091')
INSERT INTO [dbo].[UserActor] (UserId, ActorId) VALUES ('2251023b-ad98-418f-9803-18f720e4f4ec', '03603af3-8f70-4b23-b369-454aec9fb4f4')
INSERT INTO [dbo].[UserActor] (UserId, ActorId) VALUES ('2251023b-ad98-418f-9803-18f720e4f4ec', '83510249-9f7c-4827-a67c-499a3a94f533')
INSERT INTO [dbo].[UserActor] (UserId, ActorId) VALUES ('2251023b-ad98-418f-9803-18f720e4f4ec', '0e223e42-bed4-4778-a973-8d0ad9813f71')
INSERT INTO [dbo].[UserActor] (UserId, ActorId) VALUES ('2251023b-ad98-418f-9803-18f720e4f4ec', '09591f53-b531-4db5-bb66-a2f52a393d82')
INSERT INTO [dbo].[UserActor] (UserId, ActorId) VALUES ('339428ed-d150-45a5-9c50-1958a76bdabb', '8e6124b1-36f0-43ac-b022-73d9c0fde334')
INSERT INTO [dbo].[UserActor] (UserId, ActorId) VALUES ('339428ed-d150-45a5-9c50-1958a76bdabb', '3437964d-ebaa-448a-abfd-eb589228f0e9')
INSERT INTO [dbo].[UserActor] (UserId, ActorId) VALUES ('06762b55-e14d-4d98-9277-1a7e409499bd', '83510249-9f7c-4827-a67c-499a3a94f533')
INSERT INTO [dbo].[UserActor] (UserId, ActorId) VALUES ('06762b55-e14d-4d98-9277-1a7e409499bd', '0e223e42-bed4-4778-a973-8d0ad9813f71')
INSERT INTO [dbo].[UserActor] (UserId, ActorId) VALUES ('06762b55-e14d-4d98-9277-1a7e409499bd', '09591f53-b531-4db5-bb66-a2f52a393d82')
INSERT INTO [dbo].[UserActor] (UserId, ActorId) VALUES ('f7de83b9-8313-4066-8ac5-1c3f49730d64', 'af450c03-1937-4ea1-bb66-17b6e4aa51f5')
INSERT INTO [dbo].[UserActor] (UserId, ActorId) VALUES ('f7de83b9-8313-4066-8ac5-1c3f49730d64', 'c2059ddf-ad04-4a99-bc98-2c6fde857025')
INSERT INTO [dbo].[UserActor] (UserId, ActorId) VALUES ('f7de83b9-8313-4066-8ac5-1c3f49730d64', 'e52427c2-204b-4cf2-beec-35b95f935619')
INSERT INTO [dbo].[UserActor] (UserId, ActorId) VALUES ('f7de83b9-8313-4066-8ac5-1c3f49730d64', '0fc7e028-3157-48f2-8744-5c23effe857d')
INSERT INTO [dbo].[UserActor] (UserId, ActorId) VALUES ('f7de83b9-8313-4066-8ac5-1c3f49730d64', 'bb71f037-692d-4bcd-9c79-741ad90e33ca')
INSERT INTO [dbo].[UserActor] (UserId, ActorId) VALUES ('f7de83b9-8313-4066-8ac5-1c3f49730d64', 'a4abd4ad-4ff3-4e93-a86d-7b164910ca34')
INSERT INTO [dbo].[UserActor] (UserId, ActorId) VALUES ('f7de83b9-8313-4066-8ac5-1c3f49730d64', '158725db-35b5-4740-8ba4-80c616ec9f92')
INSERT INTO [dbo].[UserActor] (UserId, ActorId) VALUES ('f7de83b9-8313-4066-8ac5-1c3f49730d64', 'cb2266e1-7acd-49f7-95ae-858ef7800e39')
INSERT INTO [dbo].[UserActor] (UserId, ActorId) VALUES ('f7de83b9-8313-4066-8ac5-1c3f49730d64', 'b8f00060-e02a-4418-a1bd-963778473238')
INSERT INTO [dbo].[UserActor] (UserId, ActorId) VALUES ('f7de83b9-8313-4066-8ac5-1c3f49730d64', 'd49bc21d-87c0-426b-bd2d-a097a91de611')
INSERT INTO [dbo].[UserActor] (UserId, ActorId) VALUES ('f7de83b9-8313-4066-8ac5-1c3f49730d64', 'ef69b130-1ead-4e58-a926-a2b1154d7e2a')
INSERT INTO [dbo].[UserActor] (UserId, ActorId) VALUES ('f7de83b9-8313-4066-8ac5-1c3f49730d64', 'f718ac37-9b7f-42dc-943e-bd211ea044ff')
INSERT INTO [dbo].[UserActor] (UserId, ActorId) VALUES ('f7de83b9-8313-4066-8ac5-1c3f49730d64', '1e2cc2e8-670e-40fa-bfae-be0fec70e9aa')
INSERT INTO [dbo].[UserActor] (UserId, ActorId) VALUES ('f7de83b9-8313-4066-8ac5-1c3f49730d64', '5ed12387-2926-4a93-a76c-e779d2b54f4a')
INSERT INTO [dbo].[UserActor] (UserId, ActorId) VALUES ('f70c0990-6ad3-4a86-9fb5-1cb05268c0f0', 'af450c03-1937-4ea1-bb66-17b6e4aa51f5')
INSERT INTO [dbo].[UserActor] (UserId, ActorId) VALUES ('f70c0990-6ad3-4a86-9fb5-1cb05268c0f0', 'c2059ddf-ad04-4a99-bc98-2c6fde857025')
INSERT INTO [dbo].[UserActor] (UserId, ActorId) VALUES ('f70c0990-6ad3-4a86-9fb5-1cb05268c0f0', 'e52427c2-204b-4cf2-beec-35b95f935619')
INSERT INTO [dbo].[UserActor] (UserId, ActorId) VALUES ('f70c0990-6ad3-4a86-9fb5-1cb05268c0f0', 'a982de1f-3703-4e3c-be56-4e54418a2a59')
INSERT INTO [dbo].[UserActor] (UserId, ActorId) VALUES ('f70c0990-6ad3-4a86-9fb5-1cb05268c0f0', '0fc7e028-3157-48f2-8744-5c23effe857d')
INSERT INTO [dbo].[UserActor] (UserId, ActorId) VALUES ('f70c0990-6ad3-4a86-9fb5-1cb05268c0f0', 'bb71f037-692d-4bcd-9c79-741ad90e33ca')
INSERT INTO [dbo].[UserActor] (UserId, ActorId) VALUES ('f70c0990-6ad3-4a86-9fb5-1cb05268c0f0', 'a4abd4ad-4ff3-4e93-a86d-7b164910ca34')
INSERT INTO [dbo].[UserActor] (UserId, ActorId) VALUES ('f70c0990-6ad3-4a86-9fb5-1cb05268c0f0', '158725db-35b5-4740-8ba4-80c616ec9f92')
INSERT INTO [dbo].[UserActor] (UserId, ActorId) VALUES ('f70c0990-6ad3-4a86-9fb5-1cb05268c0f0', 'cb2266e1-7acd-49f7-95ae-858ef7800e39')
INSERT INTO [dbo].[UserActor] (UserId, ActorId) VALUES ('f70c0990-6ad3-4a86-9fb5-1cb05268c0f0', 'b65bf5d4-16ed-415a-bc42-90331d2f8eaf')
INSERT INTO [dbo].[UserActor] (UserId, ActorId) VALUES ('f70c0990-6ad3-4a86-9fb5-1cb05268c0f0', 'b8f00060-e02a-4418-a1bd-963778473238')
INSERT INTO [dbo].[UserActor] (UserId, ActorId) VALUES ('f70c0990-6ad3-4a86-9fb5-1cb05268c0f0', 'd49bc21d-87c0-426b-bd2d-a097a91de611')
INSERT INTO [dbo].[UserActor] (UserId, ActorId) VALUES ('f70c0990-6ad3-4a86-9fb5-1cb05268c0f0', 'ef69b130-1ead-4e58-a926-a2b1154d7e2a')
INSERT INTO [dbo].[UserActor] (UserId, ActorId) VALUES ('f70c0990-6ad3-4a86-9fb5-1cb05268c0f0', '55878bd4-ef25-4f2e-8ba8-b2f3cca962e6')
INSERT INTO [dbo].[UserActor] (UserId, ActorId) VALUES ('f70c0990-6ad3-4a86-9fb5-1cb05268c0f0', 'f718ac37-9b7f-42dc-943e-bd211ea044ff')
INSERT INTO [dbo].[UserActor] (UserId, ActorId) VALUES ('f70c0990-6ad3-4a86-9fb5-1cb05268c0f0', '1e2cc2e8-670e-40fa-bfae-be0fec70e9aa')
INSERT INTO [dbo].[UserActor] (UserId, ActorId) VALUES ('f70c0990-6ad3-4a86-9fb5-1cb05268c0f0', '20284dd9-8586-4b9d-87b3-e1f29faec8fd')
INSERT INTO [dbo].[UserActor] (UserId, ActorId) VALUES ('f70c0990-6ad3-4a86-9fb5-1cb05268c0f0', '5ed12387-2926-4a93-a76c-e779d2b54f4a')
INSERT INTO [dbo].[UserActor] (UserId, ActorId) VALUES ('f520270f-e8b7-4094-abb1-1d6695b23620', 'af450c03-1937-4ea1-bb66-17b6e4aa51f5')
INSERT INTO [dbo].[UserActor] (UserId, ActorId) VALUES ('f520270f-e8b7-4094-abb1-1d6695b23620', 'a982de1f-3703-4e3c-be56-4e54418a2a59')
INSERT INTO [dbo].[UserActor] (UserId, ActorId) VALUES ('f520270f-e8b7-4094-abb1-1d6695b23620', '0fc7e028-3157-48f2-8744-5c23effe857d')
INSERT INTO [dbo].[UserActor] (UserId, ActorId) VALUES ('f520270f-e8b7-4094-abb1-1d6695b23620', 'a4abd4ad-4ff3-4e93-a86d-7b164910ca34')
INSERT INTO [dbo].[UserActor] (UserId, ActorId) VALUES ('f520270f-e8b7-4094-abb1-1d6695b23620', '158725db-35b5-4740-8ba4-80c616ec9f92')
INSERT INTO [dbo].[UserActor] (UserId, ActorId) VALUES ('f520270f-e8b7-4094-abb1-1d6695b23620', 'cb2266e1-7acd-49f7-95ae-858ef7800e39')
INSERT INTO [dbo].[UserActor] (UserId, ActorId) VALUES ('f520270f-e8b7-4094-abb1-1d6695b23620', 'b65bf5d4-16ed-415a-bc42-90331d2f8eaf')
INSERT INTO [dbo].[UserActor] (UserId, ActorId) VALUES ('f520270f-e8b7-4094-abb1-1d6695b23620', 'b8f00060-e02a-4418-a1bd-963778473238')
INSERT INTO [dbo].[UserActor] (UserId, ActorId) VALUES ('f520270f-e8b7-4094-abb1-1d6695b23620', 'd49bc21d-87c0-426b-bd2d-a097a91de611')
INSERT INTO [dbo].[UserActor] (UserId, ActorId) VALUES ('f520270f-e8b7-4094-abb1-1d6695b23620', '55878bd4-ef25-4f2e-8ba8-b2f3cca962e6')
INSERT INTO [dbo].[UserActor] (UserId, ActorId) VALUES ('f520270f-e8b7-4094-abb1-1d6695b23620', 'f718ac37-9b7f-42dc-943e-bd211ea044ff')
INSERT INTO [dbo].[UserActor] (UserId, ActorId) VALUES ('f520270f-e8b7-4094-abb1-1d6695b23620', '1e2cc2e8-670e-40fa-bfae-be0fec70e9aa')
INSERT INTO [dbo].[UserActor] (UserId, ActorId) VALUES ('f520270f-e8b7-4094-abb1-1d6695b23620', '20284dd9-8586-4b9d-87b3-e1f29faec8fd')
INSERT INTO [dbo].[UserActor] (UserId, ActorId) VALUES ('6d67f54a-a6f5-415d-9b8b-1e4dcc6a9787', '8e6124b1-36f0-43ac-b022-73d9c0fde334')
INSERT INTO [dbo].[UserActor] (UserId, ActorId) VALUES ('1e759044-aabf-49b7-b438-2581001bce32', '8e6124b1-36f0-43ac-b022-73d9c0fde334')
INSERT INTO [dbo].[UserActor] (UserId, ActorId) VALUES ('1e759044-aabf-49b7-b438-2581001bce32', 'f9b5e62b-3576-4cc6-81b7-ccdea2010d41')
INSERT INTO [dbo].[UserActor] (UserId, ActorId) VALUES ('7f4acb2d-1f9f-4f5b-a1d1-28fd0afc0824', '83510249-9f7c-4827-a67c-499a3a94f533')
INSERT INTO [dbo].[UserActor] (UserId, ActorId) VALUES ('7f4acb2d-1f9f-4f5b-a1d1-28fd0afc0824', '0e223e42-bed4-4778-a973-8d0ad9813f71')
INSERT INTO [dbo].[UserActor] (UserId, ActorId) VALUES ('7f4acb2d-1f9f-4f5b-a1d1-28fd0afc0824', '09591f53-b531-4db5-bb66-a2f52a393d82')
INSERT INTO [dbo].[UserActor] (UserId, ActorId) VALUES ('d8a11c57-272a-48f8-9b2a-2994bd6b15cf', '8e6124b1-36f0-43ac-b022-73d9c0fde334')
INSERT INTO [dbo].[UserActor] (UserId, ActorId) VALUES ('d8a11c57-272a-48f8-9b2a-2994bd6b15cf', '3437964d-ebaa-448a-abfd-eb589228f0e9')
INSERT INTO [dbo].[UserActor] (UserId, ActorId) VALUES ('389b87f5-61c6-4eb5-aff2-2b0958fe7b6b', 'c2059ddf-ad04-4a99-bc98-2c6fde857025')
INSERT INTO [dbo].[UserActor] (UserId, ActorId) VALUES ('389b87f5-61c6-4eb5-aff2-2b0958fe7b6b', 'e52427c2-204b-4cf2-beec-35b95f935619')
INSERT INTO [dbo].[UserActor] (UserId, ActorId) VALUES ('389b87f5-61c6-4eb5-aff2-2b0958fe7b6b', 'bb71f037-692d-4bcd-9c79-741ad90e33ca')
INSERT INTO [dbo].[UserActor] (UserId, ActorId) VALUES ('389b87f5-61c6-4eb5-aff2-2b0958fe7b6b', 'ef69b130-1ead-4e58-a926-a2b1154d7e2a')
INSERT INTO [dbo].[UserActor] (UserId, ActorId) VALUES ('389b87f5-61c6-4eb5-aff2-2b0958fe7b6b', '5ed12387-2926-4a93-a76c-e779d2b54f4a')
INSERT INTO [dbo].[UserActor] (UserId, ActorId) VALUES ('8c7c3fa7-00f2-4cd7-8208-2d98ff21d07b', 'af450c03-1937-4ea1-bb66-17b6e4aa51f5')
INSERT INTO [dbo].[UserActor] (UserId, ActorId) VALUES ('8c7c3fa7-00f2-4cd7-8208-2d98ff21d07b', 'c2059ddf-ad04-4a99-bc98-2c6fde857025')
INSERT INTO [dbo].[UserActor] (UserId, ActorId) VALUES ('8c7c3fa7-00f2-4cd7-8208-2d98ff21d07b', 'e52427c2-204b-4cf2-beec-35b95f935619')
INSERT INTO [dbo].[UserActor] (UserId, ActorId) VALUES ('8c7c3fa7-00f2-4cd7-8208-2d98ff21d07b', '0fc7e028-3157-48f2-8744-5c23effe857d')
INSERT INTO [dbo].[UserActor] (UserId, ActorId) VALUES ('8c7c3fa7-00f2-4cd7-8208-2d98ff21d07b', 'bb71f037-692d-4bcd-9c79-741ad90e33ca')
INSERT INTO [dbo].[UserActor] (UserId, ActorId) VALUES ('8c7c3fa7-00f2-4cd7-8208-2d98ff21d07b', 'a4abd4ad-4ff3-4e93-a86d-7b164910ca34')
INSERT INTO [dbo].[UserActor] (UserId, ActorId) VALUES ('8c7c3fa7-00f2-4cd7-8208-2d98ff21d07b', '158725db-35b5-4740-8ba4-80c616ec9f92')
INSERT INTO [dbo].[UserActor] (UserId, ActorId) VALUES ('8c7c3fa7-00f2-4cd7-8208-2d98ff21d07b', 'cb2266e1-7acd-49f7-95ae-858ef7800e39')
INSERT INTO [dbo].[UserActor] (UserId, ActorId) VALUES ('8c7c3fa7-00f2-4cd7-8208-2d98ff21d07b', 'b8f00060-e02a-4418-a1bd-963778473238')
INSERT INTO [dbo].[UserActor] (UserId, ActorId) VALUES ('8c7c3fa7-00f2-4cd7-8208-2d98ff21d07b', 'd49bc21d-87c0-426b-bd2d-a097a91de611')
INSERT INTO [dbo].[UserActor] (UserId, ActorId) VALUES ('8c7c3fa7-00f2-4cd7-8208-2d98ff21d07b', 'ef69b130-1ead-4e58-a926-a2b1154d7e2a')
INSERT INTO [dbo].[UserActor] (UserId, ActorId) VALUES ('8c7c3fa7-00f2-4cd7-8208-2d98ff21d07b', 'f718ac37-9b7f-42dc-943e-bd211ea044ff')
INSERT INTO [dbo].[UserActor] (UserId, ActorId) VALUES ('8c7c3fa7-00f2-4cd7-8208-2d98ff21d07b', '1e2cc2e8-670e-40fa-bfae-be0fec70e9aa')
INSERT INTO [dbo].[UserActor] (UserId, ActorId) VALUES ('8c7c3fa7-00f2-4cd7-8208-2d98ff21d07b', '5ed12387-2926-4a93-a76c-e779d2b54f4a')
INSERT INTO [dbo].[UserActor] (UserId, ActorId) VALUES ('6e986dd5-c5a2-48e9-8834-2eb620d1c108', '8e6124b1-36f0-43ac-b022-73d9c0fde334')
INSERT INTO [dbo].[UserActor] (UserId, ActorId) VALUES ('6e986dd5-c5a2-48e9-8834-2eb620d1c108', '3437964d-ebaa-448a-abfd-eb589228f0e9')
INSERT INTO [dbo].[UserActor] (UserId, ActorId) VALUES ('977d58d7-cdb9-4bac-915b-31378a8deecd', '3000e8c2-0dc0-4532-a40d-01ca17fe0d08')
INSERT INTO [dbo].[UserActor] (UserId, ActorId) VALUES ('977d58d7-cdb9-4bac-915b-31378a8deecd', '2a0fd613-bb31-455b-9182-0534ac42ba59')
INSERT INTO [dbo].[UserActor] (UserId, ActorId) VALUES ('977d58d7-cdb9-4bac-915b-31378a8deecd', '5b294533-eb98-4073-8477-094e720c903c')
INSERT INTO [dbo].[UserActor] (UserId, ActorId) VALUES ('977d58d7-cdb9-4bac-915b-31378a8deecd', '27f168a8-a23c-48f1-88aa-116ed7fd2bc1')
INSERT INTO [dbo].[UserActor] (UserId, ActorId) VALUES ('977d58d7-cdb9-4bac-915b-31378a8deecd', 'e47fd7e8-114a-4e5f-bc7c-19d12fd2d884')
INSERT INTO [dbo].[UserActor] (UserId, ActorId) VALUES ('977d58d7-cdb9-4bac-915b-31378a8deecd', '4532d655-b91d-4d6d-8103-1b8471e0bdc6')
INSERT INTO [dbo].[UserActor] (UserId, ActorId) VALUES ('977d58d7-cdb9-4bac-915b-31378a8deecd', 'a363a555-e88b-4cde-a22b-1fd52854ec05')
INSERT INTO [dbo].[UserActor] (UserId, ActorId) VALUES ('977d58d7-cdb9-4bac-915b-31378a8deecd', 'dd85c8e2-7e6a-4489-bbf2-20b10acd8077')
INSERT INTO [dbo].[UserActor] (UserId, ActorId) VALUES ('977d58d7-cdb9-4bac-915b-31378a8deecd', '80146b69-ad6a-4f35-99f7-21db436d9bff')
INSERT INTO [dbo].[UserActor] (UserId, ActorId) VALUES ('977d58d7-cdb9-4bac-915b-31378a8deecd', '7fd4af08-11e5-46f1-b0e5-29c00c2f733f')
INSERT INTO [dbo].[UserActor] (UserId, ActorId) VALUES ('977d58d7-cdb9-4bac-915b-31378a8deecd', '08707473-ce69-4699-9780-2c118dd527cf')
INSERT INTO [dbo].[UserActor] (UserId, ActorId) VALUES ('977d58d7-cdb9-4bac-915b-31378a8deecd', '38312a77-50b5-41ce-bd5e-2d0ad7500c0a')
INSERT INTO [dbo].[UserActor] (UserId, ActorId) VALUES ('977d58d7-cdb9-4bac-915b-31378a8deecd', 'bfa610c6-c732-4613-9860-2dc04e0894dd')
INSERT INTO [dbo].[UserActor] (UserId, ActorId) VALUES ('977d58d7-cdb9-4bac-915b-31378a8deecd', '14f60355-af6c-4267-a89f-2f20c07ea8ad')
INSERT INTO [dbo].[UserActor] (UserId, ActorId) VALUES ('977d58d7-cdb9-4bac-915b-31378a8deecd', 'fa2837d8-430d-4182-871f-304ac4844043')
INSERT INTO [dbo].[UserActor] (UserId, ActorId) VALUES ('977d58d7-cdb9-4bac-915b-31378a8deecd', '8ff5c6cf-4b5b-456a-8a58-337efd49aa3b')
INSERT INTO [dbo].[UserActor] (UserId, ActorId) VALUES ('977d58d7-cdb9-4bac-915b-31378a8deecd', '3a4ff827-748e-4b1c-a7a2-357e1da5b4ac')
INSERT INTO [dbo].[UserActor] (UserId, ActorId) VALUES ('977d58d7-cdb9-4bac-915b-31378a8deecd', 'c316bc8f-f89b-48da-a0c2-36e972b7ed7d')
INSERT INTO [dbo].[UserActor] (UserId, ActorId) VALUES ('977d58d7-cdb9-4bac-915b-31378a8deecd', 'ae9fd1eb-b83d-42e2-8d1c-3b0c8f2b9ef2')
INSERT INTO [dbo].[UserActor] (UserId, ActorId) VALUES ('977d58d7-cdb9-4bac-915b-31378a8deecd', 'de716833-4f62-4542-933d-3df435eb90c7')
INSERT INTO [dbo].[UserActor] (UserId, ActorId) VALUES ('977d58d7-cdb9-4bac-915b-31378a8deecd', '9306c399-9038-4129-8895-4008a7b5747e')
INSERT INTO [dbo].[UserActor] (UserId, ActorId) VALUES ('977d58d7-cdb9-4bac-915b-31378a8deecd', '351fa112-a216-421e-a5f6-42cb73f75f5c')
INSERT INTO [dbo].[UserActor] (UserId, ActorId) VALUES ('977d58d7-cdb9-4bac-915b-31378a8deecd', '60257177-cedb-4798-9da1-452301439df7')
INSERT INTO [dbo].[UserActor] (UserId, ActorId) VALUES ('977d58d7-cdb9-4bac-915b-31378a8deecd', '03603af3-8f70-4b23-b369-454aec9fb4f4')
INSERT INTO [dbo].[UserActor] (UserId, ActorId) VALUES ('977d58d7-cdb9-4bac-915b-31378a8deecd', '83510249-9f7c-4827-a67c-499a3a94f533')
INSERT INTO [dbo].[UserActor] (UserId, ActorId) VALUES ('977d58d7-cdb9-4bac-915b-31378a8deecd', '7ba7cbd1-ec9d-4352-ae13-4c04251d75bc')
INSERT INTO [dbo].[UserActor] (UserId, ActorId) VALUES ('977d58d7-cdb9-4bac-915b-31378a8deecd', 'c3fe13ec-03e5-48f1-b1c8-4c501077e203')
INSERT INTO [dbo].[UserActor] (UserId, ActorId) VALUES ('977d58d7-cdb9-4bac-915b-31378a8deecd', 'a982de1f-3703-4e3c-be56-4e54418a2a59')
INSERT INTO [dbo].[UserActor] (UserId, ActorId) VALUES ('977d58d7-cdb9-4bac-915b-31378a8deecd', '0d5eec16-9e52-42e0-96bc-4ff3fc3c9a5a')
INSERT INTO [dbo].[UserActor] (UserId, ActorId) VALUES ('977d58d7-cdb9-4bac-915b-31378a8deecd', '61b46919-07e4-4a49-a22a-55708f9ebbf0')
INSERT INTO [dbo].[UserActor] (UserId, ActorId) VALUES ('977d58d7-cdb9-4bac-915b-31378a8deecd', '59090111-0b3e-4530-bc1f-5803a5017415')
INSERT INTO [dbo].[UserActor] (UserId, ActorId) VALUES ('977d58d7-cdb9-4bac-915b-31378a8deecd', '8f7566a0-d540-4789-8739-72484060fbfd')
INSERT INTO [dbo].[UserActor] (UserId, ActorId) VALUES ('977d58d7-cdb9-4bac-915b-31378a8deecd', '91fcc2f8-305a-49a7-8e95-730e49bbb85e')
INSERT INTO [dbo].[UserActor] (UserId, ActorId) VALUES ('977d58d7-cdb9-4bac-915b-31378a8deecd', '8e6124b1-36f0-43ac-b022-73d9c0fde334')
INSERT INTO [dbo].[UserActor] (UserId, ActorId) VALUES ('977d58d7-cdb9-4bac-915b-31378a8deecd', '8b678ccf-d6c0-4f5a-890b-7589746664f1')
INSERT INTO [dbo].[UserActor] (UserId, ActorId) VALUES ('977d58d7-cdb9-4bac-915b-31378a8deecd', 'ddb53b36-9f61-41c4-bebe-77c06cd33151')
INSERT INTO [dbo].[UserActor] (UserId, ActorId) VALUES ('977d58d7-cdb9-4bac-915b-31378a8deecd', '5de61589-8846-45e1-af3f-786673a287a7')
INSERT INTO [dbo].[UserActor] (UserId, ActorId) VALUES ('977d58d7-cdb9-4bac-915b-31378a8deecd', '158725db-35b5-4740-8ba4-80c616ec9f92')
INSERT INTO [dbo].[UserActor] (UserId, ActorId) VALUES ('977d58d7-cdb9-4bac-915b-31378a8deecd', '0e223e42-bed4-4778-a973-8d0ad9813f71')
INSERT INTO [dbo].[UserActor] (UserId, ActorId) VALUES ('977d58d7-cdb9-4bac-915b-31378a8deecd', '4b8abb49-71f9-465c-9ec3-8f7cbe3f4659')
INSERT INTO [dbo].[UserActor] (UserId, ActorId) VALUES ('977d58d7-cdb9-4bac-915b-31378a8deecd', 'b65bf5d4-16ed-415a-bc42-90331d2f8eaf')
INSERT INTO [dbo].[UserActor] (UserId, ActorId) VALUES ('977d58d7-cdb9-4bac-915b-31378a8deecd', '46e6b59d-6056-4054-a3c2-99356c067817')
INSERT INTO [dbo].[UserActor] (UserId, ActorId) VALUES ('977d58d7-cdb9-4bac-915b-31378a8deecd', 'b900386e-ca17-43b5-8fba-9f0e73f4345d')
INSERT INTO [dbo].[UserActor] (UserId, ActorId) VALUES ('977d58d7-cdb9-4bac-915b-31378a8deecd', 'fc9ddf32-1985-4831-9c03-9f95aed6f02c')
INSERT INTO [dbo].[UserActor] (UserId, ActorId) VALUES ('977d58d7-cdb9-4bac-915b-31378a8deecd', '09591f53-b531-4db5-bb66-a2f52a393d82')
INSERT INTO [dbo].[UserActor] (UserId, ActorId) VALUES ('977d58d7-cdb9-4bac-915b-31378a8deecd', 'f35e48d3-423a-4507-bcf5-a4268d74fa01')
INSERT INTO [dbo].[UserActor] (UserId, ActorId) VALUES ('977d58d7-cdb9-4bac-915b-31378a8deecd', '0becf017-4611-429a-89b5-c194de60eac7')
INSERT INTO [dbo].[UserActor] (UserId, ActorId) VALUES ('977d58d7-cdb9-4bac-915b-31378a8deecd', '0e71f8a0-38a7-4d79-bf69-c6dcf8929f37')
INSERT INTO [dbo].[UserActor] (UserId, ActorId) VALUES ('977d58d7-cdb9-4bac-915b-31378a8deecd', 'f9b5e62b-3576-4cc6-81b7-ccdea2010d41')
INSERT INTO [dbo].[UserActor] (UserId, ActorId) VALUES ('977d58d7-cdb9-4bac-915b-31378a8deecd', 'b425d950-3e15-44a5-84bf-cf029ff110f6')
INSERT INTO [dbo].[UserActor] (UserId, ActorId) VALUES ('977d58d7-cdb9-4bac-915b-31378a8deecd', 'a42757c3-50a9-43e9-b1f9-d0d2a4ddf5a0')
INSERT INTO [dbo].[UserActor] (UserId, ActorId) VALUES ('977d58d7-cdb9-4bac-915b-31378a8deecd', 'ca34f9c1-2104-48f8-a2e8-d5a99a1f9fc3')
INSERT INTO [dbo].[UserActor] (UserId, ActorId) VALUES ('977d58d7-cdb9-4bac-915b-31378a8deecd', '7122b8f6-3fe9-4896-a922-ddde63cc32e8')
INSERT INTO [dbo].[UserActor] (UserId, ActorId) VALUES ('977d58d7-cdb9-4bac-915b-31378a8deecd', '20284dd9-8586-4b9d-87b3-e1f29faec8fd')
INSERT INTO [dbo].[UserActor] (UserId, ActorId) VALUES ('977d58d7-cdb9-4bac-915b-31378a8deecd', 'f52cd834-cc72-4bbe-961c-ea1d71bf854f')
INSERT INTO [dbo].[UserActor] (UserId, ActorId) VALUES ('977d58d7-cdb9-4bac-915b-31378a8deecd', '51fdc822-ebdd-4882-a80b-eb79cf420479')
INSERT INTO [dbo].[UserActor] (UserId, ActorId) VALUES ('977d58d7-cdb9-4bac-915b-31378a8deecd', 'b6d3dcb7-2722-426a-8970-ece730165919')
INSERT INTO [dbo].[UserActor] (UserId, ActorId) VALUES ('977d58d7-cdb9-4bac-915b-31378a8deecd', '519943be-f3f3-49d7-a332-eed2524bb586')
INSERT INTO [dbo].[UserActor] (UserId, ActorId) VALUES ('977d58d7-cdb9-4bac-915b-31378a8deecd', 'ef3e33bd-6963-405d-b1b2-f10929861050')
INSERT INTO [dbo].[UserActor] (UserId, ActorId) VALUES ('977d58d7-cdb9-4bac-915b-31378a8deecd', 'bbab4771-3fc4-4c44-99a7-f7ddf0737091')
INSERT INTO [dbo].[UserActor] (UserId, ActorId) VALUES ('fb12b5df-a246-4f37-a4a4-32f75cc764d9', '83510249-9f7c-4827-a67c-499a3a94f533')
INSERT INTO [dbo].[UserActor] (UserId, ActorId) VALUES ('fb12b5df-a246-4f37-a4a4-32f75cc764d9', '0e223e42-bed4-4778-a973-8d0ad9813f71')
INSERT INTO [dbo].[UserActor] (UserId, ActorId) VALUES ('fb12b5df-a246-4f37-a4a4-32f75cc764d9', '09591f53-b531-4db5-bb66-a2f52a393d82')
INSERT INTO [dbo].[UserActor] (UserId, ActorId) VALUES ('89f20a56-f529-4263-bb6c-34dd9bc8788c', '55878bd4-ef25-4f2e-8ba8-b2f3cca962e6')
INSERT INTO [dbo].[UserActor] (UserId, ActorId) VALUES ('52d22414-e419-4d46-a5c8-364301e83a78', '3000e8c2-0dc0-4532-a40d-01ca17fe0d08')
INSERT INTO [dbo].[UserActor] (UserId, ActorId) VALUES ('52d22414-e419-4d46-a5c8-364301e83a78', '2a0fd613-bb31-455b-9182-0534ac42ba59')
INSERT INTO [dbo].[UserActor] (UserId, ActorId) VALUES ('52d22414-e419-4d46-a5c8-364301e83a78', '5b294533-eb98-4073-8477-094e720c903c')
INSERT INTO [dbo].[UserActor] (UserId, ActorId) VALUES ('52d22414-e419-4d46-a5c8-364301e83a78', '27f168a8-a23c-48f1-88aa-116ed7fd2bc1')
INSERT INTO [dbo].[UserActor] (UserId, ActorId) VALUES ('52d22414-e419-4d46-a5c8-364301e83a78', 'af450c03-1937-4ea1-bb66-17b6e4aa51f5')
INSERT INTO [dbo].[UserActor] (UserId, ActorId) VALUES ('52d22414-e419-4d46-a5c8-364301e83a78', 'e47fd7e8-114a-4e5f-bc7c-19d12fd2d884')
INSERT INTO [dbo].[UserActor] (UserId, ActorId) VALUES ('52d22414-e419-4d46-a5c8-364301e83a78', '4532d655-b91d-4d6d-8103-1b8471e0bdc6')
INSERT INTO [dbo].[UserActor] (UserId, ActorId) VALUES ('52d22414-e419-4d46-a5c8-364301e83a78', 'a363a555-e88b-4cde-a22b-1fd52854ec05')
INSERT INTO [dbo].[UserActor] (UserId, ActorId) VALUES ('52d22414-e419-4d46-a5c8-364301e83a78', 'dd85c8e2-7e6a-4489-bbf2-20b10acd8077')
INSERT INTO [dbo].[UserActor] (UserId, ActorId) VALUES ('52d22414-e419-4d46-a5c8-364301e83a78', '80146b69-ad6a-4f35-99f7-21db436d9bff')
INSERT INTO [dbo].[UserActor] (UserId, ActorId) VALUES ('52d22414-e419-4d46-a5c8-364301e83a78', '7fd4af08-11e5-46f1-b0e5-29c00c2f733f')
INSERT INTO [dbo].[UserActor] (UserId, ActorId) VALUES ('52d22414-e419-4d46-a5c8-364301e83a78', '08707473-ce69-4699-9780-2c118dd527cf')
INSERT INTO [dbo].[UserActor] (UserId, ActorId) VALUES ('52d22414-e419-4d46-a5c8-364301e83a78', '38312a77-50b5-41ce-bd5e-2d0ad7500c0a')
INSERT INTO [dbo].[UserActor] (UserId, ActorId) VALUES ('52d22414-e419-4d46-a5c8-364301e83a78', 'bfa610c6-c732-4613-9860-2dc04e0894dd')
INSERT INTO [dbo].[UserActor] (UserId, ActorId) VALUES ('52d22414-e419-4d46-a5c8-364301e83a78', '14f60355-af6c-4267-a89f-2f20c07ea8ad')
INSERT INTO [dbo].[UserActor] (UserId, ActorId) VALUES ('52d22414-e419-4d46-a5c8-364301e83a78', 'fa2837d8-430d-4182-871f-304ac4844043')
INSERT INTO [dbo].[UserActor] (UserId, ActorId) VALUES ('52d22414-e419-4d46-a5c8-364301e83a78', '8ff5c6cf-4b5b-456a-8a58-337efd49aa3b')
INSERT INTO [dbo].[UserActor] (UserId, ActorId) VALUES ('52d22414-e419-4d46-a5c8-364301e83a78', '3a4ff827-748e-4b1c-a7a2-357e1da5b4ac')
INSERT INTO [dbo].[UserActor] (UserId, ActorId) VALUES ('52d22414-e419-4d46-a5c8-364301e83a78', 'c316bc8f-f89b-48da-a0c2-36e972b7ed7d')
INSERT INTO [dbo].[UserActor] (UserId, ActorId) VALUES ('52d22414-e419-4d46-a5c8-364301e83a78', 'ae9fd1eb-b83d-42e2-8d1c-3b0c8f2b9ef2')
INSERT INTO [dbo].[UserActor] (UserId, ActorId) VALUES ('52d22414-e419-4d46-a5c8-364301e83a78', 'de716833-4f62-4542-933d-3df435eb90c7')
INSERT INTO [dbo].[UserActor] (UserId, ActorId) VALUES ('52d22414-e419-4d46-a5c8-364301e83a78', '9306c399-9038-4129-8895-4008a7b5747e')
INSERT INTO [dbo].[UserActor] (UserId, ActorId) VALUES ('52d22414-e419-4d46-a5c8-364301e83a78', '351fa112-a216-421e-a5f6-42cb73f75f5c')
INSERT INTO [dbo].[UserActor] (UserId, ActorId) VALUES ('52d22414-e419-4d46-a5c8-364301e83a78', '60257177-cedb-4798-9da1-452301439df7')
INSERT INTO [dbo].[UserActor] (UserId, ActorId) VALUES ('52d22414-e419-4d46-a5c8-364301e83a78', '03603af3-8f70-4b23-b369-454aec9fb4f4')
INSERT INTO [dbo].[UserActor] (UserId, ActorId) VALUES ('52d22414-e419-4d46-a5c8-364301e83a78', '83510249-9f7c-4827-a67c-499a3a94f533')
INSERT INTO [dbo].[UserActor] (UserId, ActorId) VALUES ('52d22414-e419-4d46-a5c8-364301e83a78', '7ba7cbd1-ec9d-4352-ae13-4c04251d75bc')
INSERT INTO [dbo].[UserActor] (UserId, ActorId) VALUES ('52d22414-e419-4d46-a5c8-364301e83a78', 'c3fe13ec-03e5-48f1-b1c8-4c501077e203')
INSERT INTO [dbo].[UserActor] (UserId, ActorId) VALUES ('52d22414-e419-4d46-a5c8-364301e83a78', 'a982de1f-3703-4e3c-be56-4e54418a2a59')
INSERT INTO [dbo].[UserActor] (UserId, ActorId) VALUES ('52d22414-e419-4d46-a5c8-364301e83a78', '0d5eec16-9e52-42e0-96bc-4ff3fc3c9a5a')
INSERT INTO [dbo].[UserActor] (UserId, ActorId) VALUES ('52d22414-e419-4d46-a5c8-364301e83a78', '61b46919-07e4-4a49-a22a-55708f9ebbf0')
INSERT INTO [dbo].[UserActor] (UserId, ActorId) VALUES ('52d22414-e419-4d46-a5c8-364301e83a78', '59090111-0b3e-4530-bc1f-5803a5017415')
INSERT INTO [dbo].[UserActor] (UserId, ActorId) VALUES ('52d22414-e419-4d46-a5c8-364301e83a78', '0fc7e028-3157-48f2-8744-5c23effe857d')
INSERT INTO [dbo].[UserActor] (UserId, ActorId) VALUES ('52d22414-e419-4d46-a5c8-364301e83a78', '8f7566a0-d540-4789-8739-72484060fbfd')
INSERT INTO [dbo].[UserActor] (UserId, ActorId) VALUES ('52d22414-e419-4d46-a5c8-364301e83a78', '91fcc2f8-305a-49a7-8e95-730e49bbb85e')
INSERT INTO [dbo].[UserActor] (UserId, ActorId) VALUES ('52d22414-e419-4d46-a5c8-364301e83a78', '8e6124b1-36f0-43ac-b022-73d9c0fde334')
INSERT INTO [dbo].[UserActor] (UserId, ActorId) VALUES ('52d22414-e419-4d46-a5c8-364301e83a78', '8b678ccf-d6c0-4f5a-890b-7589746664f1')
INSERT INTO [dbo].[UserActor] (UserId, ActorId) VALUES ('52d22414-e419-4d46-a5c8-364301e83a78', 'ddb53b36-9f61-41c4-bebe-77c06cd33151')
INSERT INTO [dbo].[UserActor] (UserId, ActorId) VALUES ('52d22414-e419-4d46-a5c8-364301e83a78', '5de61589-8846-45e1-af3f-786673a287a7')
INSERT INTO [dbo].[UserActor] (UserId, ActorId) VALUES ('52d22414-e419-4d46-a5c8-364301e83a78', 'a4abd4ad-4ff3-4e93-a86d-7b164910ca34')
INSERT INTO [dbo].[UserActor] (UserId, ActorId) VALUES ('52d22414-e419-4d46-a5c8-364301e83a78', '158725db-35b5-4740-8ba4-80c616ec9f92')
INSERT INTO [dbo].[UserActor] (UserId, ActorId) VALUES ('52d22414-e419-4d46-a5c8-364301e83a78', 'cb2266e1-7acd-49f7-95ae-858ef7800e39')
INSERT INTO [dbo].[UserActor] (UserId, ActorId) VALUES ('52d22414-e419-4d46-a5c8-364301e83a78', '0e223e42-bed4-4778-a973-8d0ad9813f71')
INSERT INTO [dbo].[UserActor] (UserId, ActorId) VALUES ('52d22414-e419-4d46-a5c8-364301e83a78', '4b8abb49-71f9-465c-9ec3-8f7cbe3f4659')
INSERT INTO [dbo].[UserActor] (UserId, ActorId) VALUES ('52d22414-e419-4d46-a5c8-364301e83a78', 'b65bf5d4-16ed-415a-bc42-90331d2f8eaf')
INSERT INTO [dbo].[UserActor] (UserId, ActorId) VALUES ('52d22414-e419-4d46-a5c8-364301e83a78', 'b8f00060-e02a-4418-a1bd-963778473238')
INSERT INTO [dbo].[UserActor] (UserId, ActorId) VALUES ('52d22414-e419-4d46-a5c8-364301e83a78', '46e6b59d-6056-4054-a3c2-99356c067817')
INSERT INTO [dbo].[UserActor] (UserId, ActorId) VALUES ('52d22414-e419-4d46-a5c8-364301e83a78', 'b900386e-ca17-43b5-8fba-9f0e73f4345d')
INSERT INTO [dbo].[UserActor] (UserId, ActorId) VALUES ('52d22414-e419-4d46-a5c8-364301e83a78', 'fc9ddf32-1985-4831-9c03-9f95aed6f02c')
INSERT INTO [dbo].[UserActor] (UserId, ActorId) VALUES ('52d22414-e419-4d46-a5c8-364301e83a78', 'd49bc21d-87c0-426b-bd2d-a097a91de611')
INSERT INTO [dbo].[UserActor] (UserId, ActorId) VALUES ('52d22414-e419-4d46-a5c8-364301e83a78', '09591f53-b531-4db5-bb66-a2f52a393d82')
INSERT INTO [dbo].[UserActor] (UserId, ActorId) VALUES ('52d22414-e419-4d46-a5c8-364301e83a78', 'f35e48d3-423a-4507-bcf5-a4268d74fa01')
INSERT INTO [dbo].[UserActor] (UserId, ActorId) VALUES ('52d22414-e419-4d46-a5c8-364301e83a78', '55878bd4-ef25-4f2e-8ba8-b2f3cca962e6')
INSERT INTO [dbo].[UserActor] (UserId, ActorId) VALUES ('52d22414-e419-4d46-a5c8-364301e83a78', 'f718ac37-9b7f-42dc-943e-bd211ea044ff')
INSERT INTO [dbo].[UserActor] (UserId, ActorId) VALUES ('52d22414-e419-4d46-a5c8-364301e83a78', '1e2cc2e8-670e-40fa-bfae-be0fec70e9aa')
INSERT INTO [dbo].[UserActor] (UserId, ActorId) VALUES ('52d22414-e419-4d46-a5c8-364301e83a78', '0becf017-4611-429a-89b5-c194de60eac7')
INSERT INTO [dbo].[UserActor] (UserId, ActorId) VALUES ('52d22414-e419-4d46-a5c8-364301e83a78', '0e71f8a0-38a7-4d79-bf69-c6dcf8929f37')
INSERT INTO [dbo].[UserActor] (UserId, ActorId) VALUES ('52d22414-e419-4d46-a5c8-364301e83a78', 'f9b5e62b-3576-4cc6-81b7-ccdea2010d41')
INSERT INTO [dbo].[UserActor] (UserId, ActorId) VALUES ('52d22414-e419-4d46-a5c8-364301e83a78', 'b425d950-3e15-44a5-84bf-cf029ff110f6')
INSERT INTO [dbo].[UserActor] (UserId, ActorId) VALUES ('52d22414-e419-4d46-a5c8-364301e83a78', 'a42757c3-50a9-43e9-b1f9-d0d2a4ddf5a0')
INSERT INTO [dbo].[UserActor] (UserId, ActorId) VALUES ('52d22414-e419-4d46-a5c8-364301e83a78', 'ca34f9c1-2104-48f8-a2e8-d5a99a1f9fc3')
INSERT INTO [dbo].[UserActor] (UserId, ActorId) VALUES ('52d22414-e419-4d46-a5c8-364301e83a78', '7122b8f6-3fe9-4896-a922-ddde63cc32e8')
INSERT INTO [dbo].[UserActor] (UserId, ActorId) VALUES ('52d22414-e419-4d46-a5c8-364301e83a78', '20284dd9-8586-4b9d-87b3-e1f29faec8fd')
INSERT INTO [dbo].[UserActor] (UserId, ActorId) VALUES ('52d22414-e419-4d46-a5c8-364301e83a78', 'f52cd834-cc72-4bbe-961c-ea1d71bf854f')
INSERT INTO [dbo].[UserActor] (UserId, ActorId) VALUES ('52d22414-e419-4d46-a5c8-364301e83a78', '51fdc822-ebdd-4882-a80b-eb79cf420479')
INSERT INTO [dbo].[UserActor] (UserId, ActorId) VALUES ('52d22414-e419-4d46-a5c8-364301e83a78', 'b6d3dcb7-2722-426a-8970-ece730165919')
INSERT INTO [dbo].[UserActor] (UserId, ActorId) VALUES ('52d22414-e419-4d46-a5c8-364301e83a78', '519943be-f3f3-49d7-a332-eed2524bb586')
INSERT INTO [dbo].[UserActor] (UserId, ActorId) VALUES ('52d22414-e419-4d46-a5c8-364301e83a78', 'ef3e33bd-6963-405d-b1b2-f10929861050')
INSERT INTO [dbo].[UserActor] (UserId, ActorId) VALUES ('52d22414-e419-4d46-a5c8-364301e83a78', 'bbab4771-3fc4-4c44-99a7-f7ddf0737091')
INSERT INTO [dbo].[UserActor] (UserId, ActorId) VALUES ('a7a3b4dc-71f9-4e57-b137-36fff385ddb7', '8a679aa1-cb2e-4871-a643-5321e4e55449')
INSERT INTO [dbo].[UserActor] (UserId, ActorId) VALUES ('a7a3b4dc-71f9-4e57-b137-36fff385ddb7', 'c00df348-66aa-4aff-9ff7-6bb496e7b402')
INSERT INTO [dbo].[UserActor] (UserId, ActorId) VALUES ('a7a3b4dc-71f9-4e57-b137-36fff385ddb7', '1114b900-ecb2-488b-9bb5-7b536d0a2ef8')
INSERT INTO [dbo].[UserActor] (UserId, ActorId) VALUES ('a7a3b4dc-71f9-4e57-b137-36fff385ddb7', 'f88a12a4-4c5b-4e9c-bd6a-9c48e11ae505')
INSERT INTO [dbo].[UserActor] (UserId, ActorId) VALUES ('a7a3b4dc-71f9-4e57-b137-36fff385ddb7', '478a4c63-605b-42db-ae77-b13865ac89ad')
INSERT INTO [dbo].[UserActor] (UserId, ActorId) VALUES ('a7a3b4dc-71f9-4e57-b137-36fff385ddb7', 'ea0aa193-c7a1-4899-892b-e863cd6637df')
INSERT INTO [dbo].[UserActor] (UserId, ActorId) VALUES ('37a937f5-8727-45ec-b1c3-3d677120c220', '8e6124b1-36f0-43ac-b022-73d9c0fde334')
INSERT INTO [dbo].[UserActor] (UserId, ActorId) VALUES ('761a8bda-26d1-4c53-8e65-3e3722193f8d', 'f9b5e62b-3576-4cc6-81b7-ccdea2010d41')
INSERT INTO [dbo].[UserActor] (UserId, ActorId) VALUES ('dc3425d1-e557-489b-959e-3fdcd0db9389', '3000e8c2-0dc0-4532-a40d-01ca17fe0d08')
INSERT INTO [dbo].[UserActor] (UserId, ActorId) VALUES ('dc3425d1-e557-489b-959e-3fdcd0db9389', '2a0fd613-bb31-455b-9182-0534ac42ba59')
INSERT INTO [dbo].[UserActor] (UserId, ActorId) VALUES ('dc3425d1-e557-489b-959e-3fdcd0db9389', '5b294533-eb98-4073-8477-094e720c903c')
INSERT INTO [dbo].[UserActor] (UserId, ActorId) VALUES ('dc3425d1-e557-489b-959e-3fdcd0db9389', '27f168a8-a23c-48f1-88aa-116ed7fd2bc1')
INSERT INTO [dbo].[UserActor] (UserId, ActorId) VALUES ('dc3425d1-e557-489b-959e-3fdcd0db9389', 'e47fd7e8-114a-4e5f-bc7c-19d12fd2d884')
INSERT INTO [dbo].[UserActor] (UserId, ActorId) VALUES ('dc3425d1-e557-489b-959e-3fdcd0db9389', '4532d655-b91d-4d6d-8103-1b8471e0bdc6')
INSERT INTO [dbo].[UserActor] (UserId, ActorId) VALUES ('dc3425d1-e557-489b-959e-3fdcd0db9389', 'a363a555-e88b-4cde-a22b-1fd52854ec05')
INSERT INTO [dbo].[UserActor] (UserId, ActorId) VALUES ('dc3425d1-e557-489b-959e-3fdcd0db9389', 'dd85c8e2-7e6a-4489-bbf2-20b10acd8077')
INSERT INTO [dbo].[UserActor] (UserId, ActorId) VALUES ('dc3425d1-e557-489b-959e-3fdcd0db9389', '80146b69-ad6a-4f35-99f7-21db436d9bff')
INSERT INTO [dbo].[UserActor] (UserId, ActorId) VALUES ('dc3425d1-e557-489b-959e-3fdcd0db9389', '7fd4af08-11e5-46f1-b0e5-29c00c2f733f')
INSERT INTO [dbo].[UserActor] (UserId, ActorId) VALUES ('dc3425d1-e557-489b-959e-3fdcd0db9389', '08707473-ce69-4699-9780-2c118dd527cf')
INSERT INTO [dbo].[UserActor] (UserId, ActorId) VALUES ('dc3425d1-e557-489b-959e-3fdcd0db9389', '38312a77-50b5-41ce-bd5e-2d0ad7500c0a')
INSERT INTO [dbo].[UserActor] (UserId, ActorId) VALUES ('dc3425d1-e557-489b-959e-3fdcd0db9389', 'bfa610c6-c732-4613-9860-2dc04e0894dd')
INSERT INTO [dbo].[UserActor] (UserId, ActorId) VALUES ('dc3425d1-e557-489b-959e-3fdcd0db9389', '14f60355-af6c-4267-a89f-2f20c07ea8ad')
INSERT INTO [dbo].[UserActor] (UserId, ActorId) VALUES ('dc3425d1-e557-489b-959e-3fdcd0db9389', 'fa2837d8-430d-4182-871f-304ac4844043')
INSERT INTO [dbo].[UserActor] (UserId, ActorId) VALUES ('dc3425d1-e557-489b-959e-3fdcd0db9389', '8ff5c6cf-4b5b-456a-8a58-337efd49aa3b')
INSERT INTO [dbo].[UserActor] (UserId, ActorId) VALUES ('dc3425d1-e557-489b-959e-3fdcd0db9389', '3a4ff827-748e-4b1c-a7a2-357e1da5b4ac')
INSERT INTO [dbo].[UserActor] (UserId, ActorId) VALUES ('dc3425d1-e557-489b-959e-3fdcd0db9389', 'c316bc8f-f89b-48da-a0c2-36e972b7ed7d')
INSERT INTO [dbo].[UserActor] (UserId, ActorId) VALUES ('dc3425d1-e557-489b-959e-3fdcd0db9389', 'ae9fd1eb-b83d-42e2-8d1c-3b0c8f2b9ef2')
INSERT INTO [dbo].[UserActor] (UserId, ActorId) VALUES ('dc3425d1-e557-489b-959e-3fdcd0db9389', 'de716833-4f62-4542-933d-3df435eb90c7')
INSERT INTO [dbo].[UserActor] (UserId, ActorId) VALUES ('dc3425d1-e557-489b-959e-3fdcd0db9389', '9306c399-9038-4129-8895-4008a7b5747e')
INSERT INTO [dbo].[UserActor] (UserId, ActorId) VALUES ('dc3425d1-e557-489b-959e-3fdcd0db9389', '351fa112-a216-421e-a5f6-42cb73f75f5c')
INSERT INTO [dbo].[UserActor] (UserId, ActorId) VALUES ('dc3425d1-e557-489b-959e-3fdcd0db9389', '60257177-cedb-4798-9da1-452301439df7')
INSERT INTO [dbo].[UserActor] (UserId, ActorId) VALUES ('dc3425d1-e557-489b-959e-3fdcd0db9389', '03603af3-8f70-4b23-b369-454aec9fb4f4')
INSERT INTO [dbo].[UserActor] (UserId, ActorId) VALUES ('dc3425d1-e557-489b-959e-3fdcd0db9389', '83510249-9f7c-4827-a67c-499a3a94f533')
INSERT INTO [dbo].[UserActor] (UserId, ActorId) VALUES ('dc3425d1-e557-489b-959e-3fdcd0db9389', '7ba7cbd1-ec9d-4352-ae13-4c04251d75bc')
INSERT INTO [dbo].[UserActor] (UserId, ActorId) VALUES ('dc3425d1-e557-489b-959e-3fdcd0db9389', 'c3fe13ec-03e5-48f1-b1c8-4c501077e203')
INSERT INTO [dbo].[UserActor] (UserId, ActorId) VALUES ('dc3425d1-e557-489b-959e-3fdcd0db9389', 'a982de1f-3703-4e3c-be56-4e54418a2a59')
INSERT INTO [dbo].[UserActor] (UserId, ActorId) VALUES ('dc3425d1-e557-489b-959e-3fdcd0db9389', '0d5eec16-9e52-42e0-96bc-4ff3fc3c9a5a')
INSERT INTO [dbo].[UserActor] (UserId, ActorId) VALUES ('dc3425d1-e557-489b-959e-3fdcd0db9389', '61b46919-07e4-4a49-a22a-55708f9ebbf0')
INSERT INTO [dbo].[UserActor] (UserId, ActorId) VALUES ('dc3425d1-e557-489b-959e-3fdcd0db9389', '59090111-0b3e-4530-bc1f-5803a5017415')
INSERT INTO [dbo].[UserActor] (UserId, ActorId) VALUES ('dc3425d1-e557-489b-959e-3fdcd0db9389', '8f7566a0-d540-4789-8739-72484060fbfd')
INSERT INTO [dbo].[UserActor] (UserId, ActorId) VALUES ('dc3425d1-e557-489b-959e-3fdcd0db9389', '91fcc2f8-305a-49a7-8e95-730e49bbb85e')
INSERT INTO [dbo].[UserActor] (UserId, ActorId) VALUES ('dc3425d1-e557-489b-959e-3fdcd0db9389', '8e6124b1-36f0-43ac-b022-73d9c0fde334')
INSERT INTO [dbo].[UserActor] (UserId, ActorId) VALUES ('dc3425d1-e557-489b-959e-3fdcd0db9389', '8b678ccf-d6c0-4f5a-890b-7589746664f1')
INSERT INTO [dbo].[UserActor] (UserId, ActorId) VALUES ('dc3425d1-e557-489b-959e-3fdcd0db9389', 'ddb53b36-9f61-41c4-bebe-77c06cd33151')
INSERT INTO [dbo].[UserActor] (UserId, ActorId) VALUES ('dc3425d1-e557-489b-959e-3fdcd0db9389', '5de61589-8846-45e1-af3f-786673a287a7')
INSERT INTO [dbo].[UserActor] (UserId, ActorId) VALUES ('dc3425d1-e557-489b-959e-3fdcd0db9389', '158725db-35b5-4740-8ba4-80c616ec9f92')
INSERT INTO [dbo].[UserActor] (UserId, ActorId) VALUES ('dc3425d1-e557-489b-959e-3fdcd0db9389', '0e223e42-bed4-4778-a973-8d0ad9813f71')
INSERT INTO [dbo].[UserActor] (UserId, ActorId) VALUES ('dc3425d1-e557-489b-959e-3fdcd0db9389', '4b8abb49-71f9-465c-9ec3-8f7cbe3f4659')
INSERT INTO [dbo].[UserActor] (UserId, ActorId) VALUES ('dc3425d1-e557-489b-959e-3fdcd0db9389', 'b65bf5d4-16ed-415a-bc42-90331d2f8eaf')
INSERT INTO [dbo].[UserActor] (UserId, ActorId) VALUES ('dc3425d1-e557-489b-959e-3fdcd0db9389', '46e6b59d-6056-4054-a3c2-99356c067817')
INSERT INTO [dbo].[UserActor] (UserId, ActorId) VALUES ('dc3425d1-e557-489b-959e-3fdcd0db9389', 'b900386e-ca17-43b5-8fba-9f0e73f4345d')
INSERT INTO [dbo].[UserActor] (UserId, ActorId) VALUES ('dc3425d1-e557-489b-959e-3fdcd0db9389', 'fc9ddf32-1985-4831-9c03-9f95aed6f02c')
INSERT INTO [dbo].[UserActor] (UserId, ActorId) VALUES ('dc3425d1-e557-489b-959e-3fdcd0db9389', '09591f53-b531-4db5-bb66-a2f52a393d82')
INSERT INTO [dbo].[UserActor] (UserId, ActorId) VALUES ('dc3425d1-e557-489b-959e-3fdcd0db9389', 'f35e48d3-423a-4507-bcf5-a4268d74fa01')
INSERT INTO [dbo].[UserActor] (UserId, ActorId) VALUES ('dc3425d1-e557-489b-959e-3fdcd0db9389', '0becf017-4611-429a-89b5-c194de60eac7')
INSERT INTO [dbo].[UserActor] (UserId, ActorId) VALUES ('dc3425d1-e557-489b-959e-3fdcd0db9389', '0e71f8a0-38a7-4d79-bf69-c6dcf8929f37')
INSERT INTO [dbo].[UserActor] (UserId, ActorId) VALUES ('dc3425d1-e557-489b-959e-3fdcd0db9389', 'f9b5e62b-3576-4cc6-81b7-ccdea2010d41')
INSERT INTO [dbo].[UserActor] (UserId, ActorId) VALUES ('dc3425d1-e557-489b-959e-3fdcd0db9389', 'b425d950-3e15-44a5-84bf-cf029ff110f6')
INSERT INTO [dbo].[UserActor] (UserId, ActorId) VALUES ('dc3425d1-e557-489b-959e-3fdcd0db9389', 'a42757c3-50a9-43e9-b1f9-d0d2a4ddf5a0')
INSERT INTO [dbo].[UserActor] (UserId, ActorId) VALUES ('dc3425d1-e557-489b-959e-3fdcd0db9389', 'ca34f9c1-2104-48f8-a2e8-d5a99a1f9fc3')
INSERT INTO [dbo].[UserActor] (UserId, ActorId) VALUES ('dc3425d1-e557-489b-959e-3fdcd0db9389', '7122b8f6-3fe9-4896-a922-ddde63cc32e8')
INSERT INTO [dbo].[UserActor] (UserId, ActorId) VALUES ('dc3425d1-e557-489b-959e-3fdcd0db9389', '20284dd9-8586-4b9d-87b3-e1f29faec8fd')
INSERT INTO [dbo].[UserActor] (UserId, ActorId) VALUES ('dc3425d1-e557-489b-959e-3fdcd0db9389', 'f52cd834-cc72-4bbe-961c-ea1d71bf854f')
INSERT INTO [dbo].[UserActor] (UserId, ActorId) VALUES ('dc3425d1-e557-489b-959e-3fdcd0db9389', '51fdc822-ebdd-4882-a80b-eb79cf420479')
INSERT INTO [dbo].[UserActor] (UserId, ActorId) VALUES ('dc3425d1-e557-489b-959e-3fdcd0db9389', 'b6d3dcb7-2722-426a-8970-ece730165919')
INSERT INTO [dbo].[UserActor] (UserId, ActorId) VALUES ('dc3425d1-e557-489b-959e-3fdcd0db9389', '519943be-f3f3-49d7-a332-eed2524bb586')
INSERT INTO [dbo].[UserActor] (UserId, ActorId) VALUES ('dc3425d1-e557-489b-959e-3fdcd0db9389', 'ef3e33bd-6963-405d-b1b2-f10929861050')
INSERT INTO [dbo].[UserActor] (UserId, ActorId) VALUES ('dc3425d1-e557-489b-959e-3fdcd0db9389', 'bbab4771-3fc4-4c44-99a7-f7ddf0737091')
INSERT INTO [dbo].[UserActor] (UserId, ActorId) VALUES ('7f59e71b-ec3e-4403-87af-4575967a36f8', '83510249-9f7c-4827-a67c-499a3a94f533')
INSERT INTO [dbo].[UserActor] (UserId, ActorId) VALUES ('7f59e71b-ec3e-4403-87af-4575967a36f8', '0e223e42-bed4-4778-a973-8d0ad9813f71')
INSERT INTO [dbo].[UserActor] (UserId, ActorId) VALUES ('7f59e71b-ec3e-4403-87af-4575967a36f8', '09591f53-b531-4db5-bb66-a2f52a393d82')
INSERT INTO [dbo].[UserActor] (UserId, ActorId) VALUES ('80892f1a-5a9a-466b-a86f-45e98588dc6d', '83510249-9f7c-4827-a67c-499a3a94f533')
INSERT INTO [dbo].[UserActor] (UserId, ActorId) VALUES ('80892f1a-5a9a-466b-a86f-45e98588dc6d', '0e223e42-bed4-4778-a973-8d0ad9813f71')
INSERT INTO [dbo].[UserActor] (UserId, ActorId) VALUES ('80892f1a-5a9a-466b-a86f-45e98588dc6d', '09591f53-b531-4db5-bb66-a2f52a393d82')
INSERT INTO [dbo].[UserActor] (UserId, ActorId) VALUES ('002df347-4475-4b95-ba2b-4902388fcb71', '83510249-9f7c-4827-a67c-499a3a94f533')
INSERT INTO [dbo].[UserActor] (UserId, ActorId) VALUES ('002df347-4475-4b95-ba2b-4902388fcb71', '0e223e42-bed4-4778-a973-8d0ad9813f71')
INSERT INTO [dbo].[UserActor] (UserId, ActorId) VALUES ('002df347-4475-4b95-ba2b-4902388fcb71', '09591f53-b531-4db5-bb66-a2f52a393d82')
INSERT INTO [dbo].[UserActor] (UserId, ActorId) VALUES ('55c75f0d-ec0b-4508-877f-4a568f45f7d0', '8e6124b1-36f0-43ac-b022-73d9c0fde334')
INSERT INTO [dbo].[UserActor] (UserId, ActorId) VALUES ('55c75f0d-ec0b-4508-877f-4a568f45f7d0', 'f9b5e62b-3576-4cc6-81b7-ccdea2010d41')
INSERT INTO [dbo].[UserActor] (UserId, ActorId) VALUES ('2b090b59-51c9-4d34-b499-53fa350b5540', '83510249-9f7c-4827-a67c-499a3a94f533')
INSERT INTO [dbo].[UserActor] (UserId, ActorId) VALUES ('2b090b59-51c9-4d34-b499-53fa350b5540', '0e223e42-bed4-4778-a973-8d0ad9813f71')
INSERT INTO [dbo].[UserActor] (UserId, ActorId) VALUES ('2b090b59-51c9-4d34-b499-53fa350b5540', '09591f53-b531-4db5-bb66-a2f52a393d82')
INSERT INTO [dbo].[UserActor] (UserId, ActorId) VALUES ('7d42f9ee-8915-412d-a03a-54ac6cdc40e3', 'f9b5e62b-3576-4cc6-81b7-ccdea2010d41')
INSERT INTO [dbo].[UserActor] (UserId, ActorId) VALUES ('b6e55220-cba7-47c5-bb11-5966c8e38a6c', '83510249-9f7c-4827-a67c-499a3a94f533')
INSERT INTO [dbo].[UserActor] (UserId, ActorId) VALUES ('b6e55220-cba7-47c5-bb11-5966c8e38a6c', '0e223e42-bed4-4778-a973-8d0ad9813f71')
INSERT INTO [dbo].[UserActor] (UserId, ActorId) VALUES ('b6e55220-cba7-47c5-bb11-5966c8e38a6c', '09591f53-b531-4db5-bb66-a2f52a393d82')
INSERT INTO [dbo].[UserActor] (UserId, ActorId) VALUES ('a459b89f-ab45-4e6f-9d8b-5b2199a5e32c', 'af450c03-1937-4ea1-bb66-17b6e4aa51f5')
INSERT INTO [dbo].[UserActor] (UserId, ActorId) VALUES ('a459b89f-ab45-4e6f-9d8b-5b2199a5e32c', 'c2059ddf-ad04-4a99-bc98-2c6fde857025')
INSERT INTO [dbo].[UserActor] (UserId, ActorId) VALUES ('a459b89f-ab45-4e6f-9d8b-5b2199a5e32c', 'e52427c2-204b-4cf2-beec-35b95f935619')
INSERT INTO [dbo].[UserActor] (UserId, ActorId) VALUES ('a459b89f-ab45-4e6f-9d8b-5b2199a5e32c', 'a982de1f-3703-4e3c-be56-4e54418a2a59')
INSERT INTO [dbo].[UserActor] (UserId, ActorId) VALUES ('a459b89f-ab45-4e6f-9d8b-5b2199a5e32c', '0fc7e028-3157-48f2-8744-5c23effe857d')
INSERT INTO [dbo].[UserActor] (UserId, ActorId) VALUES ('a459b89f-ab45-4e6f-9d8b-5b2199a5e32c', 'bb71f037-692d-4bcd-9c79-741ad90e33ca')
INSERT INTO [dbo].[UserActor] (UserId, ActorId) VALUES ('a459b89f-ab45-4e6f-9d8b-5b2199a5e32c', 'a4abd4ad-4ff3-4e93-a86d-7b164910ca34')
INSERT INTO [dbo].[UserActor] (UserId, ActorId) VALUES ('a459b89f-ab45-4e6f-9d8b-5b2199a5e32c', '158725db-35b5-4740-8ba4-80c616ec9f92')
INSERT INTO [dbo].[UserActor] (UserId, ActorId) VALUES ('a459b89f-ab45-4e6f-9d8b-5b2199a5e32c', 'cb2266e1-7acd-49f7-95ae-858ef7800e39')
INSERT INTO [dbo].[UserActor] (UserId, ActorId) VALUES ('a459b89f-ab45-4e6f-9d8b-5b2199a5e32c', 'b65bf5d4-16ed-415a-bc42-90331d2f8eaf')
INSERT INTO [dbo].[UserActor] (UserId, ActorId) VALUES ('a459b89f-ab45-4e6f-9d8b-5b2199a5e32c', 'b8f00060-e02a-4418-a1bd-963778473238')
INSERT INTO [dbo].[UserActor] (UserId, ActorId) VALUES ('a459b89f-ab45-4e6f-9d8b-5b2199a5e32c', 'd49bc21d-87c0-426b-bd2d-a097a91de611')
INSERT INTO [dbo].[UserActor] (UserId, ActorId) VALUES ('a459b89f-ab45-4e6f-9d8b-5b2199a5e32c', 'ef69b130-1ead-4e58-a926-a2b1154d7e2a')
INSERT INTO [dbo].[UserActor] (UserId, ActorId) VALUES ('a459b89f-ab45-4e6f-9d8b-5b2199a5e32c', '55878bd4-ef25-4f2e-8ba8-b2f3cca962e6')
INSERT INTO [dbo].[UserActor] (UserId, ActorId) VALUES ('a459b89f-ab45-4e6f-9d8b-5b2199a5e32c', 'f718ac37-9b7f-42dc-943e-bd211ea044ff')
INSERT INTO [dbo].[UserActor] (UserId, ActorId) VALUES ('a459b89f-ab45-4e6f-9d8b-5b2199a5e32c', '1e2cc2e8-670e-40fa-bfae-be0fec70e9aa')
INSERT INTO [dbo].[UserActor] (UserId, ActorId) VALUES ('a459b89f-ab45-4e6f-9d8b-5b2199a5e32c', '20284dd9-8586-4b9d-87b3-e1f29faec8fd')
INSERT INTO [dbo].[UserActor] (UserId, ActorId) VALUES ('a459b89f-ab45-4e6f-9d8b-5b2199a5e32c', '5ed12387-2926-4a93-a76c-e779d2b54f4a')
INSERT INTO [dbo].[UserActor] (UserId, ActorId) VALUES ('57a79a65-9be2-4f02-8027-5c806fc8dd62', '3000e8c2-0dc0-4532-a40d-01ca17fe0d08')
INSERT INTO [dbo].[UserActor] (UserId, ActorId) VALUES ('57a79a65-9be2-4f02-8027-5c806fc8dd62', '2a0fd613-bb31-455b-9182-0534ac42ba59')
INSERT INTO [dbo].[UserActor] (UserId, ActorId) VALUES ('57a79a65-9be2-4f02-8027-5c806fc8dd62', '5b294533-eb98-4073-8477-094e720c903c')
INSERT INTO [dbo].[UserActor] (UserId, ActorId) VALUES ('57a79a65-9be2-4f02-8027-5c806fc8dd62', '27f168a8-a23c-48f1-88aa-116ed7fd2bc1')
INSERT INTO [dbo].[UserActor] (UserId, ActorId) VALUES ('57a79a65-9be2-4f02-8027-5c806fc8dd62', 'af450c03-1937-4ea1-bb66-17b6e4aa51f5')
INSERT INTO [dbo].[UserActor] (UserId, ActorId) VALUES ('57a79a65-9be2-4f02-8027-5c806fc8dd62', 'e47fd7e8-114a-4e5f-bc7c-19d12fd2d884')
INSERT INTO [dbo].[UserActor] (UserId, ActorId) VALUES ('57a79a65-9be2-4f02-8027-5c806fc8dd62', '4532d655-b91d-4d6d-8103-1b8471e0bdc6')
INSERT INTO [dbo].[UserActor] (UserId, ActorId) VALUES ('57a79a65-9be2-4f02-8027-5c806fc8dd62', 'a363a555-e88b-4cde-a22b-1fd52854ec05')
INSERT INTO [dbo].[UserActor] (UserId, ActorId) VALUES ('57a79a65-9be2-4f02-8027-5c806fc8dd62', 'dd85c8e2-7e6a-4489-bbf2-20b10acd8077')
INSERT INTO [dbo].[UserActor] (UserId, ActorId) VALUES ('57a79a65-9be2-4f02-8027-5c806fc8dd62', '80146b69-ad6a-4f35-99f7-21db436d9bff')
INSERT INTO [dbo].[UserActor] (UserId, ActorId) VALUES ('57a79a65-9be2-4f02-8027-5c806fc8dd62', '7fd4af08-11e5-46f1-b0e5-29c00c2f733f')
INSERT INTO [dbo].[UserActor] (UserId, ActorId) VALUES ('57a79a65-9be2-4f02-8027-5c806fc8dd62', '08707473-ce69-4699-9780-2c118dd527cf')
INSERT INTO [dbo].[UserActor] (UserId, ActorId) VALUES ('57a79a65-9be2-4f02-8027-5c806fc8dd62', '38312a77-50b5-41ce-bd5e-2d0ad7500c0a')
INSERT INTO [dbo].[UserActor] (UserId, ActorId) VALUES ('57a79a65-9be2-4f02-8027-5c806fc8dd62', 'bfa610c6-c732-4613-9860-2dc04e0894dd')
INSERT INTO [dbo].[UserActor] (UserId, ActorId) VALUES ('57a79a65-9be2-4f02-8027-5c806fc8dd62', '14f60355-af6c-4267-a89f-2f20c07ea8ad')
INSERT INTO [dbo].[UserActor] (UserId, ActorId) VALUES ('57a79a65-9be2-4f02-8027-5c806fc8dd62', 'fa2837d8-430d-4182-871f-304ac4844043')
INSERT INTO [dbo].[UserActor] (UserId, ActorId) VALUES ('57a79a65-9be2-4f02-8027-5c806fc8dd62', '8ff5c6cf-4b5b-456a-8a58-337efd49aa3b')
INSERT INTO [dbo].[UserActor] (UserId, ActorId) VALUES ('57a79a65-9be2-4f02-8027-5c806fc8dd62', '3a4ff827-748e-4b1c-a7a2-357e1da5b4ac')
INSERT INTO [dbo].[UserActor] (UserId, ActorId) VALUES ('57a79a65-9be2-4f02-8027-5c806fc8dd62', 'c316bc8f-f89b-48da-a0c2-36e972b7ed7d')
INSERT INTO [dbo].[UserActor] (UserId, ActorId) VALUES ('57a79a65-9be2-4f02-8027-5c806fc8dd62', 'ae9fd1eb-b83d-42e2-8d1c-3b0c8f2b9ef2')
INSERT INTO [dbo].[UserActor] (UserId, ActorId) VALUES ('57a79a65-9be2-4f02-8027-5c806fc8dd62', 'de716833-4f62-4542-933d-3df435eb90c7')
INSERT INTO [dbo].[UserActor] (UserId, ActorId) VALUES ('57a79a65-9be2-4f02-8027-5c806fc8dd62', '9306c399-9038-4129-8895-4008a7b5747e')
INSERT INTO [dbo].[UserActor] (UserId, ActorId) VALUES ('57a79a65-9be2-4f02-8027-5c806fc8dd62', '351fa112-a216-421e-a5f6-42cb73f75f5c')
INSERT INTO [dbo].[UserActor] (UserId, ActorId) VALUES ('57a79a65-9be2-4f02-8027-5c806fc8dd62', '60257177-cedb-4798-9da1-452301439df7')
INSERT INTO [dbo].[UserActor] (UserId, ActorId) VALUES ('57a79a65-9be2-4f02-8027-5c806fc8dd62', '03603af3-8f70-4b23-b369-454aec9fb4f4')
INSERT INTO [dbo].[UserActor] (UserId, ActorId) VALUES ('57a79a65-9be2-4f02-8027-5c806fc8dd62', '83510249-9f7c-4827-a67c-499a3a94f533')
INSERT INTO [dbo].[UserActor] (UserId, ActorId) VALUES ('57a79a65-9be2-4f02-8027-5c806fc8dd62', '7ba7cbd1-ec9d-4352-ae13-4c04251d75bc')
INSERT INTO [dbo].[UserActor] (UserId, ActorId) VALUES ('57a79a65-9be2-4f02-8027-5c806fc8dd62', 'c3fe13ec-03e5-48f1-b1c8-4c501077e203')
INSERT INTO [dbo].[UserActor] (UserId, ActorId) VALUES ('57a79a65-9be2-4f02-8027-5c806fc8dd62', 'a982de1f-3703-4e3c-be56-4e54418a2a59')
INSERT INTO [dbo].[UserActor] (UserId, ActorId) VALUES ('57a79a65-9be2-4f02-8027-5c806fc8dd62', '0d5eec16-9e52-42e0-96bc-4ff3fc3c9a5a')
INSERT INTO [dbo].[UserActor] (UserId, ActorId) VALUES ('57a79a65-9be2-4f02-8027-5c806fc8dd62', '61b46919-07e4-4a49-a22a-55708f9ebbf0')
INSERT INTO [dbo].[UserActor] (UserId, ActorId) VALUES ('57a79a65-9be2-4f02-8027-5c806fc8dd62', '59090111-0b3e-4530-bc1f-5803a5017415')
INSERT INTO [dbo].[UserActor] (UserId, ActorId) VALUES ('57a79a65-9be2-4f02-8027-5c806fc8dd62', '0fc7e028-3157-48f2-8744-5c23effe857d')
INSERT INTO [dbo].[UserActor] (UserId, ActorId) VALUES ('57a79a65-9be2-4f02-8027-5c806fc8dd62', '8f7566a0-d540-4789-8739-72484060fbfd')
INSERT INTO [dbo].[UserActor] (UserId, ActorId) VALUES ('57a79a65-9be2-4f02-8027-5c806fc8dd62', '91fcc2f8-305a-49a7-8e95-730e49bbb85e')
INSERT INTO [dbo].[UserActor] (UserId, ActorId) VALUES ('57a79a65-9be2-4f02-8027-5c806fc8dd62', '8e6124b1-36f0-43ac-b022-73d9c0fde334')
INSERT INTO [dbo].[UserActor] (UserId, ActorId) VALUES ('57a79a65-9be2-4f02-8027-5c806fc8dd62', '8b678ccf-d6c0-4f5a-890b-7589746664f1')
INSERT INTO [dbo].[UserActor] (UserId, ActorId) VALUES ('57a79a65-9be2-4f02-8027-5c806fc8dd62', 'ddb53b36-9f61-41c4-bebe-77c06cd33151')
INSERT INTO [dbo].[UserActor] (UserId, ActorId) VALUES ('57a79a65-9be2-4f02-8027-5c806fc8dd62', '5de61589-8846-45e1-af3f-786673a287a7')
INSERT INTO [dbo].[UserActor] (UserId, ActorId) VALUES ('57a79a65-9be2-4f02-8027-5c806fc8dd62', 'a4abd4ad-4ff3-4e93-a86d-7b164910ca34')
INSERT INTO [dbo].[UserActor] (UserId, ActorId) VALUES ('57a79a65-9be2-4f02-8027-5c806fc8dd62', '158725db-35b5-4740-8ba4-80c616ec9f92')
INSERT INTO [dbo].[UserActor] (UserId, ActorId) VALUES ('57a79a65-9be2-4f02-8027-5c806fc8dd62', 'cb2266e1-7acd-49f7-95ae-858ef7800e39')
INSERT INTO [dbo].[UserActor] (UserId, ActorId) VALUES ('57a79a65-9be2-4f02-8027-5c806fc8dd62', '0e223e42-bed4-4778-a973-8d0ad9813f71')
INSERT INTO [dbo].[UserActor] (UserId, ActorId) VALUES ('57a79a65-9be2-4f02-8027-5c806fc8dd62', '4b8abb49-71f9-465c-9ec3-8f7cbe3f4659')
INSERT INTO [dbo].[UserActor] (UserId, ActorId) VALUES ('57a79a65-9be2-4f02-8027-5c806fc8dd62', 'b65bf5d4-16ed-415a-bc42-90331d2f8eaf')
INSERT INTO [dbo].[UserActor] (UserId, ActorId) VALUES ('57a79a65-9be2-4f02-8027-5c806fc8dd62', 'b8f00060-e02a-4418-a1bd-963778473238')
INSERT INTO [dbo].[UserActor] (UserId, ActorId) VALUES ('57a79a65-9be2-4f02-8027-5c806fc8dd62', '46e6b59d-6056-4054-a3c2-99356c067817')
INSERT INTO [dbo].[UserActor] (UserId, ActorId) VALUES ('57a79a65-9be2-4f02-8027-5c806fc8dd62', 'b900386e-ca17-43b5-8fba-9f0e73f4345d')
INSERT INTO [dbo].[UserActor] (UserId, ActorId) VALUES ('57a79a65-9be2-4f02-8027-5c806fc8dd62', 'fc9ddf32-1985-4831-9c03-9f95aed6f02c')
INSERT INTO [dbo].[UserActor] (UserId, ActorId) VALUES ('57a79a65-9be2-4f02-8027-5c806fc8dd62', 'd49bc21d-87c0-426b-bd2d-a097a91de611')
INSERT INTO [dbo].[UserActor] (UserId, ActorId) VALUES ('57a79a65-9be2-4f02-8027-5c806fc8dd62', '09591f53-b531-4db5-bb66-a2f52a393d82')
INSERT INTO [dbo].[UserActor] (UserId, ActorId) VALUES ('57a79a65-9be2-4f02-8027-5c806fc8dd62', 'f35e48d3-423a-4507-bcf5-a4268d74fa01')
INSERT INTO [dbo].[UserActor] (UserId, ActorId) VALUES ('57a79a65-9be2-4f02-8027-5c806fc8dd62', '55878bd4-ef25-4f2e-8ba8-b2f3cca962e6')
INSERT INTO [dbo].[UserActor] (UserId, ActorId) VALUES ('57a79a65-9be2-4f02-8027-5c806fc8dd62', 'f718ac37-9b7f-42dc-943e-bd211ea044ff')
INSERT INTO [dbo].[UserActor] (UserId, ActorId) VALUES ('57a79a65-9be2-4f02-8027-5c806fc8dd62', '1e2cc2e8-670e-40fa-bfae-be0fec70e9aa')
INSERT INTO [dbo].[UserActor] (UserId, ActorId) VALUES ('57a79a65-9be2-4f02-8027-5c806fc8dd62', '0becf017-4611-429a-89b5-c194de60eac7')
INSERT INTO [dbo].[UserActor] (UserId, ActorId) VALUES ('57a79a65-9be2-4f02-8027-5c806fc8dd62', '0e71f8a0-38a7-4d79-bf69-c6dcf8929f37')
INSERT INTO [dbo].[UserActor] (UserId, ActorId) VALUES ('57a79a65-9be2-4f02-8027-5c806fc8dd62', 'f9b5e62b-3576-4cc6-81b7-ccdea2010d41')
INSERT INTO [dbo].[UserActor] (UserId, ActorId) VALUES ('57a79a65-9be2-4f02-8027-5c806fc8dd62', 'b425d950-3e15-44a5-84bf-cf029ff110f6')
INSERT INTO [dbo].[UserActor] (UserId, ActorId) VALUES ('57a79a65-9be2-4f02-8027-5c806fc8dd62', 'a42757c3-50a9-43e9-b1f9-d0d2a4ddf5a0')
INSERT INTO [dbo].[UserActor] (UserId, ActorId) VALUES ('57a79a65-9be2-4f02-8027-5c806fc8dd62', 'ca34f9c1-2104-48f8-a2e8-d5a99a1f9fc3')
INSERT INTO [dbo].[UserActor] (UserId, ActorId) VALUES ('57a79a65-9be2-4f02-8027-5c806fc8dd62', '7122b8f6-3fe9-4896-a922-ddde63cc32e8')
INSERT INTO [dbo].[UserActor] (UserId, ActorId) VALUES ('57a79a65-9be2-4f02-8027-5c806fc8dd62', '20284dd9-8586-4b9d-87b3-e1f29faec8fd')
INSERT INTO [dbo].[UserActor] (UserId, ActorId) VALUES ('57a79a65-9be2-4f02-8027-5c806fc8dd62', 'f52cd834-cc72-4bbe-961c-ea1d71bf854f')
INSERT INTO [dbo].[UserActor] (UserId, ActorId) VALUES ('57a79a65-9be2-4f02-8027-5c806fc8dd62', '51fdc822-ebdd-4882-a80b-eb79cf420479')
INSERT INTO [dbo].[UserActor] (UserId, ActorId) VALUES ('57a79a65-9be2-4f02-8027-5c806fc8dd62', 'b6d3dcb7-2722-426a-8970-ece730165919')
INSERT INTO [dbo].[UserActor] (UserId, ActorId) VALUES ('57a79a65-9be2-4f02-8027-5c806fc8dd62', '519943be-f3f3-49d7-a332-eed2524bb586')
INSERT INTO [dbo].[UserActor] (UserId, ActorId) VALUES ('57a79a65-9be2-4f02-8027-5c806fc8dd62', 'ef3e33bd-6963-405d-b1b2-f10929861050')
INSERT INTO [dbo].[UserActor] (UserId, ActorId) VALUES ('57a79a65-9be2-4f02-8027-5c806fc8dd62', 'bbab4771-3fc4-4c44-99a7-f7ddf0737091')
INSERT INTO [dbo].[UserActor] (UserId, ActorId) VALUES ('54e61697-3314-4f26-a8d2-5dea9b679e85', 'de716833-4f62-4542-933d-3df435eb90c7')
INSERT INTO [dbo].[UserActor] (UserId, ActorId) VALUES ('54e61697-3314-4f26-a8d2-5dea9b679e85', 'a982de1f-3703-4e3c-be56-4e54418a2a59')
INSERT INTO [dbo].[UserActor] (UserId, ActorId) VALUES ('54e61697-3314-4f26-a8d2-5dea9b679e85', 'b65bf5d4-16ed-415a-bc42-90331d2f8eaf')
INSERT INTO [dbo].[UserActor] (UserId, ActorId) VALUES ('54e61697-3314-4f26-a8d2-5dea9b679e85', '20284dd9-8586-4b9d-87b3-e1f29faec8fd')
INSERT INTO [dbo].[UserActor] (UserId, ActorId) VALUES ('cce395fb-fab3-458b-8eaf-61fb40b4d564', '83510249-9f7c-4827-a67c-499a3a94f533')
INSERT INTO [dbo].[UserActor] (UserId, ActorId) VALUES ('cce395fb-fab3-458b-8eaf-61fb40b4d564', '0e223e42-bed4-4778-a973-8d0ad9813f71')
INSERT INTO [dbo].[UserActor] (UserId, ActorId) VALUES ('cce395fb-fab3-458b-8eaf-61fb40b4d564', '09591f53-b531-4db5-bb66-a2f52a393d82')
INSERT INTO [dbo].[UserActor] (UserId, ActorId) VALUES ('2288c650-6cc2-469e-b37e-6785cc2a6d96', '03603af3-8f70-4b23-b369-454aec9fb4f4')
INSERT INTO [dbo].[UserActor] (UserId, ActorId) VALUES ('2288c650-6cc2-469e-b37e-6785cc2a6d96', '83510249-9f7c-4827-a67c-499a3a94f533')
INSERT INTO [dbo].[UserActor] (UserId, ActorId) VALUES ('2288c650-6cc2-469e-b37e-6785cc2a6d96', '0e223e42-bed4-4778-a973-8d0ad9813f71')
INSERT INTO [dbo].[UserActor] (UserId, ActorId) VALUES ('2288c650-6cc2-469e-b37e-6785cc2a6d96', '09591f53-b531-4db5-bb66-a2f52a393d82')
INSERT INTO [dbo].[UserActor] (UserId, ActorId) VALUES ('9390a5a5-acbc-4075-b23a-683c53684f3e', '03603af3-8f70-4b23-b369-454aec9fb4f4')
INSERT INTO [dbo].[UserActor] (UserId, ActorId) VALUES ('9390a5a5-acbc-4075-b23a-683c53684f3e', '83510249-9f7c-4827-a67c-499a3a94f533')
INSERT INTO [dbo].[UserActor] (UserId, ActorId) VALUES ('9390a5a5-acbc-4075-b23a-683c53684f3e', '0e223e42-bed4-4778-a973-8d0ad9813f71')
INSERT INTO [dbo].[UserActor] (UserId, ActorId) VALUES ('9390a5a5-acbc-4075-b23a-683c53684f3e', '09591f53-b531-4db5-bb66-a2f52a393d82')
INSERT INTO [dbo].[UserActor] (UserId, ActorId) VALUES ('0b5d57c9-9419-41f5-b109-6c33e85925ba', 'de716833-4f62-4542-933d-3df435eb90c7')
INSERT INTO [dbo].[UserActor] (UserId, ActorId) VALUES ('0b5d57c9-9419-41f5-b109-6c33e85925ba', 'a982de1f-3703-4e3c-be56-4e54418a2a59')
INSERT INTO [dbo].[UserActor] (UserId, ActorId) VALUES ('0b5d57c9-9419-41f5-b109-6c33e85925ba', 'b65bf5d4-16ed-415a-bc42-90331d2f8eaf')
INSERT INTO [dbo].[UserActor] (UserId, ActorId) VALUES ('0b5d57c9-9419-41f5-b109-6c33e85925ba', '20284dd9-8586-4b9d-87b3-e1f29faec8fd')
INSERT INTO [dbo].[UserActor] (UserId, ActorId) VALUES ('6543508b-eb89-4f26-8f8e-6c605631668e', '83510249-9f7c-4827-a67c-499a3a94f533')
INSERT INTO [dbo].[UserActor] (UserId, ActorId) VALUES ('6543508b-eb89-4f26-8f8e-6c605631668e', '0e223e42-bed4-4778-a973-8d0ad9813f71')
INSERT INTO [dbo].[UserActor] (UserId, ActorId) VALUES ('6543508b-eb89-4f26-8f8e-6c605631668e', '09591f53-b531-4db5-bb66-a2f52a393d82')
INSERT INTO [dbo].[UserActor] (UserId, ActorId) VALUES ('38c33a52-77cb-4770-8eff-6f52ac048244', '83510249-9f7c-4827-a67c-499a3a94f533')
INSERT INTO [dbo].[UserActor] (UserId, ActorId) VALUES ('38c33a52-77cb-4770-8eff-6f52ac048244', '0e223e42-bed4-4778-a973-8d0ad9813f71')
INSERT INTO [dbo].[UserActor] (UserId, ActorId) VALUES ('38c33a52-77cb-4770-8eff-6f52ac048244', '09591f53-b531-4db5-bb66-a2f52a393d82')
INSERT INTO [dbo].[UserActor] (UserId, ActorId) VALUES ('deb95ad6-18d1-4820-bd4d-7a8740c497ec', 'f9b5e62b-3576-4cc6-81b7-ccdea2010d41')
INSERT INTO [dbo].[UserActor] (UserId, ActorId) VALUES ('5cd4b792-c9ba-4302-872e-7bf86df2c991', '83510249-9f7c-4827-a67c-499a3a94f533')
INSERT INTO [dbo].[UserActor] (UserId, ActorId) VALUES ('5cd4b792-c9ba-4302-872e-7bf86df2c991', '0e223e42-bed4-4778-a973-8d0ad9813f71')
INSERT INTO [dbo].[UserActor] (UserId, ActorId) VALUES ('5cd4b792-c9ba-4302-872e-7bf86df2c991', '09591f53-b531-4db5-bb66-a2f52a393d82')
INSERT INTO [dbo].[UserActor] (UserId, ActorId) VALUES ('7ed4b06c-c573-4e46-9b65-7dda9b1531d8', 'af450c03-1937-4ea1-bb66-17b6e4aa51f5')
INSERT INTO [dbo].[UserActor] (UserId, ActorId) VALUES ('7ed4b06c-c573-4e46-9b65-7dda9b1531d8', 'c2059ddf-ad04-4a99-bc98-2c6fde857025')
INSERT INTO [dbo].[UserActor] (UserId, ActorId) VALUES ('7ed4b06c-c573-4e46-9b65-7dda9b1531d8', 'e52427c2-204b-4cf2-beec-35b95f935619')
INSERT INTO [dbo].[UserActor] (UserId, ActorId) VALUES ('7ed4b06c-c573-4e46-9b65-7dda9b1531d8', 'a982de1f-3703-4e3c-be56-4e54418a2a59')
INSERT INTO [dbo].[UserActor] (UserId, ActorId) VALUES ('7ed4b06c-c573-4e46-9b65-7dda9b1531d8', '0fc7e028-3157-48f2-8744-5c23effe857d')
INSERT INTO [dbo].[UserActor] (UserId, ActorId) VALUES ('7ed4b06c-c573-4e46-9b65-7dda9b1531d8', 'bb71f037-692d-4bcd-9c79-741ad90e33ca')
INSERT INTO [dbo].[UserActor] (UserId, ActorId) VALUES ('7ed4b06c-c573-4e46-9b65-7dda9b1531d8', 'a4abd4ad-4ff3-4e93-a86d-7b164910ca34')
INSERT INTO [dbo].[UserActor] (UserId, ActorId) VALUES ('7ed4b06c-c573-4e46-9b65-7dda9b1531d8', '158725db-35b5-4740-8ba4-80c616ec9f92')
INSERT INTO [dbo].[UserActor] (UserId, ActorId) VALUES ('7ed4b06c-c573-4e46-9b65-7dda9b1531d8', 'cb2266e1-7acd-49f7-95ae-858ef7800e39')
INSERT INTO [dbo].[UserActor] (UserId, ActorId) VALUES ('7ed4b06c-c573-4e46-9b65-7dda9b1531d8', 'b65bf5d4-16ed-415a-bc42-90331d2f8eaf')
INSERT INTO [dbo].[UserActor] (UserId, ActorId) VALUES ('7ed4b06c-c573-4e46-9b65-7dda9b1531d8', 'b8f00060-e02a-4418-a1bd-963778473238')
INSERT INTO [dbo].[UserActor] (UserId, ActorId) VALUES ('7ed4b06c-c573-4e46-9b65-7dda9b1531d8', 'd49bc21d-87c0-426b-bd2d-a097a91de611')
INSERT INTO [dbo].[UserActor] (UserId, ActorId) VALUES ('7ed4b06c-c573-4e46-9b65-7dda9b1531d8', 'ef69b130-1ead-4e58-a926-a2b1154d7e2a')
INSERT INTO [dbo].[UserActor] (UserId, ActorId) VALUES ('7ed4b06c-c573-4e46-9b65-7dda9b1531d8', '55878bd4-ef25-4f2e-8ba8-b2f3cca962e6')
INSERT INTO [dbo].[UserActor] (UserId, ActorId) VALUES ('7ed4b06c-c573-4e46-9b65-7dda9b1531d8', 'f718ac37-9b7f-42dc-943e-bd211ea044ff')
INSERT INTO [dbo].[UserActor] (UserId, ActorId) VALUES ('7ed4b06c-c573-4e46-9b65-7dda9b1531d8', '1e2cc2e8-670e-40fa-bfae-be0fec70e9aa')
INSERT INTO [dbo].[UserActor] (UserId, ActorId) VALUES ('7ed4b06c-c573-4e46-9b65-7dda9b1531d8', '20284dd9-8586-4b9d-87b3-e1f29faec8fd')
INSERT INTO [dbo].[UserActor] (UserId, ActorId) VALUES ('7ed4b06c-c573-4e46-9b65-7dda9b1531d8', '5ed12387-2926-4a93-a76c-e779d2b54f4a')
INSERT INTO [dbo].[UserActor] (UserId, ActorId) VALUES ('d7aef1e1-0979-436f-b1a0-8ba97fe7ef94', 'c2059ddf-ad04-4a99-bc98-2c6fde857025')
INSERT INTO [dbo].[UserActor] (UserId, ActorId) VALUES ('d7aef1e1-0979-436f-b1a0-8ba97fe7ef94', 'e52427c2-204b-4cf2-beec-35b95f935619')
INSERT INTO [dbo].[UserActor] (UserId, ActorId) VALUES ('d7aef1e1-0979-436f-b1a0-8ba97fe7ef94', 'bb71f037-692d-4bcd-9c79-741ad90e33ca')
INSERT INTO [dbo].[UserActor] (UserId, ActorId) VALUES ('d7aef1e1-0979-436f-b1a0-8ba97fe7ef94', 'ef69b130-1ead-4e58-a926-a2b1154d7e2a')
INSERT INTO [dbo].[UserActor] (UserId, ActorId) VALUES ('d7aef1e1-0979-436f-b1a0-8ba97fe7ef94', '5ed12387-2926-4a93-a76c-e779d2b54f4a')
INSERT INTO [dbo].[UserActor] (UserId, ActorId) VALUES ('e24a7b61-1e28-4a89-b5c1-8ecb77441bee', '8e6124b1-36f0-43ac-b022-73d9c0fde334')
INSERT INTO [dbo].[UserActor] (UserId, ActorId) VALUES ('8a36c0cf-5f16-40c5-a7fd-910f0a200209', '3000e8c2-0dc0-4532-a40d-01ca17fe0d08')
INSERT INTO [dbo].[UserActor] (UserId, ActorId) VALUES ('8a36c0cf-5f16-40c5-a7fd-910f0a200209', '2a0fd613-bb31-455b-9182-0534ac42ba59')
INSERT INTO [dbo].[UserActor] (UserId, ActorId) VALUES ('8a36c0cf-5f16-40c5-a7fd-910f0a200209', '5b294533-eb98-4073-8477-094e720c903c')
INSERT INTO [dbo].[UserActor] (UserId, ActorId) VALUES ('8a36c0cf-5f16-40c5-a7fd-910f0a200209', '27f168a8-a23c-48f1-88aa-116ed7fd2bc1')
INSERT INTO [dbo].[UserActor] (UserId, ActorId) VALUES ('8a36c0cf-5f16-40c5-a7fd-910f0a200209', 'af450c03-1937-4ea1-bb66-17b6e4aa51f5')
INSERT INTO [dbo].[UserActor] (UserId, ActorId) VALUES ('8a36c0cf-5f16-40c5-a7fd-910f0a200209', 'e47fd7e8-114a-4e5f-bc7c-19d12fd2d884')
INSERT INTO [dbo].[UserActor] (UserId, ActorId) VALUES ('8a36c0cf-5f16-40c5-a7fd-910f0a200209', '4532d655-b91d-4d6d-8103-1b8471e0bdc6')
INSERT INTO [dbo].[UserActor] (UserId, ActorId) VALUES ('8a36c0cf-5f16-40c5-a7fd-910f0a200209', 'a363a555-e88b-4cde-a22b-1fd52854ec05')
INSERT INTO [dbo].[UserActor] (UserId, ActorId) VALUES ('8a36c0cf-5f16-40c5-a7fd-910f0a200209', 'dd85c8e2-7e6a-4489-bbf2-20b10acd8077')
INSERT INTO [dbo].[UserActor] (UserId, ActorId) VALUES ('8a36c0cf-5f16-40c5-a7fd-910f0a200209', '80146b69-ad6a-4f35-99f7-21db436d9bff')
INSERT INTO [dbo].[UserActor] (UserId, ActorId) VALUES ('8a36c0cf-5f16-40c5-a7fd-910f0a200209', '7fd4af08-11e5-46f1-b0e5-29c00c2f733f')
INSERT INTO [dbo].[UserActor] (UserId, ActorId) VALUES ('8a36c0cf-5f16-40c5-a7fd-910f0a200209', '08707473-ce69-4699-9780-2c118dd527cf')
INSERT INTO [dbo].[UserActor] (UserId, ActorId) VALUES ('8a36c0cf-5f16-40c5-a7fd-910f0a200209', '38312a77-50b5-41ce-bd5e-2d0ad7500c0a')
INSERT INTO [dbo].[UserActor] (UserId, ActorId) VALUES ('8a36c0cf-5f16-40c5-a7fd-910f0a200209', 'bfa610c6-c732-4613-9860-2dc04e0894dd')
INSERT INTO [dbo].[UserActor] (UserId, ActorId) VALUES ('8a36c0cf-5f16-40c5-a7fd-910f0a200209', '14f60355-af6c-4267-a89f-2f20c07ea8ad')
INSERT INTO [dbo].[UserActor] (UserId, ActorId) VALUES ('8a36c0cf-5f16-40c5-a7fd-910f0a200209', 'fa2837d8-430d-4182-871f-304ac4844043')
INSERT INTO [dbo].[UserActor] (UserId, ActorId) VALUES ('8a36c0cf-5f16-40c5-a7fd-910f0a200209', '8ff5c6cf-4b5b-456a-8a58-337efd49aa3b')
INSERT INTO [dbo].[UserActor] (UserId, ActorId) VALUES ('8a36c0cf-5f16-40c5-a7fd-910f0a200209', '3a4ff827-748e-4b1c-a7a2-357e1da5b4ac')
INSERT INTO [dbo].[UserActor] (UserId, ActorId) VALUES ('8a36c0cf-5f16-40c5-a7fd-910f0a200209', 'c316bc8f-f89b-48da-a0c2-36e972b7ed7d')
INSERT INTO [dbo].[UserActor] (UserId, ActorId) VALUES ('8a36c0cf-5f16-40c5-a7fd-910f0a200209', 'ae9fd1eb-b83d-42e2-8d1c-3b0c8f2b9ef2')
INSERT INTO [dbo].[UserActor] (UserId, ActorId) VALUES ('8a36c0cf-5f16-40c5-a7fd-910f0a200209', 'de716833-4f62-4542-933d-3df435eb90c7')
INSERT INTO [dbo].[UserActor] (UserId, ActorId) VALUES ('8a36c0cf-5f16-40c5-a7fd-910f0a200209', '9306c399-9038-4129-8895-4008a7b5747e')
INSERT INTO [dbo].[UserActor] (UserId, ActorId) VALUES ('8a36c0cf-5f16-40c5-a7fd-910f0a200209', '351fa112-a216-421e-a5f6-42cb73f75f5c')
INSERT INTO [dbo].[UserActor] (UserId, ActorId) VALUES ('8a36c0cf-5f16-40c5-a7fd-910f0a200209', '60257177-cedb-4798-9da1-452301439df7')
INSERT INTO [dbo].[UserActor] (UserId, ActorId) VALUES ('8a36c0cf-5f16-40c5-a7fd-910f0a200209', '03603af3-8f70-4b23-b369-454aec9fb4f4')
INSERT INTO [dbo].[UserActor] (UserId, ActorId) VALUES ('8a36c0cf-5f16-40c5-a7fd-910f0a200209', '83510249-9f7c-4827-a67c-499a3a94f533')
INSERT INTO [dbo].[UserActor] (UserId, ActorId) VALUES ('8a36c0cf-5f16-40c5-a7fd-910f0a200209', '7ba7cbd1-ec9d-4352-ae13-4c04251d75bc')
INSERT INTO [dbo].[UserActor] (UserId, ActorId) VALUES ('8a36c0cf-5f16-40c5-a7fd-910f0a200209', 'c3fe13ec-03e5-48f1-b1c8-4c501077e203')
INSERT INTO [dbo].[UserActor] (UserId, ActorId) VALUES ('8a36c0cf-5f16-40c5-a7fd-910f0a200209', 'a982de1f-3703-4e3c-be56-4e54418a2a59')
INSERT INTO [dbo].[UserActor] (UserId, ActorId) VALUES ('8a36c0cf-5f16-40c5-a7fd-910f0a200209', '0d5eec16-9e52-42e0-96bc-4ff3fc3c9a5a')
INSERT INTO [dbo].[UserActor] (UserId, ActorId) VALUES ('8a36c0cf-5f16-40c5-a7fd-910f0a200209', '61b46919-07e4-4a49-a22a-55708f9ebbf0')
INSERT INTO [dbo].[UserActor] (UserId, ActorId) VALUES ('8a36c0cf-5f16-40c5-a7fd-910f0a200209', '59090111-0b3e-4530-bc1f-5803a5017415')
INSERT INTO [dbo].[UserActor] (UserId, ActorId) VALUES ('8a36c0cf-5f16-40c5-a7fd-910f0a200209', '0fc7e028-3157-48f2-8744-5c23effe857d')
INSERT INTO [dbo].[UserActor] (UserId, ActorId) VALUES ('8a36c0cf-5f16-40c5-a7fd-910f0a200209', '8f7566a0-d540-4789-8739-72484060fbfd')
INSERT INTO [dbo].[UserActor] (UserId, ActorId) VALUES ('8a36c0cf-5f16-40c5-a7fd-910f0a200209', '91fcc2f8-305a-49a7-8e95-730e49bbb85e')
INSERT INTO [dbo].[UserActor] (UserId, ActorId) VALUES ('8a36c0cf-5f16-40c5-a7fd-910f0a200209', '8e6124b1-36f0-43ac-b022-73d9c0fde334')
INSERT INTO [dbo].[UserActor] (UserId, ActorId) VALUES ('8a36c0cf-5f16-40c5-a7fd-910f0a200209', '8b678ccf-d6c0-4f5a-890b-7589746664f1')
INSERT INTO [dbo].[UserActor] (UserId, ActorId) VALUES ('8a36c0cf-5f16-40c5-a7fd-910f0a200209', 'ddb53b36-9f61-41c4-bebe-77c06cd33151')
INSERT INTO [dbo].[UserActor] (UserId, ActorId) VALUES ('8a36c0cf-5f16-40c5-a7fd-910f0a200209', '5de61589-8846-45e1-af3f-786673a287a7')
INSERT INTO [dbo].[UserActor] (UserId, ActorId) VALUES ('8a36c0cf-5f16-40c5-a7fd-910f0a200209', 'a4abd4ad-4ff3-4e93-a86d-7b164910ca34')
INSERT INTO [dbo].[UserActor] (UserId, ActorId) VALUES ('8a36c0cf-5f16-40c5-a7fd-910f0a200209', '158725db-35b5-4740-8ba4-80c616ec9f92')
INSERT INTO [dbo].[UserActor] (UserId, ActorId) VALUES ('8a36c0cf-5f16-40c5-a7fd-910f0a200209', 'cb2266e1-7acd-49f7-95ae-858ef7800e39')
INSERT INTO [dbo].[UserActor] (UserId, ActorId) VALUES ('8a36c0cf-5f16-40c5-a7fd-910f0a200209', '0e223e42-bed4-4778-a973-8d0ad9813f71')
INSERT INTO [dbo].[UserActor] (UserId, ActorId) VALUES ('8a36c0cf-5f16-40c5-a7fd-910f0a200209', '4b8abb49-71f9-465c-9ec3-8f7cbe3f4659')
INSERT INTO [dbo].[UserActor] (UserId, ActorId) VALUES ('8a36c0cf-5f16-40c5-a7fd-910f0a200209', 'b65bf5d4-16ed-415a-bc42-90331d2f8eaf')
INSERT INTO [dbo].[UserActor] (UserId, ActorId) VALUES ('8a36c0cf-5f16-40c5-a7fd-910f0a200209', 'b8f00060-e02a-4418-a1bd-963778473238')
INSERT INTO [dbo].[UserActor] (UserId, ActorId) VALUES ('8a36c0cf-5f16-40c5-a7fd-910f0a200209', '46e6b59d-6056-4054-a3c2-99356c067817')
INSERT INTO [dbo].[UserActor] (UserId, ActorId) VALUES ('8a36c0cf-5f16-40c5-a7fd-910f0a200209', 'b900386e-ca17-43b5-8fba-9f0e73f4345d')
INSERT INTO [dbo].[UserActor] (UserId, ActorId) VALUES ('8a36c0cf-5f16-40c5-a7fd-910f0a200209', 'fc9ddf32-1985-4831-9c03-9f95aed6f02c')
INSERT INTO [dbo].[UserActor] (UserId, ActorId) VALUES ('8a36c0cf-5f16-40c5-a7fd-910f0a200209', 'd49bc21d-87c0-426b-bd2d-a097a91de611')
INSERT INTO [dbo].[UserActor] (UserId, ActorId) VALUES ('8a36c0cf-5f16-40c5-a7fd-910f0a200209', '09591f53-b531-4db5-bb66-a2f52a393d82')
INSERT INTO [dbo].[UserActor] (UserId, ActorId) VALUES ('8a36c0cf-5f16-40c5-a7fd-910f0a200209', 'f35e48d3-423a-4507-bcf5-a4268d74fa01')
INSERT INTO [dbo].[UserActor] (UserId, ActorId) VALUES ('8a36c0cf-5f16-40c5-a7fd-910f0a200209', '55878bd4-ef25-4f2e-8ba8-b2f3cca962e6')
INSERT INTO [dbo].[UserActor] (UserId, ActorId) VALUES ('8a36c0cf-5f16-40c5-a7fd-910f0a200209', 'f718ac37-9b7f-42dc-943e-bd211ea044ff')
INSERT INTO [dbo].[UserActor] (UserId, ActorId) VALUES ('8a36c0cf-5f16-40c5-a7fd-910f0a200209', '1e2cc2e8-670e-40fa-bfae-be0fec70e9aa')
INSERT INTO [dbo].[UserActor] (UserId, ActorId) VALUES ('8a36c0cf-5f16-40c5-a7fd-910f0a200209', '0becf017-4611-429a-89b5-c194de60eac7')
INSERT INTO [dbo].[UserActor] (UserId, ActorId) VALUES ('8a36c0cf-5f16-40c5-a7fd-910f0a200209', '0e71f8a0-38a7-4d79-bf69-c6dcf8929f37')
INSERT INTO [dbo].[UserActor] (UserId, ActorId) VALUES ('8a36c0cf-5f16-40c5-a7fd-910f0a200209', 'f9b5e62b-3576-4cc6-81b7-ccdea2010d41')
INSERT INTO [dbo].[UserActor] (UserId, ActorId) VALUES ('8a36c0cf-5f16-40c5-a7fd-910f0a200209', 'b425d950-3e15-44a5-84bf-cf029ff110f6')
INSERT INTO [dbo].[UserActor] (UserId, ActorId) VALUES ('8a36c0cf-5f16-40c5-a7fd-910f0a200209', 'a42757c3-50a9-43e9-b1f9-d0d2a4ddf5a0')
INSERT INTO [dbo].[UserActor] (UserId, ActorId) VALUES ('8a36c0cf-5f16-40c5-a7fd-910f0a200209', 'ca34f9c1-2104-48f8-a2e8-d5a99a1f9fc3')
INSERT INTO [dbo].[UserActor] (UserId, ActorId) VALUES ('8a36c0cf-5f16-40c5-a7fd-910f0a200209', '7122b8f6-3fe9-4896-a922-ddde63cc32e8')
INSERT INTO [dbo].[UserActor] (UserId, ActorId) VALUES ('8a36c0cf-5f16-40c5-a7fd-910f0a200209', '20284dd9-8586-4b9d-87b3-e1f29faec8fd')
INSERT INTO [dbo].[UserActor] (UserId, ActorId) VALUES ('8a36c0cf-5f16-40c5-a7fd-910f0a200209', 'f52cd834-cc72-4bbe-961c-ea1d71bf854f')
INSERT INTO [dbo].[UserActor] (UserId, ActorId) VALUES ('8a36c0cf-5f16-40c5-a7fd-910f0a200209', '51fdc822-ebdd-4882-a80b-eb79cf420479')
INSERT INTO [dbo].[UserActor] (UserId, ActorId) VALUES ('8a36c0cf-5f16-40c5-a7fd-910f0a200209', 'b6d3dcb7-2722-426a-8970-ece730165919')
INSERT INTO [dbo].[UserActor] (UserId, ActorId) VALUES ('8a36c0cf-5f16-40c5-a7fd-910f0a200209', '519943be-f3f3-49d7-a332-eed2524bb586')
INSERT INTO [dbo].[UserActor] (UserId, ActorId) VALUES ('8a36c0cf-5f16-40c5-a7fd-910f0a200209', 'ef3e33bd-6963-405d-b1b2-f10929861050')
INSERT INTO [dbo].[UserActor] (UserId, ActorId) VALUES ('8a36c0cf-5f16-40c5-a7fd-910f0a200209', 'bbab4771-3fc4-4c44-99a7-f7ddf0737091')
INSERT INTO [dbo].[UserActor] (UserId, ActorId) VALUES ('4b32b1b7-83b2-46df-b52a-9daacc75a64b', '83510249-9f7c-4827-a67c-499a3a94f533')
INSERT INTO [dbo].[UserActor] (UserId, ActorId) VALUES ('4b32b1b7-83b2-46df-b52a-9daacc75a64b', '0e223e42-bed4-4778-a973-8d0ad9813f71')
INSERT INTO [dbo].[UserActor] (UserId, ActorId) VALUES ('4b32b1b7-83b2-46df-b52a-9daacc75a64b', '09591f53-b531-4db5-bb66-a2f52a393d82')
INSERT INTO [dbo].[UserActor] (UserId, ActorId) VALUES ('9f801a4b-3015-4772-8ca4-9ec79932b13f', 'f9b5e62b-3576-4cc6-81b7-ccdea2010d41')
INSERT INTO [dbo].[UserActor] (UserId, ActorId) VALUES ('145bb2ed-e8a8-4f22-8d9f-9ff32c3d4055', '83510249-9f7c-4827-a67c-499a3a94f533')
INSERT INTO [dbo].[UserActor] (UserId, ActorId) VALUES ('145bb2ed-e8a8-4f22-8d9f-9ff32c3d4055', '0e223e42-bed4-4778-a973-8d0ad9813f71')
INSERT INTO [dbo].[UserActor] (UserId, ActorId) VALUES ('145bb2ed-e8a8-4f22-8d9f-9ff32c3d4055', '09591f53-b531-4db5-bb66-a2f52a393d82')
INSERT INTO [dbo].[UserActor] (UserId, ActorId) VALUES ('ebbbda78-27d1-434e-8d7a-9ffd9c676c3a', '3000e8c2-0dc0-4532-a40d-01ca17fe0d08')
INSERT INTO [dbo].[UserActor] (UserId, ActorId) VALUES ('ebbbda78-27d1-434e-8d7a-9ffd9c676c3a', '2a0fd613-bb31-455b-9182-0534ac42ba59')
INSERT INTO [dbo].[UserActor] (UserId, ActorId) VALUES ('ebbbda78-27d1-434e-8d7a-9ffd9c676c3a', '5b294533-eb98-4073-8477-094e720c903c')
INSERT INTO [dbo].[UserActor] (UserId, ActorId) VALUES ('ebbbda78-27d1-434e-8d7a-9ffd9c676c3a', '27f168a8-a23c-48f1-88aa-116ed7fd2bc1')
INSERT INTO [dbo].[UserActor] (UserId, ActorId) VALUES ('ebbbda78-27d1-434e-8d7a-9ffd9c676c3a', 'af450c03-1937-4ea1-bb66-17b6e4aa51f5')
INSERT INTO [dbo].[UserActor] (UserId, ActorId) VALUES ('ebbbda78-27d1-434e-8d7a-9ffd9c676c3a', 'e47fd7e8-114a-4e5f-bc7c-19d12fd2d884')
INSERT INTO [dbo].[UserActor] (UserId, ActorId) VALUES ('ebbbda78-27d1-434e-8d7a-9ffd9c676c3a', '4532d655-b91d-4d6d-8103-1b8471e0bdc6')
INSERT INTO [dbo].[UserActor] (UserId, ActorId) VALUES ('ebbbda78-27d1-434e-8d7a-9ffd9c676c3a', 'a363a555-e88b-4cde-a22b-1fd52854ec05')
INSERT INTO [dbo].[UserActor] (UserId, ActorId) VALUES ('ebbbda78-27d1-434e-8d7a-9ffd9c676c3a', 'dd85c8e2-7e6a-4489-bbf2-20b10acd8077')
INSERT INTO [dbo].[UserActor] (UserId, ActorId) VALUES ('ebbbda78-27d1-434e-8d7a-9ffd9c676c3a', '80146b69-ad6a-4f35-99f7-21db436d9bff')
INSERT INTO [dbo].[UserActor] (UserId, ActorId) VALUES ('ebbbda78-27d1-434e-8d7a-9ffd9c676c3a', '7fd4af08-11e5-46f1-b0e5-29c00c2f733f')
INSERT INTO [dbo].[UserActor] (UserId, ActorId) VALUES ('ebbbda78-27d1-434e-8d7a-9ffd9c676c3a', '08707473-ce69-4699-9780-2c118dd527cf')
INSERT INTO [dbo].[UserActor] (UserId, ActorId) VALUES ('ebbbda78-27d1-434e-8d7a-9ffd9c676c3a', '38312a77-50b5-41ce-bd5e-2d0ad7500c0a')
INSERT INTO [dbo].[UserActor] (UserId, ActorId) VALUES ('ebbbda78-27d1-434e-8d7a-9ffd9c676c3a', 'bfa610c6-c732-4613-9860-2dc04e0894dd')
INSERT INTO [dbo].[UserActor] (UserId, ActorId) VALUES ('ebbbda78-27d1-434e-8d7a-9ffd9c676c3a', '14f60355-af6c-4267-a89f-2f20c07ea8ad')
INSERT INTO [dbo].[UserActor] (UserId, ActorId) VALUES ('ebbbda78-27d1-434e-8d7a-9ffd9c676c3a', 'fa2837d8-430d-4182-871f-304ac4844043')
INSERT INTO [dbo].[UserActor] (UserId, ActorId) VALUES ('ebbbda78-27d1-434e-8d7a-9ffd9c676c3a', '8ff5c6cf-4b5b-456a-8a58-337efd49aa3b')
INSERT INTO [dbo].[UserActor] (UserId, ActorId) VALUES ('ebbbda78-27d1-434e-8d7a-9ffd9c676c3a', '3a4ff827-748e-4b1c-a7a2-357e1da5b4ac')
INSERT INTO [dbo].[UserActor] (UserId, ActorId) VALUES ('ebbbda78-27d1-434e-8d7a-9ffd9c676c3a', 'c316bc8f-f89b-48da-a0c2-36e972b7ed7d')
INSERT INTO [dbo].[UserActor] (UserId, ActorId) VALUES ('ebbbda78-27d1-434e-8d7a-9ffd9c676c3a', 'ae9fd1eb-b83d-42e2-8d1c-3b0c8f2b9ef2')
INSERT INTO [dbo].[UserActor] (UserId, ActorId) VALUES ('ebbbda78-27d1-434e-8d7a-9ffd9c676c3a', 'de716833-4f62-4542-933d-3df435eb90c7')
INSERT INTO [dbo].[UserActor] (UserId, ActorId) VALUES ('ebbbda78-27d1-434e-8d7a-9ffd9c676c3a', '9306c399-9038-4129-8895-4008a7b5747e')
INSERT INTO [dbo].[UserActor] (UserId, ActorId) VALUES ('ebbbda78-27d1-434e-8d7a-9ffd9c676c3a', '351fa112-a216-421e-a5f6-42cb73f75f5c')
INSERT INTO [dbo].[UserActor] (UserId, ActorId) VALUES ('ebbbda78-27d1-434e-8d7a-9ffd9c676c3a', '60257177-cedb-4798-9da1-452301439df7')
INSERT INTO [dbo].[UserActor] (UserId, ActorId) VALUES ('ebbbda78-27d1-434e-8d7a-9ffd9c676c3a', '03603af3-8f70-4b23-b369-454aec9fb4f4')
INSERT INTO [dbo].[UserActor] (UserId, ActorId) VALUES ('ebbbda78-27d1-434e-8d7a-9ffd9c676c3a', '83510249-9f7c-4827-a67c-499a3a94f533')
INSERT INTO [dbo].[UserActor] (UserId, ActorId) VALUES ('ebbbda78-27d1-434e-8d7a-9ffd9c676c3a', '7ba7cbd1-ec9d-4352-ae13-4c04251d75bc')
INSERT INTO [dbo].[UserActor] (UserId, ActorId) VALUES ('ebbbda78-27d1-434e-8d7a-9ffd9c676c3a', 'c3fe13ec-03e5-48f1-b1c8-4c501077e203')
INSERT INTO [dbo].[UserActor] (UserId, ActorId) VALUES ('ebbbda78-27d1-434e-8d7a-9ffd9c676c3a', 'a982de1f-3703-4e3c-be56-4e54418a2a59')
INSERT INTO [dbo].[UserActor] (UserId, ActorId) VALUES ('ebbbda78-27d1-434e-8d7a-9ffd9c676c3a', '0d5eec16-9e52-42e0-96bc-4ff3fc3c9a5a')
INSERT INTO [dbo].[UserActor] (UserId, ActorId) VALUES ('ebbbda78-27d1-434e-8d7a-9ffd9c676c3a', '61b46919-07e4-4a49-a22a-55708f9ebbf0')
INSERT INTO [dbo].[UserActor] (UserId, ActorId) VALUES ('ebbbda78-27d1-434e-8d7a-9ffd9c676c3a', '59090111-0b3e-4530-bc1f-5803a5017415')
INSERT INTO [dbo].[UserActor] (UserId, ActorId) VALUES ('ebbbda78-27d1-434e-8d7a-9ffd9c676c3a', '0fc7e028-3157-48f2-8744-5c23effe857d')
INSERT INTO [dbo].[UserActor] (UserId, ActorId) VALUES ('ebbbda78-27d1-434e-8d7a-9ffd9c676c3a', '8f7566a0-d540-4789-8739-72484060fbfd')
INSERT INTO [dbo].[UserActor] (UserId, ActorId) VALUES ('ebbbda78-27d1-434e-8d7a-9ffd9c676c3a', '91fcc2f8-305a-49a7-8e95-730e49bbb85e')
INSERT INTO [dbo].[UserActor] (UserId, ActorId) VALUES ('ebbbda78-27d1-434e-8d7a-9ffd9c676c3a', '8e6124b1-36f0-43ac-b022-73d9c0fde334')
INSERT INTO [dbo].[UserActor] (UserId, ActorId) VALUES ('ebbbda78-27d1-434e-8d7a-9ffd9c676c3a', '8b678ccf-d6c0-4f5a-890b-7589746664f1')
INSERT INTO [dbo].[UserActor] (UserId, ActorId) VALUES ('ebbbda78-27d1-434e-8d7a-9ffd9c676c3a', 'ddb53b36-9f61-41c4-bebe-77c06cd33151')
INSERT INTO [dbo].[UserActor] (UserId, ActorId) VALUES ('ebbbda78-27d1-434e-8d7a-9ffd9c676c3a', '5de61589-8846-45e1-af3f-786673a287a7')
INSERT INTO [dbo].[UserActor] (UserId, ActorId) VALUES ('ebbbda78-27d1-434e-8d7a-9ffd9c676c3a', 'a4abd4ad-4ff3-4e93-a86d-7b164910ca34')
INSERT INTO [dbo].[UserActor] (UserId, ActorId) VALUES ('ebbbda78-27d1-434e-8d7a-9ffd9c676c3a', '158725db-35b5-4740-8ba4-80c616ec9f92')
INSERT INTO [dbo].[UserActor] (UserId, ActorId) VALUES ('ebbbda78-27d1-434e-8d7a-9ffd9c676c3a', 'cb2266e1-7acd-49f7-95ae-858ef7800e39')
INSERT INTO [dbo].[UserActor] (UserId, ActorId) VALUES ('ebbbda78-27d1-434e-8d7a-9ffd9c676c3a', '0e223e42-bed4-4778-a973-8d0ad9813f71')
INSERT INTO [dbo].[UserActor] (UserId, ActorId) VALUES ('ebbbda78-27d1-434e-8d7a-9ffd9c676c3a', '4b8abb49-71f9-465c-9ec3-8f7cbe3f4659')
INSERT INTO [dbo].[UserActor] (UserId, ActorId) VALUES ('ebbbda78-27d1-434e-8d7a-9ffd9c676c3a', 'b65bf5d4-16ed-415a-bc42-90331d2f8eaf')
INSERT INTO [dbo].[UserActor] (UserId, ActorId) VALUES ('ebbbda78-27d1-434e-8d7a-9ffd9c676c3a', 'b8f00060-e02a-4418-a1bd-963778473238')
INSERT INTO [dbo].[UserActor] (UserId, ActorId) VALUES ('ebbbda78-27d1-434e-8d7a-9ffd9c676c3a', '46e6b59d-6056-4054-a3c2-99356c067817')
INSERT INTO [dbo].[UserActor] (UserId, ActorId) VALUES ('ebbbda78-27d1-434e-8d7a-9ffd9c676c3a', 'b900386e-ca17-43b5-8fba-9f0e73f4345d')
INSERT INTO [dbo].[UserActor] (UserId, ActorId) VALUES ('ebbbda78-27d1-434e-8d7a-9ffd9c676c3a', 'fc9ddf32-1985-4831-9c03-9f95aed6f02c')
INSERT INTO [dbo].[UserActor] (UserId, ActorId) VALUES ('ebbbda78-27d1-434e-8d7a-9ffd9c676c3a', 'd49bc21d-87c0-426b-bd2d-a097a91de611')
INSERT INTO [dbo].[UserActor] (UserId, ActorId) VALUES ('ebbbda78-27d1-434e-8d7a-9ffd9c676c3a', '09591f53-b531-4db5-bb66-a2f52a393d82')
INSERT INTO [dbo].[UserActor] (UserId, ActorId) VALUES ('ebbbda78-27d1-434e-8d7a-9ffd9c676c3a', 'f35e48d3-423a-4507-bcf5-a4268d74fa01')
INSERT INTO [dbo].[UserActor] (UserId, ActorId) VALUES ('ebbbda78-27d1-434e-8d7a-9ffd9c676c3a', '55878bd4-ef25-4f2e-8ba8-b2f3cca962e6')
INSERT INTO [dbo].[UserActor] (UserId, ActorId) VALUES ('ebbbda78-27d1-434e-8d7a-9ffd9c676c3a', 'f718ac37-9b7f-42dc-943e-bd211ea044ff')
INSERT INTO [dbo].[UserActor] (UserId, ActorId) VALUES ('ebbbda78-27d1-434e-8d7a-9ffd9c676c3a', '1e2cc2e8-670e-40fa-bfae-be0fec70e9aa')
INSERT INTO [dbo].[UserActor] (UserId, ActorId) VALUES ('ebbbda78-27d1-434e-8d7a-9ffd9c676c3a', '0becf017-4611-429a-89b5-c194de60eac7')
INSERT INTO [dbo].[UserActor] (UserId, ActorId) VALUES ('ebbbda78-27d1-434e-8d7a-9ffd9c676c3a', '0e71f8a0-38a7-4d79-bf69-c6dcf8929f37')
INSERT INTO [dbo].[UserActor] (UserId, ActorId) VALUES ('ebbbda78-27d1-434e-8d7a-9ffd9c676c3a', 'f9b5e62b-3576-4cc6-81b7-ccdea2010d41')
INSERT INTO [dbo].[UserActor] (UserId, ActorId) VALUES ('ebbbda78-27d1-434e-8d7a-9ffd9c676c3a', 'b425d950-3e15-44a5-84bf-cf029ff110f6')
INSERT INTO [dbo].[UserActor] (UserId, ActorId) VALUES ('ebbbda78-27d1-434e-8d7a-9ffd9c676c3a', 'a42757c3-50a9-43e9-b1f9-d0d2a4ddf5a0')
INSERT INTO [dbo].[UserActor] (UserId, ActorId) VALUES ('ebbbda78-27d1-434e-8d7a-9ffd9c676c3a', 'ca34f9c1-2104-48f8-a2e8-d5a99a1f9fc3')
INSERT INTO [dbo].[UserActor] (UserId, ActorId) VALUES ('ebbbda78-27d1-434e-8d7a-9ffd9c676c3a', '7122b8f6-3fe9-4896-a922-ddde63cc32e8')
INSERT INTO [dbo].[UserActor] (UserId, ActorId) VALUES ('ebbbda78-27d1-434e-8d7a-9ffd9c676c3a', '20284dd9-8586-4b9d-87b3-e1f29faec8fd')
INSERT INTO [dbo].[UserActor] (UserId, ActorId) VALUES ('ebbbda78-27d1-434e-8d7a-9ffd9c676c3a', 'f52cd834-cc72-4bbe-961c-ea1d71bf854f')
INSERT INTO [dbo].[UserActor] (UserId, ActorId) VALUES ('ebbbda78-27d1-434e-8d7a-9ffd9c676c3a', '51fdc822-ebdd-4882-a80b-eb79cf420479')
INSERT INTO [dbo].[UserActor] (UserId, ActorId) VALUES ('ebbbda78-27d1-434e-8d7a-9ffd9c676c3a', 'b6d3dcb7-2722-426a-8970-ece730165919')
INSERT INTO [dbo].[UserActor] (UserId, ActorId) VALUES ('ebbbda78-27d1-434e-8d7a-9ffd9c676c3a', '519943be-f3f3-49d7-a332-eed2524bb586')
INSERT INTO [dbo].[UserActor] (UserId, ActorId) VALUES ('ebbbda78-27d1-434e-8d7a-9ffd9c676c3a', 'ef3e33bd-6963-405d-b1b2-f10929861050')
INSERT INTO [dbo].[UserActor] (UserId, ActorId) VALUES ('ebbbda78-27d1-434e-8d7a-9ffd9c676c3a', 'bbab4771-3fc4-4c44-99a7-f7ddf0737091')
INSERT INTO [dbo].[UserActor] (UserId, ActorId) VALUES ('965babf9-7700-49f1-a57d-a009c35a8e29', '8e6124b1-36f0-43ac-b022-73d9c0fde334')
INSERT INTO [dbo].[UserActor] (UserId, ActorId) VALUES ('965babf9-7700-49f1-a57d-a009c35a8e29', 'f9b5e62b-3576-4cc6-81b7-ccdea2010d41')
INSERT INTO [dbo].[UserActor] (UserId, ActorId) VALUES ('54134a83-8a98-4342-a5de-a04b37e02040', '83510249-9f7c-4827-a67c-499a3a94f533')
INSERT INTO [dbo].[UserActor] (UserId, ActorId) VALUES ('54134a83-8a98-4342-a5de-a04b37e02040', '0e223e42-bed4-4778-a973-8d0ad9813f71')
INSERT INTO [dbo].[UserActor] (UserId, ActorId) VALUES ('54134a83-8a98-4342-a5de-a04b37e02040', '09591f53-b531-4db5-bb66-a2f52a393d82')
INSERT INTO [dbo].[UserActor] (UserId, ActorId) VALUES ('e0d9b5dd-31d4-41cb-968d-a203e6178386', 'af450c03-1937-4ea1-bb66-17b6e4aa51f5')
INSERT INTO [dbo].[UserActor] (UserId, ActorId) VALUES ('e0d9b5dd-31d4-41cb-968d-a203e6178386', 'c2059ddf-ad04-4a99-bc98-2c6fde857025')
INSERT INTO [dbo].[UserActor] (UserId, ActorId) VALUES ('e0d9b5dd-31d4-41cb-968d-a203e6178386', 'e52427c2-204b-4cf2-beec-35b95f935619')
INSERT INTO [dbo].[UserActor] (UserId, ActorId) VALUES ('e0d9b5dd-31d4-41cb-968d-a203e6178386', 'a982de1f-3703-4e3c-be56-4e54418a2a59')
INSERT INTO [dbo].[UserActor] (UserId, ActorId) VALUES ('e0d9b5dd-31d4-41cb-968d-a203e6178386', '0fc7e028-3157-48f2-8744-5c23effe857d')
INSERT INTO [dbo].[UserActor] (UserId, ActorId) VALUES ('e0d9b5dd-31d4-41cb-968d-a203e6178386', 'bb71f037-692d-4bcd-9c79-741ad90e33ca')
INSERT INTO [dbo].[UserActor] (UserId, ActorId) VALUES ('e0d9b5dd-31d4-41cb-968d-a203e6178386', 'a4abd4ad-4ff3-4e93-a86d-7b164910ca34')
INSERT INTO [dbo].[UserActor] (UserId, ActorId) VALUES ('e0d9b5dd-31d4-41cb-968d-a203e6178386', '158725db-35b5-4740-8ba4-80c616ec9f92')
INSERT INTO [dbo].[UserActor] (UserId, ActorId) VALUES ('e0d9b5dd-31d4-41cb-968d-a203e6178386', 'cb2266e1-7acd-49f7-95ae-858ef7800e39')
INSERT INTO [dbo].[UserActor] (UserId, ActorId) VALUES ('e0d9b5dd-31d4-41cb-968d-a203e6178386', 'b65bf5d4-16ed-415a-bc42-90331d2f8eaf')
INSERT INTO [dbo].[UserActor] (UserId, ActorId) VALUES ('e0d9b5dd-31d4-41cb-968d-a203e6178386', 'b8f00060-e02a-4418-a1bd-963778473238')
INSERT INTO [dbo].[UserActor] (UserId, ActorId) VALUES ('e0d9b5dd-31d4-41cb-968d-a203e6178386', 'd49bc21d-87c0-426b-bd2d-a097a91de611')
INSERT INTO [dbo].[UserActor] (UserId, ActorId) VALUES ('e0d9b5dd-31d4-41cb-968d-a203e6178386', 'ef69b130-1ead-4e58-a926-a2b1154d7e2a')
INSERT INTO [dbo].[UserActor] (UserId, ActorId) VALUES ('e0d9b5dd-31d4-41cb-968d-a203e6178386', '55878bd4-ef25-4f2e-8ba8-b2f3cca962e6')
INSERT INTO [dbo].[UserActor] (UserId, ActorId) VALUES ('e0d9b5dd-31d4-41cb-968d-a203e6178386', 'f718ac37-9b7f-42dc-943e-bd211ea044ff')
INSERT INTO [dbo].[UserActor] (UserId, ActorId) VALUES ('e0d9b5dd-31d4-41cb-968d-a203e6178386', '1e2cc2e8-670e-40fa-bfae-be0fec70e9aa')
INSERT INTO [dbo].[UserActor] (UserId, ActorId) VALUES ('e0d9b5dd-31d4-41cb-968d-a203e6178386', '20284dd9-8586-4b9d-87b3-e1f29faec8fd')
INSERT INTO [dbo].[UserActor] (UserId, ActorId) VALUES ('e0d9b5dd-31d4-41cb-968d-a203e6178386', '5ed12387-2926-4a93-a76c-e779d2b54f4a')
INSERT INTO [dbo].[UserActor] (UserId, ActorId) VALUES ('7edc2020-e784-4aed-8cd8-a254806a21c4', '3000e8c2-0dc0-4532-a40d-01ca17fe0d08')
INSERT INTO [dbo].[UserActor] (UserId, ActorId) VALUES ('7edc2020-e784-4aed-8cd8-a254806a21c4', '2a0fd613-bb31-455b-9182-0534ac42ba59')
INSERT INTO [dbo].[UserActor] (UserId, ActorId) VALUES ('7edc2020-e784-4aed-8cd8-a254806a21c4', '5b294533-eb98-4073-8477-094e720c903c')
INSERT INTO [dbo].[UserActor] (UserId, ActorId) VALUES ('7edc2020-e784-4aed-8cd8-a254806a21c4', '27f168a8-a23c-48f1-88aa-116ed7fd2bc1')
INSERT INTO [dbo].[UserActor] (UserId, ActorId) VALUES ('7edc2020-e784-4aed-8cd8-a254806a21c4', 'e47fd7e8-114a-4e5f-bc7c-19d12fd2d884')
INSERT INTO [dbo].[UserActor] (UserId, ActorId) VALUES ('7edc2020-e784-4aed-8cd8-a254806a21c4', '4532d655-b91d-4d6d-8103-1b8471e0bdc6')
INSERT INTO [dbo].[UserActor] (UserId, ActorId) VALUES ('7edc2020-e784-4aed-8cd8-a254806a21c4', 'a363a555-e88b-4cde-a22b-1fd52854ec05')
INSERT INTO [dbo].[UserActor] (UserId, ActorId) VALUES ('7edc2020-e784-4aed-8cd8-a254806a21c4', 'dd85c8e2-7e6a-4489-bbf2-20b10acd8077')
INSERT INTO [dbo].[UserActor] (UserId, ActorId) VALUES ('7edc2020-e784-4aed-8cd8-a254806a21c4', '80146b69-ad6a-4f35-99f7-21db436d9bff')
INSERT INTO [dbo].[UserActor] (UserId, ActorId) VALUES ('7edc2020-e784-4aed-8cd8-a254806a21c4', '7fd4af08-11e5-46f1-b0e5-29c00c2f733f')
INSERT INTO [dbo].[UserActor] (UserId, ActorId) VALUES ('7edc2020-e784-4aed-8cd8-a254806a21c4', '08707473-ce69-4699-9780-2c118dd527cf')
INSERT INTO [dbo].[UserActor] (UserId, ActorId) VALUES ('7edc2020-e784-4aed-8cd8-a254806a21c4', '38312a77-50b5-41ce-bd5e-2d0ad7500c0a')
INSERT INTO [dbo].[UserActor] (UserId, ActorId) VALUES ('7edc2020-e784-4aed-8cd8-a254806a21c4', 'bfa610c6-c732-4613-9860-2dc04e0894dd')
INSERT INTO [dbo].[UserActor] (UserId, ActorId) VALUES ('7edc2020-e784-4aed-8cd8-a254806a21c4', '14f60355-af6c-4267-a89f-2f20c07ea8ad')
INSERT INTO [dbo].[UserActor] (UserId, ActorId) VALUES ('7edc2020-e784-4aed-8cd8-a254806a21c4', 'fa2837d8-430d-4182-871f-304ac4844043')
INSERT INTO [dbo].[UserActor] (UserId, ActorId) VALUES ('7edc2020-e784-4aed-8cd8-a254806a21c4', '8ff5c6cf-4b5b-456a-8a58-337efd49aa3b')
INSERT INTO [dbo].[UserActor] (UserId, ActorId) VALUES ('7edc2020-e784-4aed-8cd8-a254806a21c4', '3a4ff827-748e-4b1c-a7a2-357e1da5b4ac')
INSERT INTO [dbo].[UserActor] (UserId, ActorId) VALUES ('7edc2020-e784-4aed-8cd8-a254806a21c4', 'c316bc8f-f89b-48da-a0c2-36e972b7ed7d')
INSERT INTO [dbo].[UserActor] (UserId, ActorId) VALUES ('7edc2020-e784-4aed-8cd8-a254806a21c4', 'ae9fd1eb-b83d-42e2-8d1c-3b0c8f2b9ef2')
INSERT INTO [dbo].[UserActor] (UserId, ActorId) VALUES ('7edc2020-e784-4aed-8cd8-a254806a21c4', 'de716833-4f62-4542-933d-3df435eb90c7')
INSERT INTO [dbo].[UserActor] (UserId, ActorId) VALUES ('7edc2020-e784-4aed-8cd8-a254806a21c4', '9306c399-9038-4129-8895-4008a7b5747e')
INSERT INTO [dbo].[UserActor] (UserId, ActorId) VALUES ('7edc2020-e784-4aed-8cd8-a254806a21c4', '351fa112-a216-421e-a5f6-42cb73f75f5c')
INSERT INTO [dbo].[UserActor] (UserId, ActorId) VALUES ('7edc2020-e784-4aed-8cd8-a254806a21c4', '60257177-cedb-4798-9da1-452301439df7')
INSERT INTO [dbo].[UserActor] (UserId, ActorId) VALUES ('7edc2020-e784-4aed-8cd8-a254806a21c4', '03603af3-8f70-4b23-b369-454aec9fb4f4')
INSERT INTO [dbo].[UserActor] (UserId, ActorId) VALUES ('7edc2020-e784-4aed-8cd8-a254806a21c4', '83510249-9f7c-4827-a67c-499a3a94f533')
INSERT INTO [dbo].[UserActor] (UserId, ActorId) VALUES ('7edc2020-e784-4aed-8cd8-a254806a21c4', '7ba7cbd1-ec9d-4352-ae13-4c04251d75bc')
INSERT INTO [dbo].[UserActor] (UserId, ActorId) VALUES ('7edc2020-e784-4aed-8cd8-a254806a21c4', 'c3fe13ec-03e5-48f1-b1c8-4c501077e203')
INSERT INTO [dbo].[UserActor] (UserId, ActorId) VALUES ('7edc2020-e784-4aed-8cd8-a254806a21c4', 'a982de1f-3703-4e3c-be56-4e54418a2a59')
INSERT INTO [dbo].[UserActor] (UserId, ActorId) VALUES ('7edc2020-e784-4aed-8cd8-a254806a21c4', '0d5eec16-9e52-42e0-96bc-4ff3fc3c9a5a')
INSERT INTO [dbo].[UserActor] (UserId, ActorId) VALUES ('7edc2020-e784-4aed-8cd8-a254806a21c4', '61b46919-07e4-4a49-a22a-55708f9ebbf0')
INSERT INTO [dbo].[UserActor] (UserId, ActorId) VALUES ('7edc2020-e784-4aed-8cd8-a254806a21c4', '59090111-0b3e-4530-bc1f-5803a5017415')
INSERT INTO [dbo].[UserActor] (UserId, ActorId) VALUES ('7edc2020-e784-4aed-8cd8-a254806a21c4', '8f7566a0-d540-4789-8739-72484060fbfd')
INSERT INTO [dbo].[UserActor] (UserId, ActorId) VALUES ('7edc2020-e784-4aed-8cd8-a254806a21c4', '91fcc2f8-305a-49a7-8e95-730e49bbb85e')
INSERT INTO [dbo].[UserActor] (UserId, ActorId) VALUES ('7edc2020-e784-4aed-8cd8-a254806a21c4', '8e6124b1-36f0-43ac-b022-73d9c0fde334')
INSERT INTO [dbo].[UserActor] (UserId, ActorId) VALUES ('7edc2020-e784-4aed-8cd8-a254806a21c4', '8b678ccf-d6c0-4f5a-890b-7589746664f1')
INSERT INTO [dbo].[UserActor] (UserId, ActorId) VALUES ('7edc2020-e784-4aed-8cd8-a254806a21c4', 'ddb53b36-9f61-41c4-bebe-77c06cd33151')
INSERT INTO [dbo].[UserActor] (UserId, ActorId) VALUES ('7edc2020-e784-4aed-8cd8-a254806a21c4', '5de61589-8846-45e1-af3f-786673a287a7')
INSERT INTO [dbo].[UserActor] (UserId, ActorId) VALUES ('7edc2020-e784-4aed-8cd8-a254806a21c4', '158725db-35b5-4740-8ba4-80c616ec9f92')
INSERT INTO [dbo].[UserActor] (UserId, ActorId) VALUES ('7edc2020-e784-4aed-8cd8-a254806a21c4', '0e223e42-bed4-4778-a973-8d0ad9813f71')
INSERT INTO [dbo].[UserActor] (UserId, ActorId) VALUES ('7edc2020-e784-4aed-8cd8-a254806a21c4', '4b8abb49-71f9-465c-9ec3-8f7cbe3f4659')
INSERT INTO [dbo].[UserActor] (UserId, ActorId) VALUES ('7edc2020-e784-4aed-8cd8-a254806a21c4', 'b65bf5d4-16ed-415a-bc42-90331d2f8eaf')
INSERT INTO [dbo].[UserActor] (UserId, ActorId) VALUES ('7edc2020-e784-4aed-8cd8-a254806a21c4', '46e6b59d-6056-4054-a3c2-99356c067817')
INSERT INTO [dbo].[UserActor] (UserId, ActorId) VALUES ('7edc2020-e784-4aed-8cd8-a254806a21c4', 'b900386e-ca17-43b5-8fba-9f0e73f4345d')
INSERT INTO [dbo].[UserActor] (UserId, ActorId) VALUES ('7edc2020-e784-4aed-8cd8-a254806a21c4', 'fc9ddf32-1985-4831-9c03-9f95aed6f02c')
INSERT INTO [dbo].[UserActor] (UserId, ActorId) VALUES ('7edc2020-e784-4aed-8cd8-a254806a21c4', '09591f53-b531-4db5-bb66-a2f52a393d82')
INSERT INTO [dbo].[UserActor] (UserId, ActorId) VALUES ('7edc2020-e784-4aed-8cd8-a254806a21c4', 'f35e48d3-423a-4507-bcf5-a4268d74fa01')
INSERT INTO [dbo].[UserActor] (UserId, ActorId) VALUES ('7edc2020-e784-4aed-8cd8-a254806a21c4', '0becf017-4611-429a-89b5-c194de60eac7')
INSERT INTO [dbo].[UserActor] (UserId, ActorId) VALUES ('7edc2020-e784-4aed-8cd8-a254806a21c4', '0e71f8a0-38a7-4d79-bf69-c6dcf8929f37')
INSERT INTO [dbo].[UserActor] (UserId, ActorId) VALUES ('7edc2020-e784-4aed-8cd8-a254806a21c4', 'f9b5e62b-3576-4cc6-81b7-ccdea2010d41')
INSERT INTO [dbo].[UserActor] (UserId, ActorId) VALUES ('7edc2020-e784-4aed-8cd8-a254806a21c4', 'b425d950-3e15-44a5-84bf-cf029ff110f6')
INSERT INTO [dbo].[UserActor] (UserId, ActorId) VALUES ('7edc2020-e784-4aed-8cd8-a254806a21c4', 'a42757c3-50a9-43e9-b1f9-d0d2a4ddf5a0')
INSERT INTO [dbo].[UserActor] (UserId, ActorId) VALUES ('7edc2020-e784-4aed-8cd8-a254806a21c4', 'ca34f9c1-2104-48f8-a2e8-d5a99a1f9fc3')
INSERT INTO [dbo].[UserActor] (UserId, ActorId) VALUES ('7edc2020-e784-4aed-8cd8-a254806a21c4', '7122b8f6-3fe9-4896-a922-ddde63cc32e8')
INSERT INTO [dbo].[UserActor] (UserId, ActorId) VALUES ('7edc2020-e784-4aed-8cd8-a254806a21c4', '20284dd9-8586-4b9d-87b3-e1f29faec8fd')
INSERT INTO [dbo].[UserActor] (UserId, ActorId) VALUES ('7edc2020-e784-4aed-8cd8-a254806a21c4', 'f52cd834-cc72-4bbe-961c-ea1d71bf854f')
INSERT INTO [dbo].[UserActor] (UserId, ActorId) VALUES ('7edc2020-e784-4aed-8cd8-a254806a21c4', '51fdc822-ebdd-4882-a80b-eb79cf420479')
INSERT INTO [dbo].[UserActor] (UserId, ActorId) VALUES ('7edc2020-e784-4aed-8cd8-a254806a21c4', 'b6d3dcb7-2722-426a-8970-ece730165919')
INSERT INTO [dbo].[UserActor] (UserId, ActorId) VALUES ('7edc2020-e784-4aed-8cd8-a254806a21c4', '519943be-f3f3-49d7-a332-eed2524bb586')
INSERT INTO [dbo].[UserActor] (UserId, ActorId) VALUES ('7edc2020-e784-4aed-8cd8-a254806a21c4', 'ef3e33bd-6963-405d-b1b2-f10929861050')
INSERT INTO [dbo].[UserActor] (UserId, ActorId) VALUES ('7edc2020-e784-4aed-8cd8-a254806a21c4', 'bbab4771-3fc4-4c44-99a7-f7ddf0737091')
INSERT INTO [dbo].[UserActor] (UserId, ActorId) VALUES ('58a495bf-054b-4c62-87b6-a5cfff59c525', '3000e8c2-0dc0-4532-a40d-01ca17fe0d08')
INSERT INTO [dbo].[UserActor] (UserId, ActorId) VALUES ('58a495bf-054b-4c62-87b6-a5cfff59c525', '2a0fd613-bb31-455b-9182-0534ac42ba59')
INSERT INTO [dbo].[UserActor] (UserId, ActorId) VALUES ('58a495bf-054b-4c62-87b6-a5cfff59c525', '5b294533-eb98-4073-8477-094e720c903c')
INSERT INTO [dbo].[UserActor] (UserId, ActorId) VALUES ('58a495bf-054b-4c62-87b6-a5cfff59c525', '27f168a8-a23c-48f1-88aa-116ed7fd2bc1')
INSERT INTO [dbo].[UserActor] (UserId, ActorId) VALUES ('58a495bf-054b-4c62-87b6-a5cfff59c525', 'af450c03-1937-4ea1-bb66-17b6e4aa51f5')
INSERT INTO [dbo].[UserActor] (UserId, ActorId) VALUES ('58a495bf-054b-4c62-87b6-a5cfff59c525', 'e47fd7e8-114a-4e5f-bc7c-19d12fd2d884')
INSERT INTO [dbo].[UserActor] (UserId, ActorId) VALUES ('58a495bf-054b-4c62-87b6-a5cfff59c525', '4532d655-b91d-4d6d-8103-1b8471e0bdc6')
INSERT INTO [dbo].[UserActor] (UserId, ActorId) VALUES ('58a495bf-054b-4c62-87b6-a5cfff59c525', 'a363a555-e88b-4cde-a22b-1fd52854ec05')
INSERT INTO [dbo].[UserActor] (UserId, ActorId) VALUES ('58a495bf-054b-4c62-87b6-a5cfff59c525', 'dd85c8e2-7e6a-4489-bbf2-20b10acd8077')
INSERT INTO [dbo].[UserActor] (UserId, ActorId) VALUES ('58a495bf-054b-4c62-87b6-a5cfff59c525', '80146b69-ad6a-4f35-99f7-21db436d9bff')
INSERT INTO [dbo].[UserActor] (UserId, ActorId) VALUES ('58a495bf-054b-4c62-87b6-a5cfff59c525', '7fd4af08-11e5-46f1-b0e5-29c00c2f733f')
INSERT INTO [dbo].[UserActor] (UserId, ActorId) VALUES ('58a495bf-054b-4c62-87b6-a5cfff59c525', '08707473-ce69-4699-9780-2c118dd527cf')
INSERT INTO [dbo].[UserActor] (UserId, ActorId) VALUES ('58a495bf-054b-4c62-87b6-a5cfff59c525', '38312a77-50b5-41ce-bd5e-2d0ad7500c0a')
INSERT INTO [dbo].[UserActor] (UserId, ActorId) VALUES ('58a495bf-054b-4c62-87b6-a5cfff59c525', 'bfa610c6-c732-4613-9860-2dc04e0894dd')
INSERT INTO [dbo].[UserActor] (UserId, ActorId) VALUES ('58a495bf-054b-4c62-87b6-a5cfff59c525', '14f60355-af6c-4267-a89f-2f20c07ea8ad')
INSERT INTO [dbo].[UserActor] (UserId, ActorId) VALUES ('58a495bf-054b-4c62-87b6-a5cfff59c525', 'fa2837d8-430d-4182-871f-304ac4844043')
INSERT INTO [dbo].[UserActor] (UserId, ActorId) VALUES ('58a495bf-054b-4c62-87b6-a5cfff59c525', '8ff5c6cf-4b5b-456a-8a58-337efd49aa3b')
INSERT INTO [dbo].[UserActor] (UserId, ActorId) VALUES ('58a495bf-054b-4c62-87b6-a5cfff59c525', '3a4ff827-748e-4b1c-a7a2-357e1da5b4ac')
INSERT INTO [dbo].[UserActor] (UserId, ActorId) VALUES ('58a495bf-054b-4c62-87b6-a5cfff59c525', 'c316bc8f-f89b-48da-a0c2-36e972b7ed7d')
INSERT INTO [dbo].[UserActor] (UserId, ActorId) VALUES ('58a495bf-054b-4c62-87b6-a5cfff59c525', 'ae9fd1eb-b83d-42e2-8d1c-3b0c8f2b9ef2')
INSERT INTO [dbo].[UserActor] (UserId, ActorId) VALUES ('58a495bf-054b-4c62-87b6-a5cfff59c525', 'de716833-4f62-4542-933d-3df435eb90c7')
INSERT INTO [dbo].[UserActor] (UserId, ActorId) VALUES ('58a495bf-054b-4c62-87b6-a5cfff59c525', '9306c399-9038-4129-8895-4008a7b5747e')
INSERT INTO [dbo].[UserActor] (UserId, ActorId) VALUES ('58a495bf-054b-4c62-87b6-a5cfff59c525', '351fa112-a216-421e-a5f6-42cb73f75f5c')
INSERT INTO [dbo].[UserActor] (UserId, ActorId) VALUES ('58a495bf-054b-4c62-87b6-a5cfff59c525', '60257177-cedb-4798-9da1-452301439df7')
INSERT INTO [dbo].[UserActor] (UserId, ActorId) VALUES ('58a495bf-054b-4c62-87b6-a5cfff59c525', '03603af3-8f70-4b23-b369-454aec9fb4f4')
INSERT INTO [dbo].[UserActor] (UserId, ActorId) VALUES ('58a495bf-054b-4c62-87b6-a5cfff59c525', '83510249-9f7c-4827-a67c-499a3a94f533')
INSERT INTO [dbo].[UserActor] (UserId, ActorId) VALUES ('58a495bf-054b-4c62-87b6-a5cfff59c525', '7ba7cbd1-ec9d-4352-ae13-4c04251d75bc')
INSERT INTO [dbo].[UserActor] (UserId, ActorId) VALUES ('58a495bf-054b-4c62-87b6-a5cfff59c525', 'c3fe13ec-03e5-48f1-b1c8-4c501077e203')
INSERT INTO [dbo].[UserActor] (UserId, ActorId) VALUES ('58a495bf-054b-4c62-87b6-a5cfff59c525', 'a982de1f-3703-4e3c-be56-4e54418a2a59')
INSERT INTO [dbo].[UserActor] (UserId, ActorId) VALUES ('58a495bf-054b-4c62-87b6-a5cfff59c525', '0d5eec16-9e52-42e0-96bc-4ff3fc3c9a5a')
INSERT INTO [dbo].[UserActor] (UserId, ActorId) VALUES ('58a495bf-054b-4c62-87b6-a5cfff59c525', '61b46919-07e4-4a49-a22a-55708f9ebbf0')
INSERT INTO [dbo].[UserActor] (UserId, ActorId) VALUES ('58a495bf-054b-4c62-87b6-a5cfff59c525', '59090111-0b3e-4530-bc1f-5803a5017415')
INSERT INTO [dbo].[UserActor] (UserId, ActorId) VALUES ('58a495bf-054b-4c62-87b6-a5cfff59c525', '0fc7e028-3157-48f2-8744-5c23effe857d')
INSERT INTO [dbo].[UserActor] (UserId, ActorId) VALUES ('58a495bf-054b-4c62-87b6-a5cfff59c525', '8f7566a0-d540-4789-8739-72484060fbfd')
INSERT INTO [dbo].[UserActor] (UserId, ActorId) VALUES ('58a495bf-054b-4c62-87b6-a5cfff59c525', '91fcc2f8-305a-49a7-8e95-730e49bbb85e')
INSERT INTO [dbo].[UserActor] (UserId, ActorId) VALUES ('58a495bf-054b-4c62-87b6-a5cfff59c525', '8e6124b1-36f0-43ac-b022-73d9c0fde334')
INSERT INTO [dbo].[UserActor] (UserId, ActorId) VALUES ('58a495bf-054b-4c62-87b6-a5cfff59c525', '8b678ccf-d6c0-4f5a-890b-7589746664f1')
INSERT INTO [dbo].[UserActor] (UserId, ActorId) VALUES ('58a495bf-054b-4c62-87b6-a5cfff59c525', 'ddb53b36-9f61-41c4-bebe-77c06cd33151')
INSERT INTO [dbo].[UserActor] (UserId, ActorId) VALUES ('58a495bf-054b-4c62-87b6-a5cfff59c525', '5de61589-8846-45e1-af3f-786673a287a7')
INSERT INTO [dbo].[UserActor] (UserId, ActorId) VALUES ('58a495bf-054b-4c62-87b6-a5cfff59c525', 'a4abd4ad-4ff3-4e93-a86d-7b164910ca34')
INSERT INTO [dbo].[UserActor] (UserId, ActorId) VALUES ('58a495bf-054b-4c62-87b6-a5cfff59c525', '158725db-35b5-4740-8ba4-80c616ec9f92')
INSERT INTO [dbo].[UserActor] (UserId, ActorId) VALUES ('58a495bf-054b-4c62-87b6-a5cfff59c525', 'cb2266e1-7acd-49f7-95ae-858ef7800e39')
INSERT INTO [dbo].[UserActor] (UserId, ActorId) VALUES ('58a495bf-054b-4c62-87b6-a5cfff59c525', '0e223e42-bed4-4778-a973-8d0ad9813f71')
INSERT INTO [dbo].[UserActor] (UserId, ActorId) VALUES ('58a495bf-054b-4c62-87b6-a5cfff59c525', '4b8abb49-71f9-465c-9ec3-8f7cbe3f4659')
INSERT INTO [dbo].[UserActor] (UserId, ActorId) VALUES ('58a495bf-054b-4c62-87b6-a5cfff59c525', 'b65bf5d4-16ed-415a-bc42-90331d2f8eaf')
INSERT INTO [dbo].[UserActor] (UserId, ActorId) VALUES ('58a495bf-054b-4c62-87b6-a5cfff59c525', 'b8f00060-e02a-4418-a1bd-963778473238')
INSERT INTO [dbo].[UserActor] (UserId, ActorId) VALUES ('58a495bf-054b-4c62-87b6-a5cfff59c525', '46e6b59d-6056-4054-a3c2-99356c067817')
INSERT INTO [dbo].[UserActor] (UserId, ActorId) VALUES ('58a495bf-054b-4c62-87b6-a5cfff59c525', 'b900386e-ca17-43b5-8fba-9f0e73f4345d')
INSERT INTO [dbo].[UserActor] (UserId, ActorId) VALUES ('58a495bf-054b-4c62-87b6-a5cfff59c525', 'fc9ddf32-1985-4831-9c03-9f95aed6f02c')
INSERT INTO [dbo].[UserActor] (UserId, ActorId) VALUES ('58a495bf-054b-4c62-87b6-a5cfff59c525', 'd49bc21d-87c0-426b-bd2d-a097a91de611')
INSERT INTO [dbo].[UserActor] (UserId, ActorId) VALUES ('58a495bf-054b-4c62-87b6-a5cfff59c525', '09591f53-b531-4db5-bb66-a2f52a393d82')
INSERT INTO [dbo].[UserActor] (UserId, ActorId) VALUES ('58a495bf-054b-4c62-87b6-a5cfff59c525', 'f35e48d3-423a-4507-bcf5-a4268d74fa01')
INSERT INTO [dbo].[UserActor] (UserId, ActorId) VALUES ('58a495bf-054b-4c62-87b6-a5cfff59c525', '55878bd4-ef25-4f2e-8ba8-b2f3cca962e6')
INSERT INTO [dbo].[UserActor] (UserId, ActorId) VALUES ('58a495bf-054b-4c62-87b6-a5cfff59c525', 'f718ac37-9b7f-42dc-943e-bd211ea044ff')
INSERT INTO [dbo].[UserActor] (UserId, ActorId) VALUES ('58a495bf-054b-4c62-87b6-a5cfff59c525', '1e2cc2e8-670e-40fa-bfae-be0fec70e9aa')
INSERT INTO [dbo].[UserActor] (UserId, ActorId) VALUES ('58a495bf-054b-4c62-87b6-a5cfff59c525', '0becf017-4611-429a-89b5-c194de60eac7')
INSERT INTO [dbo].[UserActor] (UserId, ActorId) VALUES ('58a495bf-054b-4c62-87b6-a5cfff59c525', '0e71f8a0-38a7-4d79-bf69-c6dcf8929f37')
INSERT INTO [dbo].[UserActor] (UserId, ActorId) VALUES ('58a495bf-054b-4c62-87b6-a5cfff59c525', 'f9b5e62b-3576-4cc6-81b7-ccdea2010d41')
INSERT INTO [dbo].[UserActor] (UserId, ActorId) VALUES ('58a495bf-054b-4c62-87b6-a5cfff59c525', 'b425d950-3e15-44a5-84bf-cf029ff110f6')
INSERT INTO [dbo].[UserActor] (UserId, ActorId) VALUES ('58a495bf-054b-4c62-87b6-a5cfff59c525', 'a42757c3-50a9-43e9-b1f9-d0d2a4ddf5a0')
INSERT INTO [dbo].[UserActor] (UserId, ActorId) VALUES ('58a495bf-054b-4c62-87b6-a5cfff59c525', 'ca34f9c1-2104-48f8-a2e8-d5a99a1f9fc3')
INSERT INTO [dbo].[UserActor] (UserId, ActorId) VALUES ('58a495bf-054b-4c62-87b6-a5cfff59c525', '7122b8f6-3fe9-4896-a922-ddde63cc32e8')
INSERT INTO [dbo].[UserActor] (UserId, ActorId) VALUES ('58a495bf-054b-4c62-87b6-a5cfff59c525', '20284dd9-8586-4b9d-87b3-e1f29faec8fd')
INSERT INTO [dbo].[UserActor] (UserId, ActorId) VALUES ('58a495bf-054b-4c62-87b6-a5cfff59c525', 'f52cd834-cc72-4bbe-961c-ea1d71bf854f')
INSERT INTO [dbo].[UserActor] (UserId, ActorId) VALUES ('58a495bf-054b-4c62-87b6-a5cfff59c525', '51fdc822-ebdd-4882-a80b-eb79cf420479')
INSERT INTO [dbo].[UserActor] (UserId, ActorId) VALUES ('58a495bf-054b-4c62-87b6-a5cfff59c525', 'b6d3dcb7-2722-426a-8970-ece730165919')
INSERT INTO [dbo].[UserActor] (UserId, ActorId) VALUES ('58a495bf-054b-4c62-87b6-a5cfff59c525', '519943be-f3f3-49d7-a332-eed2524bb586')
INSERT INTO [dbo].[UserActor] (UserId, ActorId) VALUES ('58a495bf-054b-4c62-87b6-a5cfff59c525', 'ef3e33bd-6963-405d-b1b2-f10929861050')
INSERT INTO [dbo].[UserActor] (UserId, ActorId) VALUES ('58a495bf-054b-4c62-87b6-a5cfff59c525', 'bbab4771-3fc4-4c44-99a7-f7ddf0737091')
INSERT INTO [dbo].[UserActor] (UserId, ActorId) VALUES ('531b3623-4ea8-42e8-8e8a-a728d5aa4622', '3000e8c2-0dc0-4532-a40d-01ca17fe0d08')
INSERT INTO [dbo].[UserActor] (UserId, ActorId) VALUES ('531b3623-4ea8-42e8-8e8a-a728d5aa4622', '2a0fd613-bb31-455b-9182-0534ac42ba59')
INSERT INTO [dbo].[UserActor] (UserId, ActorId) VALUES ('531b3623-4ea8-42e8-8e8a-a728d5aa4622', '5b294533-eb98-4073-8477-094e720c903c')
INSERT INTO [dbo].[UserActor] (UserId, ActorId) VALUES ('531b3623-4ea8-42e8-8e8a-a728d5aa4622', '27f168a8-a23c-48f1-88aa-116ed7fd2bc1')
INSERT INTO [dbo].[UserActor] (UserId, ActorId) VALUES ('531b3623-4ea8-42e8-8e8a-a728d5aa4622', 'af450c03-1937-4ea1-bb66-17b6e4aa51f5')
INSERT INTO [dbo].[UserActor] (UserId, ActorId) VALUES ('531b3623-4ea8-42e8-8e8a-a728d5aa4622', 'e47fd7e8-114a-4e5f-bc7c-19d12fd2d884')
INSERT INTO [dbo].[UserActor] (UserId, ActorId) VALUES ('531b3623-4ea8-42e8-8e8a-a728d5aa4622', '4532d655-b91d-4d6d-8103-1b8471e0bdc6')
INSERT INTO [dbo].[UserActor] (UserId, ActorId) VALUES ('531b3623-4ea8-42e8-8e8a-a728d5aa4622', 'a363a555-e88b-4cde-a22b-1fd52854ec05')
INSERT INTO [dbo].[UserActor] (UserId, ActorId) VALUES ('531b3623-4ea8-42e8-8e8a-a728d5aa4622', 'dd85c8e2-7e6a-4489-bbf2-20b10acd8077')
INSERT INTO [dbo].[UserActor] (UserId, ActorId) VALUES ('531b3623-4ea8-42e8-8e8a-a728d5aa4622', '80146b69-ad6a-4f35-99f7-21db436d9bff')
INSERT INTO [dbo].[UserActor] (UserId, ActorId) VALUES ('531b3623-4ea8-42e8-8e8a-a728d5aa4622', '7fd4af08-11e5-46f1-b0e5-29c00c2f733f')
INSERT INTO [dbo].[UserActor] (UserId, ActorId) VALUES ('531b3623-4ea8-42e8-8e8a-a728d5aa4622', '08707473-ce69-4699-9780-2c118dd527cf')
INSERT INTO [dbo].[UserActor] (UserId, ActorId) VALUES ('531b3623-4ea8-42e8-8e8a-a728d5aa4622', '38312a77-50b5-41ce-bd5e-2d0ad7500c0a')
INSERT INTO [dbo].[UserActor] (UserId, ActorId) VALUES ('531b3623-4ea8-42e8-8e8a-a728d5aa4622', 'bfa610c6-c732-4613-9860-2dc04e0894dd')
INSERT INTO [dbo].[UserActor] (UserId, ActorId) VALUES ('531b3623-4ea8-42e8-8e8a-a728d5aa4622', '14f60355-af6c-4267-a89f-2f20c07ea8ad')
INSERT INTO [dbo].[UserActor] (UserId, ActorId) VALUES ('531b3623-4ea8-42e8-8e8a-a728d5aa4622', 'fa2837d8-430d-4182-871f-304ac4844043')
INSERT INTO [dbo].[UserActor] (UserId, ActorId) VALUES ('531b3623-4ea8-42e8-8e8a-a728d5aa4622', '8ff5c6cf-4b5b-456a-8a58-337efd49aa3b')
INSERT INTO [dbo].[UserActor] (UserId, ActorId) VALUES ('531b3623-4ea8-42e8-8e8a-a728d5aa4622', '3a4ff827-748e-4b1c-a7a2-357e1da5b4ac')
INSERT INTO [dbo].[UserActor] (UserId, ActorId) VALUES ('531b3623-4ea8-42e8-8e8a-a728d5aa4622', 'c316bc8f-f89b-48da-a0c2-36e972b7ed7d')
INSERT INTO [dbo].[UserActor] (UserId, ActorId) VALUES ('531b3623-4ea8-42e8-8e8a-a728d5aa4622', 'ae9fd1eb-b83d-42e2-8d1c-3b0c8f2b9ef2')
INSERT INTO [dbo].[UserActor] (UserId, ActorId) VALUES ('531b3623-4ea8-42e8-8e8a-a728d5aa4622', 'de716833-4f62-4542-933d-3df435eb90c7')
INSERT INTO [dbo].[UserActor] (UserId, ActorId) VALUES ('531b3623-4ea8-42e8-8e8a-a728d5aa4622', '9306c399-9038-4129-8895-4008a7b5747e')
INSERT INTO [dbo].[UserActor] (UserId, ActorId) VALUES ('531b3623-4ea8-42e8-8e8a-a728d5aa4622', '351fa112-a216-421e-a5f6-42cb73f75f5c')
INSERT INTO [dbo].[UserActor] (UserId, ActorId) VALUES ('531b3623-4ea8-42e8-8e8a-a728d5aa4622', '60257177-cedb-4798-9da1-452301439df7')
INSERT INTO [dbo].[UserActor] (UserId, ActorId) VALUES ('531b3623-4ea8-42e8-8e8a-a728d5aa4622', '03603af3-8f70-4b23-b369-454aec9fb4f4')
INSERT INTO [dbo].[UserActor] (UserId, ActorId) VALUES ('531b3623-4ea8-42e8-8e8a-a728d5aa4622', '83510249-9f7c-4827-a67c-499a3a94f533')
INSERT INTO [dbo].[UserActor] (UserId, ActorId) VALUES ('531b3623-4ea8-42e8-8e8a-a728d5aa4622', '7ba7cbd1-ec9d-4352-ae13-4c04251d75bc')
INSERT INTO [dbo].[UserActor] (UserId, ActorId) VALUES ('531b3623-4ea8-42e8-8e8a-a728d5aa4622', 'c3fe13ec-03e5-48f1-b1c8-4c501077e203')
INSERT INTO [dbo].[UserActor] (UserId, ActorId) VALUES ('531b3623-4ea8-42e8-8e8a-a728d5aa4622', 'a982de1f-3703-4e3c-be56-4e54418a2a59')
INSERT INTO [dbo].[UserActor] (UserId, ActorId) VALUES ('531b3623-4ea8-42e8-8e8a-a728d5aa4622', '0d5eec16-9e52-42e0-96bc-4ff3fc3c9a5a')
INSERT INTO [dbo].[UserActor] (UserId, ActorId) VALUES ('531b3623-4ea8-42e8-8e8a-a728d5aa4622', '61b46919-07e4-4a49-a22a-55708f9ebbf0')
INSERT INTO [dbo].[UserActor] (UserId, ActorId) VALUES ('531b3623-4ea8-42e8-8e8a-a728d5aa4622', '59090111-0b3e-4530-bc1f-5803a5017415')
INSERT INTO [dbo].[UserActor] (UserId, ActorId) VALUES ('531b3623-4ea8-42e8-8e8a-a728d5aa4622', '0fc7e028-3157-48f2-8744-5c23effe857d')
INSERT INTO [dbo].[UserActor] (UserId, ActorId) VALUES ('531b3623-4ea8-42e8-8e8a-a728d5aa4622', '8f7566a0-d540-4789-8739-72484060fbfd')
INSERT INTO [dbo].[UserActor] (UserId, ActorId) VALUES ('531b3623-4ea8-42e8-8e8a-a728d5aa4622', '91fcc2f8-305a-49a7-8e95-730e49bbb85e')
INSERT INTO [dbo].[UserActor] (UserId, ActorId) VALUES ('531b3623-4ea8-42e8-8e8a-a728d5aa4622', '8e6124b1-36f0-43ac-b022-73d9c0fde334')
INSERT INTO [dbo].[UserActor] (UserId, ActorId) VALUES ('531b3623-4ea8-42e8-8e8a-a728d5aa4622', '8b678ccf-d6c0-4f5a-890b-7589746664f1')
INSERT INTO [dbo].[UserActor] (UserId, ActorId) VALUES ('531b3623-4ea8-42e8-8e8a-a728d5aa4622', 'ddb53b36-9f61-41c4-bebe-77c06cd33151')
INSERT INTO [dbo].[UserActor] (UserId, ActorId) VALUES ('531b3623-4ea8-42e8-8e8a-a728d5aa4622', '5de61589-8846-45e1-af3f-786673a287a7')
INSERT INTO [dbo].[UserActor] (UserId, ActorId) VALUES ('531b3623-4ea8-42e8-8e8a-a728d5aa4622', 'a4abd4ad-4ff3-4e93-a86d-7b164910ca34')
INSERT INTO [dbo].[UserActor] (UserId, ActorId) VALUES ('531b3623-4ea8-42e8-8e8a-a728d5aa4622', '158725db-35b5-4740-8ba4-80c616ec9f92')
INSERT INTO [dbo].[UserActor] (UserId, ActorId) VALUES ('531b3623-4ea8-42e8-8e8a-a728d5aa4622', 'cb2266e1-7acd-49f7-95ae-858ef7800e39')
INSERT INTO [dbo].[UserActor] (UserId, ActorId) VALUES ('531b3623-4ea8-42e8-8e8a-a728d5aa4622', '0e223e42-bed4-4778-a973-8d0ad9813f71')
INSERT INTO [dbo].[UserActor] (UserId, ActorId) VALUES ('531b3623-4ea8-42e8-8e8a-a728d5aa4622', '4b8abb49-71f9-465c-9ec3-8f7cbe3f4659')
INSERT INTO [dbo].[UserActor] (UserId, ActorId) VALUES ('531b3623-4ea8-42e8-8e8a-a728d5aa4622', 'b65bf5d4-16ed-415a-bc42-90331d2f8eaf')
INSERT INTO [dbo].[UserActor] (UserId, ActorId) VALUES ('531b3623-4ea8-42e8-8e8a-a728d5aa4622', 'b8f00060-e02a-4418-a1bd-963778473238')
INSERT INTO [dbo].[UserActor] (UserId, ActorId) VALUES ('531b3623-4ea8-42e8-8e8a-a728d5aa4622', '46e6b59d-6056-4054-a3c2-99356c067817')
INSERT INTO [dbo].[UserActor] (UserId, ActorId) VALUES ('531b3623-4ea8-42e8-8e8a-a728d5aa4622', 'b900386e-ca17-43b5-8fba-9f0e73f4345d')
INSERT INTO [dbo].[UserActor] (UserId, ActorId) VALUES ('531b3623-4ea8-42e8-8e8a-a728d5aa4622', 'fc9ddf32-1985-4831-9c03-9f95aed6f02c')
INSERT INTO [dbo].[UserActor] (UserId, ActorId) VALUES ('531b3623-4ea8-42e8-8e8a-a728d5aa4622', 'd49bc21d-87c0-426b-bd2d-a097a91de611')
INSERT INTO [dbo].[UserActor] (UserId, ActorId) VALUES ('531b3623-4ea8-42e8-8e8a-a728d5aa4622', '09591f53-b531-4db5-bb66-a2f52a393d82')
INSERT INTO [dbo].[UserActor] (UserId, ActorId) VALUES ('531b3623-4ea8-42e8-8e8a-a728d5aa4622', 'f35e48d3-423a-4507-bcf5-a4268d74fa01')
INSERT INTO [dbo].[UserActor] (UserId, ActorId) VALUES ('531b3623-4ea8-42e8-8e8a-a728d5aa4622', '55878bd4-ef25-4f2e-8ba8-b2f3cca962e6')
INSERT INTO [dbo].[UserActor] (UserId, ActorId) VALUES ('531b3623-4ea8-42e8-8e8a-a728d5aa4622', 'f718ac37-9b7f-42dc-943e-bd211ea044ff')
INSERT INTO [dbo].[UserActor] (UserId, ActorId) VALUES ('531b3623-4ea8-42e8-8e8a-a728d5aa4622', '1e2cc2e8-670e-40fa-bfae-be0fec70e9aa')
INSERT INTO [dbo].[UserActor] (UserId, ActorId) VALUES ('531b3623-4ea8-42e8-8e8a-a728d5aa4622', '0becf017-4611-429a-89b5-c194de60eac7')
INSERT INTO [dbo].[UserActor] (UserId, ActorId) VALUES ('531b3623-4ea8-42e8-8e8a-a728d5aa4622', '0e71f8a0-38a7-4d79-bf69-c6dcf8929f37')
INSERT INTO [dbo].[UserActor] (UserId, ActorId) VALUES ('531b3623-4ea8-42e8-8e8a-a728d5aa4622', 'f9b5e62b-3576-4cc6-81b7-ccdea2010d41')
INSERT INTO [dbo].[UserActor] (UserId, ActorId) VALUES ('531b3623-4ea8-42e8-8e8a-a728d5aa4622', 'b425d950-3e15-44a5-84bf-cf029ff110f6')
INSERT INTO [dbo].[UserActor] (UserId, ActorId) VALUES ('531b3623-4ea8-42e8-8e8a-a728d5aa4622', 'a42757c3-50a9-43e9-b1f9-d0d2a4ddf5a0')
INSERT INTO [dbo].[UserActor] (UserId, ActorId) VALUES ('531b3623-4ea8-42e8-8e8a-a728d5aa4622', 'ca34f9c1-2104-48f8-a2e8-d5a99a1f9fc3')
INSERT INTO [dbo].[UserActor] (UserId, ActorId) VALUES ('531b3623-4ea8-42e8-8e8a-a728d5aa4622', '7122b8f6-3fe9-4896-a922-ddde63cc32e8')
INSERT INTO [dbo].[UserActor] (UserId, ActorId) VALUES ('531b3623-4ea8-42e8-8e8a-a728d5aa4622', '20284dd9-8586-4b9d-87b3-e1f29faec8fd')
INSERT INTO [dbo].[UserActor] (UserId, ActorId) VALUES ('531b3623-4ea8-42e8-8e8a-a728d5aa4622', 'f52cd834-cc72-4bbe-961c-ea1d71bf854f')
INSERT INTO [dbo].[UserActor] (UserId, ActorId) VALUES ('531b3623-4ea8-42e8-8e8a-a728d5aa4622', '51fdc822-ebdd-4882-a80b-eb79cf420479')
INSERT INTO [dbo].[UserActor] (UserId, ActorId) VALUES ('531b3623-4ea8-42e8-8e8a-a728d5aa4622', 'b6d3dcb7-2722-426a-8970-ece730165919')
INSERT INTO [dbo].[UserActor] (UserId, ActorId) VALUES ('531b3623-4ea8-42e8-8e8a-a728d5aa4622', '519943be-f3f3-49d7-a332-eed2524bb586')
INSERT INTO [dbo].[UserActor] (UserId, ActorId) VALUES ('531b3623-4ea8-42e8-8e8a-a728d5aa4622', 'ef3e33bd-6963-405d-b1b2-f10929861050')
INSERT INTO [dbo].[UserActor] (UserId, ActorId) VALUES ('531b3623-4ea8-42e8-8e8a-a728d5aa4622', 'bbab4771-3fc4-4c44-99a7-f7ddf0737091')
INSERT INTO [dbo].[UserActor] (UserId, ActorId) VALUES ('6023930b-db51-425c-98de-a7d514294583', '3000e8c2-0dc0-4532-a40d-01ca17fe0d08')
INSERT INTO [dbo].[UserActor] (UserId, ActorId) VALUES ('6023930b-db51-425c-98de-a7d514294583', '2a0fd613-bb31-455b-9182-0534ac42ba59')
INSERT INTO [dbo].[UserActor] (UserId, ActorId) VALUES ('6023930b-db51-425c-98de-a7d514294583', '5b294533-eb98-4073-8477-094e720c903c')
INSERT INTO [dbo].[UserActor] (UserId, ActorId) VALUES ('6023930b-db51-425c-98de-a7d514294583', '27f168a8-a23c-48f1-88aa-116ed7fd2bc1')
INSERT INTO [dbo].[UserActor] (UserId, ActorId) VALUES ('6023930b-db51-425c-98de-a7d514294583', 'af450c03-1937-4ea1-bb66-17b6e4aa51f5')
INSERT INTO [dbo].[UserActor] (UserId, ActorId) VALUES ('6023930b-db51-425c-98de-a7d514294583', 'e47fd7e8-114a-4e5f-bc7c-19d12fd2d884')
INSERT INTO [dbo].[UserActor] (UserId, ActorId) VALUES ('6023930b-db51-425c-98de-a7d514294583', '4532d655-b91d-4d6d-8103-1b8471e0bdc6')
INSERT INTO [dbo].[UserActor] (UserId, ActorId) VALUES ('6023930b-db51-425c-98de-a7d514294583', 'a363a555-e88b-4cde-a22b-1fd52854ec05')
INSERT INTO [dbo].[UserActor] (UserId, ActorId) VALUES ('6023930b-db51-425c-98de-a7d514294583', 'dd85c8e2-7e6a-4489-bbf2-20b10acd8077')
INSERT INTO [dbo].[UserActor] (UserId, ActorId) VALUES ('6023930b-db51-425c-98de-a7d514294583', '80146b69-ad6a-4f35-99f7-21db436d9bff')
INSERT INTO [dbo].[UserActor] (UserId, ActorId) VALUES ('6023930b-db51-425c-98de-a7d514294583', '7fd4af08-11e5-46f1-b0e5-29c00c2f733f')
INSERT INTO [dbo].[UserActor] (UserId, ActorId) VALUES ('6023930b-db51-425c-98de-a7d514294583', '08707473-ce69-4699-9780-2c118dd527cf')
INSERT INTO [dbo].[UserActor] (UserId, ActorId) VALUES ('6023930b-db51-425c-98de-a7d514294583', '38312a77-50b5-41ce-bd5e-2d0ad7500c0a')
INSERT INTO [dbo].[UserActor] (UserId, ActorId) VALUES ('6023930b-db51-425c-98de-a7d514294583', 'bfa610c6-c732-4613-9860-2dc04e0894dd')
INSERT INTO [dbo].[UserActor] (UserId, ActorId) VALUES ('6023930b-db51-425c-98de-a7d514294583', '14f60355-af6c-4267-a89f-2f20c07ea8ad')
INSERT INTO [dbo].[UserActor] (UserId, ActorId) VALUES ('6023930b-db51-425c-98de-a7d514294583', 'fa2837d8-430d-4182-871f-304ac4844043')
INSERT INTO [dbo].[UserActor] (UserId, ActorId) VALUES ('6023930b-db51-425c-98de-a7d514294583', '8ff5c6cf-4b5b-456a-8a58-337efd49aa3b')
INSERT INTO [dbo].[UserActor] (UserId, ActorId) VALUES ('6023930b-db51-425c-98de-a7d514294583', '3a4ff827-748e-4b1c-a7a2-357e1da5b4ac')
INSERT INTO [dbo].[UserActor] (UserId, ActorId) VALUES ('6023930b-db51-425c-98de-a7d514294583', 'c316bc8f-f89b-48da-a0c2-36e972b7ed7d')
INSERT INTO [dbo].[UserActor] (UserId, ActorId) VALUES ('6023930b-db51-425c-98de-a7d514294583', 'ae9fd1eb-b83d-42e2-8d1c-3b0c8f2b9ef2')
INSERT INTO [dbo].[UserActor] (UserId, ActorId) VALUES ('6023930b-db51-425c-98de-a7d514294583', 'de716833-4f62-4542-933d-3df435eb90c7')
INSERT INTO [dbo].[UserActor] (UserId, ActorId) VALUES ('6023930b-db51-425c-98de-a7d514294583', '9306c399-9038-4129-8895-4008a7b5747e')
INSERT INTO [dbo].[UserActor] (UserId, ActorId) VALUES ('6023930b-db51-425c-98de-a7d514294583', '351fa112-a216-421e-a5f6-42cb73f75f5c')
INSERT INTO [dbo].[UserActor] (UserId, ActorId) VALUES ('6023930b-db51-425c-98de-a7d514294583', '60257177-cedb-4798-9da1-452301439df7')
INSERT INTO [dbo].[UserActor] (UserId, ActorId) VALUES ('6023930b-db51-425c-98de-a7d514294583', '03603af3-8f70-4b23-b369-454aec9fb4f4')
INSERT INTO [dbo].[UserActor] (UserId, ActorId) VALUES ('6023930b-db51-425c-98de-a7d514294583', '83510249-9f7c-4827-a67c-499a3a94f533')
INSERT INTO [dbo].[UserActor] (UserId, ActorId) VALUES ('6023930b-db51-425c-98de-a7d514294583', '7ba7cbd1-ec9d-4352-ae13-4c04251d75bc')
INSERT INTO [dbo].[UserActor] (UserId, ActorId) VALUES ('6023930b-db51-425c-98de-a7d514294583', 'c3fe13ec-03e5-48f1-b1c8-4c501077e203')
INSERT INTO [dbo].[UserActor] (UserId, ActorId) VALUES ('6023930b-db51-425c-98de-a7d514294583', 'a982de1f-3703-4e3c-be56-4e54418a2a59')
INSERT INTO [dbo].[UserActor] (UserId, ActorId) VALUES ('6023930b-db51-425c-98de-a7d514294583', '0d5eec16-9e52-42e0-96bc-4ff3fc3c9a5a')
INSERT INTO [dbo].[UserActor] (UserId, ActorId) VALUES ('6023930b-db51-425c-98de-a7d514294583', '61b46919-07e4-4a49-a22a-55708f9ebbf0')
INSERT INTO [dbo].[UserActor] (UserId, ActorId) VALUES ('6023930b-db51-425c-98de-a7d514294583', '59090111-0b3e-4530-bc1f-5803a5017415')
INSERT INTO [dbo].[UserActor] (UserId, ActorId) VALUES ('6023930b-db51-425c-98de-a7d514294583', '0fc7e028-3157-48f2-8744-5c23effe857d')
INSERT INTO [dbo].[UserActor] (UserId, ActorId) VALUES ('6023930b-db51-425c-98de-a7d514294583', '8f7566a0-d540-4789-8739-72484060fbfd')
INSERT INTO [dbo].[UserActor] (UserId, ActorId) VALUES ('6023930b-db51-425c-98de-a7d514294583', '91fcc2f8-305a-49a7-8e95-730e49bbb85e')
INSERT INTO [dbo].[UserActor] (UserId, ActorId) VALUES ('6023930b-db51-425c-98de-a7d514294583', '8e6124b1-36f0-43ac-b022-73d9c0fde334')
INSERT INTO [dbo].[UserActor] (UserId, ActorId) VALUES ('6023930b-db51-425c-98de-a7d514294583', '8b678ccf-d6c0-4f5a-890b-7589746664f1')
INSERT INTO [dbo].[UserActor] (UserId, ActorId) VALUES ('6023930b-db51-425c-98de-a7d514294583', 'ddb53b36-9f61-41c4-bebe-77c06cd33151')
INSERT INTO [dbo].[UserActor] (UserId, ActorId) VALUES ('6023930b-db51-425c-98de-a7d514294583', '5de61589-8846-45e1-af3f-786673a287a7')
INSERT INTO [dbo].[UserActor] (UserId, ActorId) VALUES ('6023930b-db51-425c-98de-a7d514294583', 'a4abd4ad-4ff3-4e93-a86d-7b164910ca34')
INSERT INTO [dbo].[UserActor] (UserId, ActorId) VALUES ('6023930b-db51-425c-98de-a7d514294583', '158725db-35b5-4740-8ba4-80c616ec9f92')
INSERT INTO [dbo].[UserActor] (UserId, ActorId) VALUES ('6023930b-db51-425c-98de-a7d514294583', 'cb2266e1-7acd-49f7-95ae-858ef7800e39')
INSERT INTO [dbo].[UserActor] (UserId, ActorId) VALUES ('6023930b-db51-425c-98de-a7d514294583', '0e223e42-bed4-4778-a973-8d0ad9813f71')
INSERT INTO [dbo].[UserActor] (UserId, ActorId) VALUES ('6023930b-db51-425c-98de-a7d514294583', '4b8abb49-71f9-465c-9ec3-8f7cbe3f4659')
INSERT INTO [dbo].[UserActor] (UserId, ActorId) VALUES ('6023930b-db51-425c-98de-a7d514294583', 'b65bf5d4-16ed-415a-bc42-90331d2f8eaf')
INSERT INTO [dbo].[UserActor] (UserId, ActorId) VALUES ('6023930b-db51-425c-98de-a7d514294583', 'b8f00060-e02a-4418-a1bd-963778473238')
INSERT INTO [dbo].[UserActor] (UserId, ActorId) VALUES ('6023930b-db51-425c-98de-a7d514294583', '46e6b59d-6056-4054-a3c2-99356c067817')
INSERT INTO [dbo].[UserActor] (UserId, ActorId) VALUES ('6023930b-db51-425c-98de-a7d514294583', 'b900386e-ca17-43b5-8fba-9f0e73f4345d')
INSERT INTO [dbo].[UserActor] (UserId, ActorId) VALUES ('6023930b-db51-425c-98de-a7d514294583', 'fc9ddf32-1985-4831-9c03-9f95aed6f02c')
INSERT INTO [dbo].[UserActor] (UserId, ActorId) VALUES ('6023930b-db51-425c-98de-a7d514294583', 'd49bc21d-87c0-426b-bd2d-a097a91de611')
INSERT INTO [dbo].[UserActor] (UserId, ActorId) VALUES ('6023930b-db51-425c-98de-a7d514294583', '09591f53-b531-4db5-bb66-a2f52a393d82')
INSERT INTO [dbo].[UserActor] (UserId, ActorId) VALUES ('6023930b-db51-425c-98de-a7d514294583', 'f35e48d3-423a-4507-bcf5-a4268d74fa01')
INSERT INTO [dbo].[UserActor] (UserId, ActorId) VALUES ('6023930b-db51-425c-98de-a7d514294583', '55878bd4-ef25-4f2e-8ba8-b2f3cca962e6')
INSERT INTO [dbo].[UserActor] (UserId, ActorId) VALUES ('6023930b-db51-425c-98de-a7d514294583', 'f718ac37-9b7f-42dc-943e-bd211ea044ff')
INSERT INTO [dbo].[UserActor] (UserId, ActorId) VALUES ('6023930b-db51-425c-98de-a7d514294583', '1e2cc2e8-670e-40fa-bfae-be0fec70e9aa')
INSERT INTO [dbo].[UserActor] (UserId, ActorId) VALUES ('6023930b-db51-425c-98de-a7d514294583', '0becf017-4611-429a-89b5-c194de60eac7')
INSERT INTO [dbo].[UserActor] (UserId, ActorId) VALUES ('6023930b-db51-425c-98de-a7d514294583', '0e71f8a0-38a7-4d79-bf69-c6dcf8929f37')
INSERT INTO [dbo].[UserActor] (UserId, ActorId) VALUES ('6023930b-db51-425c-98de-a7d514294583', 'f9b5e62b-3576-4cc6-81b7-ccdea2010d41')
INSERT INTO [dbo].[UserActor] (UserId, ActorId) VALUES ('6023930b-db51-425c-98de-a7d514294583', 'b425d950-3e15-44a5-84bf-cf029ff110f6')
INSERT INTO [dbo].[UserActor] (UserId, ActorId) VALUES ('6023930b-db51-425c-98de-a7d514294583', 'a42757c3-50a9-43e9-b1f9-d0d2a4ddf5a0')
INSERT INTO [dbo].[UserActor] (UserId, ActorId) VALUES ('6023930b-db51-425c-98de-a7d514294583', 'ca34f9c1-2104-48f8-a2e8-d5a99a1f9fc3')
INSERT INTO [dbo].[UserActor] (UserId, ActorId) VALUES ('6023930b-db51-425c-98de-a7d514294583', '7122b8f6-3fe9-4896-a922-ddde63cc32e8')
INSERT INTO [dbo].[UserActor] (UserId, ActorId) VALUES ('6023930b-db51-425c-98de-a7d514294583', '20284dd9-8586-4b9d-87b3-e1f29faec8fd')
INSERT INTO [dbo].[UserActor] (UserId, ActorId) VALUES ('6023930b-db51-425c-98de-a7d514294583', 'f52cd834-cc72-4bbe-961c-ea1d71bf854f')
INSERT INTO [dbo].[UserActor] (UserId, ActorId) VALUES ('6023930b-db51-425c-98de-a7d514294583', '51fdc822-ebdd-4882-a80b-eb79cf420479')
INSERT INTO [dbo].[UserActor] (UserId, ActorId) VALUES ('6023930b-db51-425c-98de-a7d514294583', 'b6d3dcb7-2722-426a-8970-ece730165919')
INSERT INTO [dbo].[UserActor] (UserId, ActorId) VALUES ('6023930b-db51-425c-98de-a7d514294583', '519943be-f3f3-49d7-a332-eed2524bb586')
INSERT INTO [dbo].[UserActor] (UserId, ActorId) VALUES ('6023930b-db51-425c-98de-a7d514294583', 'ef3e33bd-6963-405d-b1b2-f10929861050')
INSERT INTO [dbo].[UserActor] (UserId, ActorId) VALUES ('6023930b-db51-425c-98de-a7d514294583', 'bbab4771-3fc4-4c44-99a7-f7ddf0737091')
INSERT INTO [dbo].[UserActor] (UserId, ActorId) VALUES ('72d0ee8f-7687-4981-88ce-aa7031e9feec', '8e6124b1-36f0-43ac-b022-73d9c0fde334')
INSERT INTO [dbo].[UserActor] (UserId, ActorId) VALUES ('09770bb4-6844-49ec-a875-ad3c15bcdac8', 'f9b5e62b-3576-4cc6-81b7-ccdea2010d41')
INSERT INTO [dbo].[UserActor] (UserId, ActorId) VALUES ('a9241542-2732-46d5-9bfd-ad93f7a49f12', 'c2059ddf-ad04-4a99-bc98-2c6fde857025')
INSERT INTO [dbo].[UserActor] (UserId, ActorId) VALUES ('a9241542-2732-46d5-9bfd-ad93f7a49f12', 'e52427c2-204b-4cf2-beec-35b95f935619')
INSERT INTO [dbo].[UserActor] (UserId, ActorId) VALUES ('a9241542-2732-46d5-9bfd-ad93f7a49f12', 'bb71f037-692d-4bcd-9c79-741ad90e33ca')
INSERT INTO [dbo].[UserActor] (UserId, ActorId) VALUES ('a9241542-2732-46d5-9bfd-ad93f7a49f12', 'ef69b130-1ead-4e58-a926-a2b1154d7e2a')
INSERT INTO [dbo].[UserActor] (UserId, ActorId) VALUES ('a9241542-2732-46d5-9bfd-ad93f7a49f12', '5ed12387-2926-4a93-a76c-e779d2b54f4a')
INSERT INTO [dbo].[UserActor] (UserId, ActorId) VALUES ('afb96804-2447-41f7-ac64-b4219fd1fd8b', '3000e8c2-0dc0-4532-a40d-01ca17fe0d08')
INSERT INTO [dbo].[UserActor] (UserId, ActorId) VALUES ('afb96804-2447-41f7-ac64-b4219fd1fd8b', '2a0fd613-bb31-455b-9182-0534ac42ba59')
INSERT INTO [dbo].[UserActor] (UserId, ActorId) VALUES ('afb96804-2447-41f7-ac64-b4219fd1fd8b', '5b294533-eb98-4073-8477-094e720c903c')
INSERT INTO [dbo].[UserActor] (UserId, ActorId) VALUES ('afb96804-2447-41f7-ac64-b4219fd1fd8b', '27f168a8-a23c-48f1-88aa-116ed7fd2bc1')
INSERT INTO [dbo].[UserActor] (UserId, ActorId) VALUES ('afb96804-2447-41f7-ac64-b4219fd1fd8b', 'af450c03-1937-4ea1-bb66-17b6e4aa51f5')
INSERT INTO [dbo].[UserActor] (UserId, ActorId) VALUES ('afb96804-2447-41f7-ac64-b4219fd1fd8b', 'e47fd7e8-114a-4e5f-bc7c-19d12fd2d884')
INSERT INTO [dbo].[UserActor] (UserId, ActorId) VALUES ('afb96804-2447-41f7-ac64-b4219fd1fd8b', '4532d655-b91d-4d6d-8103-1b8471e0bdc6')
INSERT INTO [dbo].[UserActor] (UserId, ActorId) VALUES ('afb96804-2447-41f7-ac64-b4219fd1fd8b', 'a363a555-e88b-4cde-a22b-1fd52854ec05')
INSERT INTO [dbo].[UserActor] (UserId, ActorId) VALUES ('afb96804-2447-41f7-ac64-b4219fd1fd8b', 'dd85c8e2-7e6a-4489-bbf2-20b10acd8077')
INSERT INTO [dbo].[UserActor] (UserId, ActorId) VALUES ('afb96804-2447-41f7-ac64-b4219fd1fd8b', '80146b69-ad6a-4f35-99f7-21db436d9bff')
INSERT INTO [dbo].[UserActor] (UserId, ActorId) VALUES ('afb96804-2447-41f7-ac64-b4219fd1fd8b', '7fd4af08-11e5-46f1-b0e5-29c00c2f733f')
INSERT INTO [dbo].[UserActor] (UserId, ActorId) VALUES ('afb96804-2447-41f7-ac64-b4219fd1fd8b', '08707473-ce69-4699-9780-2c118dd527cf')
INSERT INTO [dbo].[UserActor] (UserId, ActorId) VALUES ('afb96804-2447-41f7-ac64-b4219fd1fd8b', '38312a77-50b5-41ce-bd5e-2d0ad7500c0a')
INSERT INTO [dbo].[UserActor] (UserId, ActorId) VALUES ('afb96804-2447-41f7-ac64-b4219fd1fd8b', 'bfa610c6-c732-4613-9860-2dc04e0894dd')
INSERT INTO [dbo].[UserActor] (UserId, ActorId) VALUES ('afb96804-2447-41f7-ac64-b4219fd1fd8b', '14f60355-af6c-4267-a89f-2f20c07ea8ad')
INSERT INTO [dbo].[UserActor] (UserId, ActorId) VALUES ('afb96804-2447-41f7-ac64-b4219fd1fd8b', 'fa2837d8-430d-4182-871f-304ac4844043')
INSERT INTO [dbo].[UserActor] (UserId, ActorId) VALUES ('afb96804-2447-41f7-ac64-b4219fd1fd8b', '8ff5c6cf-4b5b-456a-8a58-337efd49aa3b')
INSERT INTO [dbo].[UserActor] (UserId, ActorId) VALUES ('afb96804-2447-41f7-ac64-b4219fd1fd8b', '3a4ff827-748e-4b1c-a7a2-357e1da5b4ac')
INSERT INTO [dbo].[UserActor] (UserId, ActorId) VALUES ('afb96804-2447-41f7-ac64-b4219fd1fd8b', 'c316bc8f-f89b-48da-a0c2-36e972b7ed7d')
INSERT INTO [dbo].[UserActor] (UserId, ActorId) VALUES ('afb96804-2447-41f7-ac64-b4219fd1fd8b', 'ae9fd1eb-b83d-42e2-8d1c-3b0c8f2b9ef2')
INSERT INTO [dbo].[UserActor] (UserId, ActorId) VALUES ('afb96804-2447-41f7-ac64-b4219fd1fd8b', 'de716833-4f62-4542-933d-3df435eb90c7')
INSERT INTO [dbo].[UserActor] (UserId, ActorId) VALUES ('afb96804-2447-41f7-ac64-b4219fd1fd8b', '9306c399-9038-4129-8895-4008a7b5747e')
INSERT INTO [dbo].[UserActor] (UserId, ActorId) VALUES ('afb96804-2447-41f7-ac64-b4219fd1fd8b', '351fa112-a216-421e-a5f6-42cb73f75f5c')
INSERT INTO [dbo].[UserActor] (UserId, ActorId) VALUES ('afb96804-2447-41f7-ac64-b4219fd1fd8b', '60257177-cedb-4798-9da1-452301439df7')
INSERT INTO [dbo].[UserActor] (UserId, ActorId) VALUES ('afb96804-2447-41f7-ac64-b4219fd1fd8b', '03603af3-8f70-4b23-b369-454aec9fb4f4')
INSERT INTO [dbo].[UserActor] (UserId, ActorId) VALUES ('afb96804-2447-41f7-ac64-b4219fd1fd8b', '83510249-9f7c-4827-a67c-499a3a94f533')
INSERT INTO [dbo].[UserActor] (UserId, ActorId) VALUES ('afb96804-2447-41f7-ac64-b4219fd1fd8b', '7ba7cbd1-ec9d-4352-ae13-4c04251d75bc')
INSERT INTO [dbo].[UserActor] (UserId, ActorId) VALUES ('afb96804-2447-41f7-ac64-b4219fd1fd8b', 'c3fe13ec-03e5-48f1-b1c8-4c501077e203')
INSERT INTO [dbo].[UserActor] (UserId, ActorId) VALUES ('afb96804-2447-41f7-ac64-b4219fd1fd8b', 'a982de1f-3703-4e3c-be56-4e54418a2a59')
INSERT INTO [dbo].[UserActor] (UserId, ActorId) VALUES ('afb96804-2447-41f7-ac64-b4219fd1fd8b', '0d5eec16-9e52-42e0-96bc-4ff3fc3c9a5a')
INSERT INTO [dbo].[UserActor] (UserId, ActorId) VALUES ('afb96804-2447-41f7-ac64-b4219fd1fd8b', '61b46919-07e4-4a49-a22a-55708f9ebbf0')
INSERT INTO [dbo].[UserActor] (UserId, ActorId) VALUES ('afb96804-2447-41f7-ac64-b4219fd1fd8b', '59090111-0b3e-4530-bc1f-5803a5017415')
INSERT INTO [dbo].[UserActor] (UserId, ActorId) VALUES ('afb96804-2447-41f7-ac64-b4219fd1fd8b', '0fc7e028-3157-48f2-8744-5c23effe857d')
INSERT INTO [dbo].[UserActor] (UserId, ActorId) VALUES ('afb96804-2447-41f7-ac64-b4219fd1fd8b', '8f7566a0-d540-4789-8739-72484060fbfd')
INSERT INTO [dbo].[UserActor] (UserId, ActorId) VALUES ('afb96804-2447-41f7-ac64-b4219fd1fd8b', '91fcc2f8-305a-49a7-8e95-730e49bbb85e')
INSERT INTO [dbo].[UserActor] (UserId, ActorId) VALUES ('afb96804-2447-41f7-ac64-b4219fd1fd8b', '8e6124b1-36f0-43ac-b022-73d9c0fde334')
INSERT INTO [dbo].[UserActor] (UserId, ActorId) VALUES ('afb96804-2447-41f7-ac64-b4219fd1fd8b', '8b678ccf-d6c0-4f5a-890b-7589746664f1')
INSERT INTO [dbo].[UserActor] (UserId, ActorId) VALUES ('afb96804-2447-41f7-ac64-b4219fd1fd8b', 'ddb53b36-9f61-41c4-bebe-77c06cd33151')
INSERT INTO [dbo].[UserActor] (UserId, ActorId) VALUES ('afb96804-2447-41f7-ac64-b4219fd1fd8b', '5de61589-8846-45e1-af3f-786673a287a7')
INSERT INTO [dbo].[UserActor] (UserId, ActorId) VALUES ('afb96804-2447-41f7-ac64-b4219fd1fd8b', 'a4abd4ad-4ff3-4e93-a86d-7b164910ca34')
INSERT INTO [dbo].[UserActor] (UserId, ActorId) VALUES ('afb96804-2447-41f7-ac64-b4219fd1fd8b', '158725db-35b5-4740-8ba4-80c616ec9f92')
INSERT INTO [dbo].[UserActor] (UserId, ActorId) VALUES ('afb96804-2447-41f7-ac64-b4219fd1fd8b', 'cb2266e1-7acd-49f7-95ae-858ef7800e39')
INSERT INTO [dbo].[UserActor] (UserId, ActorId) VALUES ('afb96804-2447-41f7-ac64-b4219fd1fd8b', '0e223e42-bed4-4778-a973-8d0ad9813f71')
INSERT INTO [dbo].[UserActor] (UserId, ActorId) VALUES ('afb96804-2447-41f7-ac64-b4219fd1fd8b', '4b8abb49-71f9-465c-9ec3-8f7cbe3f4659')
INSERT INTO [dbo].[UserActor] (UserId, ActorId) VALUES ('afb96804-2447-41f7-ac64-b4219fd1fd8b', 'b65bf5d4-16ed-415a-bc42-90331d2f8eaf')
INSERT INTO [dbo].[UserActor] (UserId, ActorId) VALUES ('afb96804-2447-41f7-ac64-b4219fd1fd8b', 'b8f00060-e02a-4418-a1bd-963778473238')
INSERT INTO [dbo].[UserActor] (UserId, ActorId) VALUES ('afb96804-2447-41f7-ac64-b4219fd1fd8b', '46e6b59d-6056-4054-a3c2-99356c067817')
INSERT INTO [dbo].[UserActor] (UserId, ActorId) VALUES ('afb96804-2447-41f7-ac64-b4219fd1fd8b', 'b900386e-ca17-43b5-8fba-9f0e73f4345d')
INSERT INTO [dbo].[UserActor] (UserId, ActorId) VALUES ('afb96804-2447-41f7-ac64-b4219fd1fd8b', 'fc9ddf32-1985-4831-9c03-9f95aed6f02c')
INSERT INTO [dbo].[UserActor] (UserId, ActorId) VALUES ('afb96804-2447-41f7-ac64-b4219fd1fd8b', 'd49bc21d-87c0-426b-bd2d-a097a91de611')
INSERT INTO [dbo].[UserActor] (UserId, ActorId) VALUES ('afb96804-2447-41f7-ac64-b4219fd1fd8b', '09591f53-b531-4db5-bb66-a2f52a393d82')
INSERT INTO [dbo].[UserActor] (UserId, ActorId) VALUES ('afb96804-2447-41f7-ac64-b4219fd1fd8b', 'f35e48d3-423a-4507-bcf5-a4268d74fa01')
INSERT INTO [dbo].[UserActor] (UserId, ActorId) VALUES ('afb96804-2447-41f7-ac64-b4219fd1fd8b', '55878bd4-ef25-4f2e-8ba8-b2f3cca962e6')
INSERT INTO [dbo].[UserActor] (UserId, ActorId) VALUES ('afb96804-2447-41f7-ac64-b4219fd1fd8b', 'f718ac37-9b7f-42dc-943e-bd211ea044ff')
INSERT INTO [dbo].[UserActor] (UserId, ActorId) VALUES ('afb96804-2447-41f7-ac64-b4219fd1fd8b', '1e2cc2e8-670e-40fa-bfae-be0fec70e9aa')
INSERT INTO [dbo].[UserActor] (UserId, ActorId) VALUES ('afb96804-2447-41f7-ac64-b4219fd1fd8b', '0becf017-4611-429a-89b5-c194de60eac7')
INSERT INTO [dbo].[UserActor] (UserId, ActorId) VALUES ('afb96804-2447-41f7-ac64-b4219fd1fd8b', '0e71f8a0-38a7-4d79-bf69-c6dcf8929f37')
INSERT INTO [dbo].[UserActor] (UserId, ActorId) VALUES ('afb96804-2447-41f7-ac64-b4219fd1fd8b', 'f9b5e62b-3576-4cc6-81b7-ccdea2010d41')
INSERT INTO [dbo].[UserActor] (UserId, ActorId) VALUES ('afb96804-2447-41f7-ac64-b4219fd1fd8b', 'b425d950-3e15-44a5-84bf-cf029ff110f6')
INSERT INTO [dbo].[UserActor] (UserId, ActorId) VALUES ('afb96804-2447-41f7-ac64-b4219fd1fd8b', 'a42757c3-50a9-43e9-b1f9-d0d2a4ddf5a0')
INSERT INTO [dbo].[UserActor] (UserId, ActorId) VALUES ('afb96804-2447-41f7-ac64-b4219fd1fd8b', 'ca34f9c1-2104-48f8-a2e8-d5a99a1f9fc3')
INSERT INTO [dbo].[UserActor] (UserId, ActorId) VALUES ('afb96804-2447-41f7-ac64-b4219fd1fd8b', '7122b8f6-3fe9-4896-a922-ddde63cc32e8')
INSERT INTO [dbo].[UserActor] (UserId, ActorId) VALUES ('afb96804-2447-41f7-ac64-b4219fd1fd8b', '20284dd9-8586-4b9d-87b3-e1f29faec8fd')
INSERT INTO [dbo].[UserActor] (UserId, ActorId) VALUES ('afb96804-2447-41f7-ac64-b4219fd1fd8b', 'f52cd834-cc72-4bbe-961c-ea1d71bf854f')
INSERT INTO [dbo].[UserActor] (UserId, ActorId) VALUES ('afb96804-2447-41f7-ac64-b4219fd1fd8b', '51fdc822-ebdd-4882-a80b-eb79cf420479')
INSERT INTO [dbo].[UserActor] (UserId, ActorId) VALUES ('afb96804-2447-41f7-ac64-b4219fd1fd8b', 'b6d3dcb7-2722-426a-8970-ece730165919')
INSERT INTO [dbo].[UserActor] (UserId, ActorId) VALUES ('afb96804-2447-41f7-ac64-b4219fd1fd8b', '519943be-f3f3-49d7-a332-eed2524bb586')
INSERT INTO [dbo].[UserActor] (UserId, ActorId) VALUES ('afb96804-2447-41f7-ac64-b4219fd1fd8b', 'ef3e33bd-6963-405d-b1b2-f10929861050')
INSERT INTO [dbo].[UserActor] (UserId, ActorId) VALUES ('afb96804-2447-41f7-ac64-b4219fd1fd8b', 'bbab4771-3fc4-4c44-99a7-f7ddf0737091')
INSERT INTO [dbo].[UserActor] (UserId, ActorId) VALUES ('ccbdb364-2075-4b89-a860-b49da6fac6ab', '03603af3-8f70-4b23-b369-454aec9fb4f4')
INSERT INTO [dbo].[UserActor] (UserId, ActorId) VALUES ('ccbdb364-2075-4b89-a860-b49da6fac6ab', '83510249-9f7c-4827-a67c-499a3a94f533')
INSERT INTO [dbo].[UserActor] (UserId, ActorId) VALUES ('ccbdb364-2075-4b89-a860-b49da6fac6ab', '0e223e42-bed4-4778-a973-8d0ad9813f71')
INSERT INTO [dbo].[UserActor] (UserId, ActorId) VALUES ('ccbdb364-2075-4b89-a860-b49da6fac6ab', '09591f53-b531-4db5-bb66-a2f52a393d82')
INSERT INTO [dbo].[UserActor] (UserId, ActorId) VALUES ('6a7f77dc-7c6c-4535-960b-b50e5ace668c', 'af450c03-1937-4ea1-bb66-17b6e4aa51f5')
INSERT INTO [dbo].[UserActor] (UserId, ActorId) VALUES ('6a7f77dc-7c6c-4535-960b-b50e5ace668c', 'c2059ddf-ad04-4a99-bc98-2c6fde857025')
INSERT INTO [dbo].[UserActor] (UserId, ActorId) VALUES ('6a7f77dc-7c6c-4535-960b-b50e5ace668c', 'e52427c2-204b-4cf2-beec-35b95f935619')
INSERT INTO [dbo].[UserActor] (UserId, ActorId) VALUES ('6a7f77dc-7c6c-4535-960b-b50e5ace668c', 'a982de1f-3703-4e3c-be56-4e54418a2a59')
INSERT INTO [dbo].[UserActor] (UserId, ActorId) VALUES ('6a7f77dc-7c6c-4535-960b-b50e5ace668c', '0fc7e028-3157-48f2-8744-5c23effe857d')
INSERT INTO [dbo].[UserActor] (UserId, ActorId) VALUES ('6a7f77dc-7c6c-4535-960b-b50e5ace668c', 'bb71f037-692d-4bcd-9c79-741ad90e33ca')
INSERT INTO [dbo].[UserActor] (UserId, ActorId) VALUES ('6a7f77dc-7c6c-4535-960b-b50e5ace668c', 'a4abd4ad-4ff3-4e93-a86d-7b164910ca34')
INSERT INTO [dbo].[UserActor] (UserId, ActorId) VALUES ('6a7f77dc-7c6c-4535-960b-b50e5ace668c', '158725db-35b5-4740-8ba4-80c616ec9f92')
INSERT INTO [dbo].[UserActor] (UserId, ActorId) VALUES ('6a7f77dc-7c6c-4535-960b-b50e5ace668c', 'cb2266e1-7acd-49f7-95ae-858ef7800e39')
INSERT INTO [dbo].[UserActor] (UserId, ActorId) VALUES ('6a7f77dc-7c6c-4535-960b-b50e5ace668c', 'b65bf5d4-16ed-415a-bc42-90331d2f8eaf')
INSERT INTO [dbo].[UserActor] (UserId, ActorId) VALUES ('6a7f77dc-7c6c-4535-960b-b50e5ace668c', 'b8f00060-e02a-4418-a1bd-963778473238')
INSERT INTO [dbo].[UserActor] (UserId, ActorId) VALUES ('6a7f77dc-7c6c-4535-960b-b50e5ace668c', 'd49bc21d-87c0-426b-bd2d-a097a91de611')
INSERT INTO [dbo].[UserActor] (UserId, ActorId) VALUES ('6a7f77dc-7c6c-4535-960b-b50e5ace668c', 'ef69b130-1ead-4e58-a926-a2b1154d7e2a')
INSERT INTO [dbo].[UserActor] (UserId, ActorId) VALUES ('6a7f77dc-7c6c-4535-960b-b50e5ace668c', '55878bd4-ef25-4f2e-8ba8-b2f3cca962e6')
INSERT INTO [dbo].[UserActor] (UserId, ActorId) VALUES ('6a7f77dc-7c6c-4535-960b-b50e5ace668c', 'f718ac37-9b7f-42dc-943e-bd211ea044ff')
INSERT INTO [dbo].[UserActor] (UserId, ActorId) VALUES ('6a7f77dc-7c6c-4535-960b-b50e5ace668c', '1e2cc2e8-670e-40fa-bfae-be0fec70e9aa')
INSERT INTO [dbo].[UserActor] (UserId, ActorId) VALUES ('6a7f77dc-7c6c-4535-960b-b50e5ace668c', '20284dd9-8586-4b9d-87b3-e1f29faec8fd')
INSERT INTO [dbo].[UserActor] (UserId, ActorId) VALUES ('6a7f77dc-7c6c-4535-960b-b50e5ace668c', '5ed12387-2926-4a93-a76c-e779d2b54f4a')
INSERT INTO [dbo].[UserActor] (UserId, ActorId) VALUES ('3dc0084e-2538-4bbf-9b53-b741c1dd0fa2', '03603af3-8f70-4b23-b369-454aec9fb4f4')
INSERT INTO [dbo].[UserActor] (UserId, ActorId) VALUES ('3dc0084e-2538-4bbf-9b53-b741c1dd0fa2', '83510249-9f7c-4827-a67c-499a3a94f533')
INSERT INTO [dbo].[UserActor] (UserId, ActorId) VALUES ('3dc0084e-2538-4bbf-9b53-b741c1dd0fa2', '0e223e42-bed4-4778-a973-8d0ad9813f71')
INSERT INTO [dbo].[UserActor] (UserId, ActorId) VALUES ('3dc0084e-2538-4bbf-9b53-b741c1dd0fa2', '09591f53-b531-4db5-bb66-a2f52a393d82')
INSERT INTO [dbo].[UserActor] (UserId, ActorId) VALUES ('be9ee0dc-0c13-48c7-9aaa-b76f765c059c', '83510249-9f7c-4827-a67c-499a3a94f533')
INSERT INTO [dbo].[UserActor] (UserId, ActorId) VALUES ('be9ee0dc-0c13-48c7-9aaa-b76f765c059c', '0e223e42-bed4-4778-a973-8d0ad9813f71')
INSERT INTO [dbo].[UserActor] (UserId, ActorId) VALUES ('be9ee0dc-0c13-48c7-9aaa-b76f765c059c', '09591f53-b531-4db5-bb66-a2f52a393d82')
INSERT INTO [dbo].[UserActor] (UserId, ActorId) VALUES ('3640eaf7-63b5-4d0c-bf5d-b790b0b24025', '83510249-9f7c-4827-a67c-499a3a94f533')
INSERT INTO [dbo].[UserActor] (UserId, ActorId) VALUES ('3640eaf7-63b5-4d0c-bf5d-b790b0b24025', '0e223e42-bed4-4778-a973-8d0ad9813f71')
INSERT INTO [dbo].[UserActor] (UserId, ActorId) VALUES ('3640eaf7-63b5-4d0c-bf5d-b790b0b24025', '09591f53-b531-4db5-bb66-a2f52a393d82')
INSERT INTO [dbo].[UserActor] (UserId, ActorId) VALUES ('40220326-5d28-4702-a395-b8029038a149', '83510249-9f7c-4827-a67c-499a3a94f533')
INSERT INTO [dbo].[UserActor] (UserId, ActorId) VALUES ('40220326-5d28-4702-a395-b8029038a149', '0e223e42-bed4-4778-a973-8d0ad9813f71')
INSERT INTO [dbo].[UserActor] (UserId, ActorId) VALUES ('40220326-5d28-4702-a395-b8029038a149', '09591f53-b531-4db5-bb66-a2f52a393d82')
INSERT INTO [dbo].[UserActor] (UserId, ActorId) VALUES ('7d219acb-8198-4543-8885-b9d04a94ca5c', '8e6124b1-36f0-43ac-b022-73d9c0fde334')
INSERT INTO [dbo].[UserActor] (UserId, ActorId) VALUES ('bad13775-7a78-4761-85d4-ba3e595392c6', '3000e8c2-0dc0-4532-a40d-01ca17fe0d08')
INSERT INTO [dbo].[UserActor] (UserId, ActorId) VALUES ('bad13775-7a78-4761-85d4-ba3e595392c6', '2a0fd613-bb31-455b-9182-0534ac42ba59')
INSERT INTO [dbo].[UserActor] (UserId, ActorId) VALUES ('bad13775-7a78-4761-85d4-ba3e595392c6', '5b294533-eb98-4073-8477-094e720c903c')
INSERT INTO [dbo].[UserActor] (UserId, ActorId) VALUES ('bad13775-7a78-4761-85d4-ba3e595392c6', '27f168a8-a23c-48f1-88aa-116ed7fd2bc1')
INSERT INTO [dbo].[UserActor] (UserId, ActorId) VALUES ('bad13775-7a78-4761-85d4-ba3e595392c6', 'af450c03-1937-4ea1-bb66-17b6e4aa51f5')
INSERT INTO [dbo].[UserActor] (UserId, ActorId) VALUES ('bad13775-7a78-4761-85d4-ba3e595392c6', 'e47fd7e8-114a-4e5f-bc7c-19d12fd2d884')
INSERT INTO [dbo].[UserActor] (UserId, ActorId) VALUES ('bad13775-7a78-4761-85d4-ba3e595392c6', '4532d655-b91d-4d6d-8103-1b8471e0bdc6')
INSERT INTO [dbo].[UserActor] (UserId, ActorId) VALUES ('bad13775-7a78-4761-85d4-ba3e595392c6', 'a363a555-e88b-4cde-a22b-1fd52854ec05')
INSERT INTO [dbo].[UserActor] (UserId, ActorId) VALUES ('bad13775-7a78-4761-85d4-ba3e595392c6', 'dd85c8e2-7e6a-4489-bbf2-20b10acd8077')
INSERT INTO [dbo].[UserActor] (UserId, ActorId) VALUES ('bad13775-7a78-4761-85d4-ba3e595392c6', '80146b69-ad6a-4f35-99f7-21db436d9bff')
INSERT INTO [dbo].[UserActor] (UserId, ActorId) VALUES ('bad13775-7a78-4761-85d4-ba3e595392c6', '7fd4af08-11e5-46f1-b0e5-29c00c2f733f')
INSERT INTO [dbo].[UserActor] (UserId, ActorId) VALUES ('bad13775-7a78-4761-85d4-ba3e595392c6', '08707473-ce69-4699-9780-2c118dd527cf')
INSERT INTO [dbo].[UserActor] (UserId, ActorId) VALUES ('bad13775-7a78-4761-85d4-ba3e595392c6', '38312a77-50b5-41ce-bd5e-2d0ad7500c0a')
INSERT INTO [dbo].[UserActor] (UserId, ActorId) VALUES ('bad13775-7a78-4761-85d4-ba3e595392c6', 'bfa610c6-c732-4613-9860-2dc04e0894dd')
INSERT INTO [dbo].[UserActor] (UserId, ActorId) VALUES ('bad13775-7a78-4761-85d4-ba3e595392c6', '14f60355-af6c-4267-a89f-2f20c07ea8ad')
INSERT INTO [dbo].[UserActor] (UserId, ActorId) VALUES ('bad13775-7a78-4761-85d4-ba3e595392c6', 'fa2837d8-430d-4182-871f-304ac4844043')
INSERT INTO [dbo].[UserActor] (UserId, ActorId) VALUES ('bad13775-7a78-4761-85d4-ba3e595392c6', '8ff5c6cf-4b5b-456a-8a58-337efd49aa3b')
INSERT INTO [dbo].[UserActor] (UserId, ActorId) VALUES ('bad13775-7a78-4761-85d4-ba3e595392c6', '3a4ff827-748e-4b1c-a7a2-357e1da5b4ac')
INSERT INTO [dbo].[UserActor] (UserId, ActorId) VALUES ('bad13775-7a78-4761-85d4-ba3e595392c6', 'c316bc8f-f89b-48da-a0c2-36e972b7ed7d')
INSERT INTO [dbo].[UserActor] (UserId, ActorId) VALUES ('bad13775-7a78-4761-85d4-ba3e595392c6', 'ae9fd1eb-b83d-42e2-8d1c-3b0c8f2b9ef2')
INSERT INTO [dbo].[UserActor] (UserId, ActorId) VALUES ('bad13775-7a78-4761-85d4-ba3e595392c6', 'de716833-4f62-4542-933d-3df435eb90c7')
INSERT INTO [dbo].[UserActor] (UserId, ActorId) VALUES ('bad13775-7a78-4761-85d4-ba3e595392c6', '9306c399-9038-4129-8895-4008a7b5747e')
INSERT INTO [dbo].[UserActor] (UserId, ActorId) VALUES ('bad13775-7a78-4761-85d4-ba3e595392c6', '351fa112-a216-421e-a5f6-42cb73f75f5c')
INSERT INTO [dbo].[UserActor] (UserId, ActorId) VALUES ('bad13775-7a78-4761-85d4-ba3e595392c6', '60257177-cedb-4798-9da1-452301439df7')
INSERT INTO [dbo].[UserActor] (UserId, ActorId) VALUES ('bad13775-7a78-4761-85d4-ba3e595392c6', '03603af3-8f70-4b23-b369-454aec9fb4f4')
INSERT INTO [dbo].[UserActor] (UserId, ActorId) VALUES ('bad13775-7a78-4761-85d4-ba3e595392c6', '83510249-9f7c-4827-a67c-499a3a94f533')
INSERT INTO [dbo].[UserActor] (UserId, ActorId) VALUES ('bad13775-7a78-4761-85d4-ba3e595392c6', '7ba7cbd1-ec9d-4352-ae13-4c04251d75bc')
INSERT INTO [dbo].[UserActor] (UserId, ActorId) VALUES ('bad13775-7a78-4761-85d4-ba3e595392c6', 'c3fe13ec-03e5-48f1-b1c8-4c501077e203')
INSERT INTO [dbo].[UserActor] (UserId, ActorId) VALUES ('bad13775-7a78-4761-85d4-ba3e595392c6', 'a982de1f-3703-4e3c-be56-4e54418a2a59')
INSERT INTO [dbo].[UserActor] (UserId, ActorId) VALUES ('bad13775-7a78-4761-85d4-ba3e595392c6', '0d5eec16-9e52-42e0-96bc-4ff3fc3c9a5a')
INSERT INTO [dbo].[UserActor] (UserId, ActorId) VALUES ('bad13775-7a78-4761-85d4-ba3e595392c6', '61b46919-07e4-4a49-a22a-55708f9ebbf0')
INSERT INTO [dbo].[UserActor] (UserId, ActorId) VALUES ('bad13775-7a78-4761-85d4-ba3e595392c6', '59090111-0b3e-4530-bc1f-5803a5017415')
INSERT INTO [dbo].[UserActor] (UserId, ActorId) VALUES ('bad13775-7a78-4761-85d4-ba3e595392c6', '0fc7e028-3157-48f2-8744-5c23effe857d')
INSERT INTO [dbo].[UserActor] (UserId, ActorId) VALUES ('bad13775-7a78-4761-85d4-ba3e595392c6', '8f7566a0-d540-4789-8739-72484060fbfd')
INSERT INTO [dbo].[UserActor] (UserId, ActorId) VALUES ('bad13775-7a78-4761-85d4-ba3e595392c6', '91fcc2f8-305a-49a7-8e95-730e49bbb85e')
INSERT INTO [dbo].[UserActor] (UserId, ActorId) VALUES ('bad13775-7a78-4761-85d4-ba3e595392c6', '8e6124b1-36f0-43ac-b022-73d9c0fde334')
INSERT INTO [dbo].[UserActor] (UserId, ActorId) VALUES ('bad13775-7a78-4761-85d4-ba3e595392c6', '8b678ccf-d6c0-4f5a-890b-7589746664f1')
INSERT INTO [dbo].[UserActor] (UserId, ActorId) VALUES ('bad13775-7a78-4761-85d4-ba3e595392c6', 'ddb53b36-9f61-41c4-bebe-77c06cd33151')
INSERT INTO [dbo].[UserActor] (UserId, ActorId) VALUES ('bad13775-7a78-4761-85d4-ba3e595392c6', '5de61589-8846-45e1-af3f-786673a287a7')
INSERT INTO [dbo].[UserActor] (UserId, ActorId) VALUES ('bad13775-7a78-4761-85d4-ba3e595392c6', 'a4abd4ad-4ff3-4e93-a86d-7b164910ca34')
INSERT INTO [dbo].[UserActor] (UserId, ActorId) VALUES ('bad13775-7a78-4761-85d4-ba3e595392c6', '158725db-35b5-4740-8ba4-80c616ec9f92')
INSERT INTO [dbo].[UserActor] (UserId, ActorId) VALUES ('bad13775-7a78-4761-85d4-ba3e595392c6', 'cb2266e1-7acd-49f7-95ae-858ef7800e39')
INSERT INTO [dbo].[UserActor] (UserId, ActorId) VALUES ('bad13775-7a78-4761-85d4-ba3e595392c6', '0e223e42-bed4-4778-a973-8d0ad9813f71')
INSERT INTO [dbo].[UserActor] (UserId, ActorId) VALUES ('bad13775-7a78-4761-85d4-ba3e595392c6', '4b8abb49-71f9-465c-9ec3-8f7cbe3f4659')
INSERT INTO [dbo].[UserActor] (UserId, ActorId) VALUES ('bad13775-7a78-4761-85d4-ba3e595392c6', 'b65bf5d4-16ed-415a-bc42-90331d2f8eaf')
INSERT INTO [dbo].[UserActor] (UserId, ActorId) VALUES ('bad13775-7a78-4761-85d4-ba3e595392c6', 'b8f00060-e02a-4418-a1bd-963778473238')
INSERT INTO [dbo].[UserActor] (UserId, ActorId) VALUES ('bad13775-7a78-4761-85d4-ba3e595392c6', '46e6b59d-6056-4054-a3c2-99356c067817')
INSERT INTO [dbo].[UserActor] (UserId, ActorId) VALUES ('bad13775-7a78-4761-85d4-ba3e595392c6', 'b900386e-ca17-43b5-8fba-9f0e73f4345d')
INSERT INTO [dbo].[UserActor] (UserId, ActorId) VALUES ('bad13775-7a78-4761-85d4-ba3e595392c6', 'fc9ddf32-1985-4831-9c03-9f95aed6f02c')
INSERT INTO [dbo].[UserActor] (UserId, ActorId) VALUES ('bad13775-7a78-4761-85d4-ba3e595392c6', 'd49bc21d-87c0-426b-bd2d-a097a91de611')
INSERT INTO [dbo].[UserActor] (UserId, ActorId) VALUES ('bad13775-7a78-4761-85d4-ba3e595392c6', '09591f53-b531-4db5-bb66-a2f52a393d82')
INSERT INTO [dbo].[UserActor] (UserId, ActorId) VALUES ('bad13775-7a78-4761-85d4-ba3e595392c6', 'f35e48d3-423a-4507-bcf5-a4268d74fa01')
INSERT INTO [dbo].[UserActor] (UserId, ActorId) VALUES ('bad13775-7a78-4761-85d4-ba3e595392c6', '55878bd4-ef25-4f2e-8ba8-b2f3cca962e6')
INSERT INTO [dbo].[UserActor] (UserId, ActorId) VALUES ('bad13775-7a78-4761-85d4-ba3e595392c6', 'f718ac37-9b7f-42dc-943e-bd211ea044ff')
INSERT INTO [dbo].[UserActor] (UserId, ActorId) VALUES ('bad13775-7a78-4761-85d4-ba3e595392c6', '1e2cc2e8-670e-40fa-bfae-be0fec70e9aa')
INSERT INTO [dbo].[UserActor] (UserId, ActorId) VALUES ('bad13775-7a78-4761-85d4-ba3e595392c6', '0becf017-4611-429a-89b5-c194de60eac7')
INSERT INTO [dbo].[UserActor] (UserId, ActorId) VALUES ('bad13775-7a78-4761-85d4-ba3e595392c6', '0e71f8a0-38a7-4d79-bf69-c6dcf8929f37')
INSERT INTO [dbo].[UserActor] (UserId, ActorId) VALUES ('bad13775-7a78-4761-85d4-ba3e595392c6', 'f9b5e62b-3576-4cc6-81b7-ccdea2010d41')
INSERT INTO [dbo].[UserActor] (UserId, ActorId) VALUES ('bad13775-7a78-4761-85d4-ba3e595392c6', 'b425d950-3e15-44a5-84bf-cf029ff110f6')
INSERT INTO [dbo].[UserActor] (UserId, ActorId) VALUES ('bad13775-7a78-4761-85d4-ba3e595392c6', 'a42757c3-50a9-43e9-b1f9-d0d2a4ddf5a0')
INSERT INTO [dbo].[UserActor] (UserId, ActorId) VALUES ('bad13775-7a78-4761-85d4-ba3e595392c6', 'ca34f9c1-2104-48f8-a2e8-d5a99a1f9fc3')
INSERT INTO [dbo].[UserActor] (UserId, ActorId) VALUES ('bad13775-7a78-4761-85d4-ba3e595392c6', '7122b8f6-3fe9-4896-a922-ddde63cc32e8')
INSERT INTO [dbo].[UserActor] (UserId, ActorId) VALUES ('bad13775-7a78-4761-85d4-ba3e595392c6', '20284dd9-8586-4b9d-87b3-e1f29faec8fd')
INSERT INTO [dbo].[UserActor] (UserId, ActorId) VALUES ('bad13775-7a78-4761-85d4-ba3e595392c6', 'f52cd834-cc72-4bbe-961c-ea1d71bf854f')
INSERT INTO [dbo].[UserActor] (UserId, ActorId) VALUES ('bad13775-7a78-4761-85d4-ba3e595392c6', '51fdc822-ebdd-4882-a80b-eb79cf420479')
INSERT INTO [dbo].[UserActor] (UserId, ActorId) VALUES ('bad13775-7a78-4761-85d4-ba3e595392c6', 'b6d3dcb7-2722-426a-8970-ece730165919')
INSERT INTO [dbo].[UserActor] (UserId, ActorId) VALUES ('bad13775-7a78-4761-85d4-ba3e595392c6', '519943be-f3f3-49d7-a332-eed2524bb586')
INSERT INTO [dbo].[UserActor] (UserId, ActorId) VALUES ('bad13775-7a78-4761-85d4-ba3e595392c6', 'ef3e33bd-6963-405d-b1b2-f10929861050')
INSERT INTO [dbo].[UserActor] (UserId, ActorId) VALUES ('bad13775-7a78-4761-85d4-ba3e595392c6', 'bbab4771-3fc4-4c44-99a7-f7ddf0737091')
INSERT INTO [dbo].[UserActor] (UserId, ActorId) VALUES ('681e0395-82d9-4947-8843-bb5c3bba4fed', 'de716833-4f62-4542-933d-3df435eb90c7')
INSERT INTO [dbo].[UserActor] (UserId, ActorId) VALUES ('681e0395-82d9-4947-8843-bb5c3bba4fed', 'a982de1f-3703-4e3c-be56-4e54418a2a59')
INSERT INTO [dbo].[UserActor] (UserId, ActorId) VALUES ('681e0395-82d9-4947-8843-bb5c3bba4fed', 'b65bf5d4-16ed-415a-bc42-90331d2f8eaf')
INSERT INTO [dbo].[UserActor] (UserId, ActorId) VALUES ('681e0395-82d9-4947-8843-bb5c3bba4fed', '20284dd9-8586-4b9d-87b3-e1f29faec8fd')
INSERT INTO [dbo].[UserActor] (UserId, ActorId) VALUES ('5383221c-3dd1-49c7-a30a-c48493e1c937', 'de716833-4f62-4542-933d-3df435eb90c7')
INSERT INTO [dbo].[UserActor] (UserId, ActorId) VALUES ('5383221c-3dd1-49c7-a30a-c48493e1c937', 'a982de1f-3703-4e3c-be56-4e54418a2a59')
INSERT INTO [dbo].[UserActor] (UserId, ActorId) VALUES ('5383221c-3dd1-49c7-a30a-c48493e1c937', 'b65bf5d4-16ed-415a-bc42-90331d2f8eaf')
INSERT INTO [dbo].[UserActor] (UserId, ActorId) VALUES ('5383221c-3dd1-49c7-a30a-c48493e1c937', '20284dd9-8586-4b9d-87b3-e1f29faec8fd')
INSERT INTO [dbo].[UserActor] (UserId, ActorId) VALUES ('8633f1c6-fe29-4e75-95fd-c64344087021', '83510249-9f7c-4827-a67c-499a3a94f533')
INSERT INTO [dbo].[UserActor] (UserId, ActorId) VALUES ('8633f1c6-fe29-4e75-95fd-c64344087021', '0e223e42-bed4-4778-a973-8d0ad9813f71')
INSERT INTO [dbo].[UserActor] (UserId, ActorId) VALUES ('8633f1c6-fe29-4e75-95fd-c64344087021', '09591f53-b531-4db5-bb66-a2f52a393d82')
INSERT INTO [dbo].[UserActor] (UserId, ActorId) VALUES ('456226de-c789-4321-a6e2-c730c119eded', 'f9b5e62b-3576-4cc6-81b7-ccdea2010d41')
INSERT INTO [dbo].[UserActor] (UserId, ActorId) VALUES ('a05dcfaa-99fc-4783-a08c-ca72572db428', 'c2059ddf-ad04-4a99-bc98-2c6fde857025')
INSERT INTO [dbo].[UserActor] (UserId, ActorId) VALUES ('a05dcfaa-99fc-4783-a08c-ca72572db428', 'e52427c2-204b-4cf2-beec-35b95f935619')
INSERT INTO [dbo].[UserActor] (UserId, ActorId) VALUES ('a05dcfaa-99fc-4783-a08c-ca72572db428', 'bb71f037-692d-4bcd-9c79-741ad90e33ca')
INSERT INTO [dbo].[UserActor] (UserId, ActorId) VALUES ('a05dcfaa-99fc-4783-a08c-ca72572db428', 'ef69b130-1ead-4e58-a926-a2b1154d7e2a')
INSERT INTO [dbo].[UserActor] (UserId, ActorId) VALUES ('a05dcfaa-99fc-4783-a08c-ca72572db428', '5ed12387-2926-4a93-a76c-e779d2b54f4a')
INSERT INTO [dbo].[UserActor] (UserId, ActorId) VALUES ('0dcad398-8179-498b-8dda-cadb332977d7', 'af450c03-1937-4ea1-bb66-17b6e4aa51f5')
INSERT INTO [dbo].[UserActor] (UserId, ActorId) VALUES ('0dcad398-8179-498b-8dda-cadb332977d7', 'c2059ddf-ad04-4a99-bc98-2c6fde857025')
INSERT INTO [dbo].[UserActor] (UserId, ActorId) VALUES ('0dcad398-8179-498b-8dda-cadb332977d7', 'e52427c2-204b-4cf2-beec-35b95f935619')
INSERT INTO [dbo].[UserActor] (UserId, ActorId) VALUES ('0dcad398-8179-498b-8dda-cadb332977d7', '0fc7e028-3157-48f2-8744-5c23effe857d')
INSERT INTO [dbo].[UserActor] (UserId, ActorId) VALUES ('0dcad398-8179-498b-8dda-cadb332977d7', 'bb71f037-692d-4bcd-9c79-741ad90e33ca')
INSERT INTO [dbo].[UserActor] (UserId, ActorId) VALUES ('0dcad398-8179-498b-8dda-cadb332977d7', 'a4abd4ad-4ff3-4e93-a86d-7b164910ca34')
INSERT INTO [dbo].[UserActor] (UserId, ActorId) VALUES ('0dcad398-8179-498b-8dda-cadb332977d7', '158725db-35b5-4740-8ba4-80c616ec9f92')
INSERT INTO [dbo].[UserActor] (UserId, ActorId) VALUES ('0dcad398-8179-498b-8dda-cadb332977d7', 'cb2266e1-7acd-49f7-95ae-858ef7800e39')
INSERT INTO [dbo].[UserActor] (UserId, ActorId) VALUES ('0dcad398-8179-498b-8dda-cadb332977d7', 'b8f00060-e02a-4418-a1bd-963778473238')
INSERT INTO [dbo].[UserActor] (UserId, ActorId) VALUES ('0dcad398-8179-498b-8dda-cadb332977d7', 'd49bc21d-87c0-426b-bd2d-a097a91de611')
INSERT INTO [dbo].[UserActor] (UserId, ActorId) VALUES ('0dcad398-8179-498b-8dda-cadb332977d7', 'ef69b130-1ead-4e58-a926-a2b1154d7e2a')
INSERT INTO [dbo].[UserActor] (UserId, ActorId) VALUES ('0dcad398-8179-498b-8dda-cadb332977d7', 'f718ac37-9b7f-42dc-943e-bd211ea044ff')
INSERT INTO [dbo].[UserActor] (UserId, ActorId) VALUES ('0dcad398-8179-498b-8dda-cadb332977d7', '1e2cc2e8-670e-40fa-bfae-be0fec70e9aa')
INSERT INTO [dbo].[UserActor] (UserId, ActorId) VALUES ('0dcad398-8179-498b-8dda-cadb332977d7', '5ed12387-2926-4a93-a76c-e779d2b54f4a')
INSERT INTO [dbo].[UserActor] (UserId, ActorId) VALUES ('bb5bc5b7-699d-43dd-ba84-cb9ff125c4fa', '3000e8c2-0dc0-4532-a40d-01ca17fe0d08')
INSERT INTO [dbo].[UserActor] (UserId, ActorId) VALUES ('bb5bc5b7-699d-43dd-ba84-cb9ff125c4fa', '2a0fd613-bb31-455b-9182-0534ac42ba59')
INSERT INTO [dbo].[UserActor] (UserId, ActorId) VALUES ('bb5bc5b7-699d-43dd-ba84-cb9ff125c4fa', '5b294533-eb98-4073-8477-094e720c903c')
INSERT INTO [dbo].[UserActor] (UserId, ActorId) VALUES ('bb5bc5b7-699d-43dd-ba84-cb9ff125c4fa', '27f168a8-a23c-48f1-88aa-116ed7fd2bc1')
INSERT INTO [dbo].[UserActor] (UserId, ActorId) VALUES ('bb5bc5b7-699d-43dd-ba84-cb9ff125c4fa', 'e47fd7e8-114a-4e5f-bc7c-19d12fd2d884')
INSERT INTO [dbo].[UserActor] (UserId, ActorId) VALUES ('bb5bc5b7-699d-43dd-ba84-cb9ff125c4fa', '4532d655-b91d-4d6d-8103-1b8471e0bdc6')
INSERT INTO [dbo].[UserActor] (UserId, ActorId) VALUES ('bb5bc5b7-699d-43dd-ba84-cb9ff125c4fa', 'a363a555-e88b-4cde-a22b-1fd52854ec05')
INSERT INTO [dbo].[UserActor] (UserId, ActorId) VALUES ('bb5bc5b7-699d-43dd-ba84-cb9ff125c4fa', 'dd85c8e2-7e6a-4489-bbf2-20b10acd8077')
INSERT INTO [dbo].[UserActor] (UserId, ActorId) VALUES ('bb5bc5b7-699d-43dd-ba84-cb9ff125c4fa', '80146b69-ad6a-4f35-99f7-21db436d9bff')
INSERT INTO [dbo].[UserActor] (UserId, ActorId) VALUES ('bb5bc5b7-699d-43dd-ba84-cb9ff125c4fa', '7fd4af08-11e5-46f1-b0e5-29c00c2f733f')
INSERT INTO [dbo].[UserActor] (UserId, ActorId) VALUES ('bb5bc5b7-699d-43dd-ba84-cb9ff125c4fa', '08707473-ce69-4699-9780-2c118dd527cf')
INSERT INTO [dbo].[UserActor] (UserId, ActorId) VALUES ('bb5bc5b7-699d-43dd-ba84-cb9ff125c4fa', '38312a77-50b5-41ce-bd5e-2d0ad7500c0a')
INSERT INTO [dbo].[UserActor] (UserId, ActorId) VALUES ('bb5bc5b7-699d-43dd-ba84-cb9ff125c4fa', 'bfa610c6-c732-4613-9860-2dc04e0894dd')
INSERT INTO [dbo].[UserActor] (UserId, ActorId) VALUES ('bb5bc5b7-699d-43dd-ba84-cb9ff125c4fa', '14f60355-af6c-4267-a89f-2f20c07ea8ad')
INSERT INTO [dbo].[UserActor] (UserId, ActorId) VALUES ('bb5bc5b7-699d-43dd-ba84-cb9ff125c4fa', 'fa2837d8-430d-4182-871f-304ac4844043')
INSERT INTO [dbo].[UserActor] (UserId, ActorId) VALUES ('bb5bc5b7-699d-43dd-ba84-cb9ff125c4fa', '8ff5c6cf-4b5b-456a-8a58-337efd49aa3b')
INSERT INTO [dbo].[UserActor] (UserId, ActorId) VALUES ('bb5bc5b7-699d-43dd-ba84-cb9ff125c4fa', '3a4ff827-748e-4b1c-a7a2-357e1da5b4ac')
INSERT INTO [dbo].[UserActor] (UserId, ActorId) VALUES ('bb5bc5b7-699d-43dd-ba84-cb9ff125c4fa', 'c316bc8f-f89b-48da-a0c2-36e972b7ed7d')
INSERT INTO [dbo].[UserActor] (UserId, ActorId) VALUES ('bb5bc5b7-699d-43dd-ba84-cb9ff125c4fa', 'ae9fd1eb-b83d-42e2-8d1c-3b0c8f2b9ef2')
INSERT INTO [dbo].[UserActor] (UserId, ActorId) VALUES ('bb5bc5b7-699d-43dd-ba84-cb9ff125c4fa', 'de716833-4f62-4542-933d-3df435eb90c7')
INSERT INTO [dbo].[UserActor] (UserId, ActorId) VALUES ('bb5bc5b7-699d-43dd-ba84-cb9ff125c4fa', '9306c399-9038-4129-8895-4008a7b5747e')
INSERT INTO [dbo].[UserActor] (UserId, ActorId) VALUES ('bb5bc5b7-699d-43dd-ba84-cb9ff125c4fa', '351fa112-a216-421e-a5f6-42cb73f75f5c')
INSERT INTO [dbo].[UserActor] (UserId, ActorId) VALUES ('bb5bc5b7-699d-43dd-ba84-cb9ff125c4fa', '60257177-cedb-4798-9da1-452301439df7')
INSERT INTO [dbo].[UserActor] (UserId, ActorId) VALUES ('bb5bc5b7-699d-43dd-ba84-cb9ff125c4fa', '03603af3-8f70-4b23-b369-454aec9fb4f4')
INSERT INTO [dbo].[UserActor] (UserId, ActorId) VALUES ('bb5bc5b7-699d-43dd-ba84-cb9ff125c4fa', '83510249-9f7c-4827-a67c-499a3a94f533')
INSERT INTO [dbo].[UserActor] (UserId, ActorId) VALUES ('bb5bc5b7-699d-43dd-ba84-cb9ff125c4fa', '7ba7cbd1-ec9d-4352-ae13-4c04251d75bc')
INSERT INTO [dbo].[UserActor] (UserId, ActorId) VALUES ('bb5bc5b7-699d-43dd-ba84-cb9ff125c4fa', 'c3fe13ec-03e5-48f1-b1c8-4c501077e203')
INSERT INTO [dbo].[UserActor] (UserId, ActorId) VALUES ('bb5bc5b7-699d-43dd-ba84-cb9ff125c4fa', 'a982de1f-3703-4e3c-be56-4e54418a2a59')
INSERT INTO [dbo].[UserActor] (UserId, ActorId) VALUES ('bb5bc5b7-699d-43dd-ba84-cb9ff125c4fa', '0d5eec16-9e52-42e0-96bc-4ff3fc3c9a5a')
INSERT INTO [dbo].[UserActor] (UserId, ActorId) VALUES ('bb5bc5b7-699d-43dd-ba84-cb9ff125c4fa', '61b46919-07e4-4a49-a22a-55708f9ebbf0')
INSERT INTO [dbo].[UserActor] (UserId, ActorId) VALUES ('bb5bc5b7-699d-43dd-ba84-cb9ff125c4fa', '59090111-0b3e-4530-bc1f-5803a5017415')
INSERT INTO [dbo].[UserActor] (UserId, ActorId) VALUES ('bb5bc5b7-699d-43dd-ba84-cb9ff125c4fa', '8f7566a0-d540-4789-8739-72484060fbfd')
INSERT INTO [dbo].[UserActor] (UserId, ActorId) VALUES ('bb5bc5b7-699d-43dd-ba84-cb9ff125c4fa', '91fcc2f8-305a-49a7-8e95-730e49bbb85e')
INSERT INTO [dbo].[UserActor] (UserId, ActorId) VALUES ('bb5bc5b7-699d-43dd-ba84-cb9ff125c4fa', '8e6124b1-36f0-43ac-b022-73d9c0fde334')
INSERT INTO [dbo].[UserActor] (UserId, ActorId) VALUES ('bb5bc5b7-699d-43dd-ba84-cb9ff125c4fa', '8b678ccf-d6c0-4f5a-890b-7589746664f1')
INSERT INTO [dbo].[UserActor] (UserId, ActorId) VALUES ('bb5bc5b7-699d-43dd-ba84-cb9ff125c4fa', 'ddb53b36-9f61-41c4-bebe-77c06cd33151')
INSERT INTO [dbo].[UserActor] (UserId, ActorId) VALUES ('bb5bc5b7-699d-43dd-ba84-cb9ff125c4fa', '5de61589-8846-45e1-af3f-786673a287a7')
INSERT INTO [dbo].[UserActor] (UserId, ActorId) VALUES ('bb5bc5b7-699d-43dd-ba84-cb9ff125c4fa', '158725db-35b5-4740-8ba4-80c616ec9f92')
INSERT INTO [dbo].[UserActor] (UserId, ActorId) VALUES ('bb5bc5b7-699d-43dd-ba84-cb9ff125c4fa', '0e223e42-bed4-4778-a973-8d0ad9813f71')
INSERT INTO [dbo].[UserActor] (UserId, ActorId) VALUES ('bb5bc5b7-699d-43dd-ba84-cb9ff125c4fa', '4b8abb49-71f9-465c-9ec3-8f7cbe3f4659')
INSERT INTO [dbo].[UserActor] (UserId, ActorId) VALUES ('bb5bc5b7-699d-43dd-ba84-cb9ff125c4fa', 'b65bf5d4-16ed-415a-bc42-90331d2f8eaf')
INSERT INTO [dbo].[UserActor] (UserId, ActorId) VALUES ('bb5bc5b7-699d-43dd-ba84-cb9ff125c4fa', '46e6b59d-6056-4054-a3c2-99356c067817')
INSERT INTO [dbo].[UserActor] (UserId, ActorId) VALUES ('bb5bc5b7-699d-43dd-ba84-cb9ff125c4fa', 'b900386e-ca17-43b5-8fba-9f0e73f4345d')
INSERT INTO [dbo].[UserActor] (UserId, ActorId) VALUES ('bb5bc5b7-699d-43dd-ba84-cb9ff125c4fa', 'fc9ddf32-1985-4831-9c03-9f95aed6f02c')
INSERT INTO [dbo].[UserActor] (UserId, ActorId) VALUES ('bb5bc5b7-699d-43dd-ba84-cb9ff125c4fa', '09591f53-b531-4db5-bb66-a2f52a393d82')
INSERT INTO [dbo].[UserActor] (UserId, ActorId) VALUES ('bb5bc5b7-699d-43dd-ba84-cb9ff125c4fa', 'f35e48d3-423a-4507-bcf5-a4268d74fa01')
INSERT INTO [dbo].[UserActor] (UserId, ActorId) VALUES ('bb5bc5b7-699d-43dd-ba84-cb9ff125c4fa', '0becf017-4611-429a-89b5-c194de60eac7')
INSERT INTO [dbo].[UserActor] (UserId, ActorId) VALUES ('bb5bc5b7-699d-43dd-ba84-cb9ff125c4fa', '0e71f8a0-38a7-4d79-bf69-c6dcf8929f37')
INSERT INTO [dbo].[UserActor] (UserId, ActorId) VALUES ('bb5bc5b7-699d-43dd-ba84-cb9ff125c4fa', 'f9b5e62b-3576-4cc6-81b7-ccdea2010d41')
INSERT INTO [dbo].[UserActor] (UserId, ActorId) VALUES ('bb5bc5b7-699d-43dd-ba84-cb9ff125c4fa', 'b425d950-3e15-44a5-84bf-cf029ff110f6')
INSERT INTO [dbo].[UserActor] (UserId, ActorId) VALUES ('bb5bc5b7-699d-43dd-ba84-cb9ff125c4fa', 'a42757c3-50a9-43e9-b1f9-d0d2a4ddf5a0')
INSERT INTO [dbo].[UserActor] (UserId, ActorId) VALUES ('bb5bc5b7-699d-43dd-ba84-cb9ff125c4fa', 'ca34f9c1-2104-48f8-a2e8-d5a99a1f9fc3')
INSERT INTO [dbo].[UserActor] (UserId, ActorId) VALUES ('bb5bc5b7-699d-43dd-ba84-cb9ff125c4fa', '7122b8f6-3fe9-4896-a922-ddde63cc32e8')
INSERT INTO [dbo].[UserActor] (UserId, ActorId) VALUES ('bb5bc5b7-699d-43dd-ba84-cb9ff125c4fa', '20284dd9-8586-4b9d-87b3-e1f29faec8fd')
INSERT INTO [dbo].[UserActor] (UserId, ActorId) VALUES ('bb5bc5b7-699d-43dd-ba84-cb9ff125c4fa', 'f52cd834-cc72-4bbe-961c-ea1d71bf854f')
INSERT INTO [dbo].[UserActor] (UserId, ActorId) VALUES ('bb5bc5b7-699d-43dd-ba84-cb9ff125c4fa', '51fdc822-ebdd-4882-a80b-eb79cf420479')
INSERT INTO [dbo].[UserActor] (UserId, ActorId) VALUES ('bb5bc5b7-699d-43dd-ba84-cb9ff125c4fa', 'b6d3dcb7-2722-426a-8970-ece730165919')
INSERT INTO [dbo].[UserActor] (UserId, ActorId) VALUES ('bb5bc5b7-699d-43dd-ba84-cb9ff125c4fa', '519943be-f3f3-49d7-a332-eed2524bb586')
INSERT INTO [dbo].[UserActor] (UserId, ActorId) VALUES ('bb5bc5b7-699d-43dd-ba84-cb9ff125c4fa', 'ef3e33bd-6963-405d-b1b2-f10929861050')
INSERT INTO [dbo].[UserActor] (UserId, ActorId) VALUES ('bb5bc5b7-699d-43dd-ba84-cb9ff125c4fa', 'bbab4771-3fc4-4c44-99a7-f7ddf0737091')
INSERT INTO [dbo].[UserActor] (UserId, ActorId) VALUES ('c984eefb-3f06-4458-8e4f-d15aec8c2da0', '83510249-9f7c-4827-a67c-499a3a94f533')
INSERT INTO [dbo].[UserActor] (UserId, ActorId) VALUES ('c984eefb-3f06-4458-8e4f-d15aec8c2da0', '0e223e42-bed4-4778-a973-8d0ad9813f71')
INSERT INTO [dbo].[UserActor] (UserId, ActorId) VALUES ('c984eefb-3f06-4458-8e4f-d15aec8c2da0', '09591f53-b531-4db5-bb66-a2f52a393d82')
INSERT INTO [dbo].[UserActor] (UserId, ActorId) VALUES ('e7326ac7-3a69-4d75-8d0e-d255a9e72328', 'af450c03-1937-4ea1-bb66-17b6e4aa51f5')
INSERT INTO [dbo].[UserActor] (UserId, ActorId) VALUES ('e7326ac7-3a69-4d75-8d0e-d255a9e72328', 'c2059ddf-ad04-4a99-bc98-2c6fde857025')
INSERT INTO [dbo].[UserActor] (UserId, ActorId) VALUES ('e7326ac7-3a69-4d75-8d0e-d255a9e72328', 'e52427c2-204b-4cf2-beec-35b95f935619')
INSERT INTO [dbo].[UserActor] (UserId, ActorId) VALUES ('e7326ac7-3a69-4d75-8d0e-d255a9e72328', 'a982de1f-3703-4e3c-be56-4e54418a2a59')
INSERT INTO [dbo].[UserActor] (UserId, ActorId) VALUES ('e7326ac7-3a69-4d75-8d0e-d255a9e72328', '0fc7e028-3157-48f2-8744-5c23effe857d')
INSERT INTO [dbo].[UserActor] (UserId, ActorId) VALUES ('e7326ac7-3a69-4d75-8d0e-d255a9e72328', 'bb71f037-692d-4bcd-9c79-741ad90e33ca')
INSERT INTO [dbo].[UserActor] (UserId, ActorId) VALUES ('e7326ac7-3a69-4d75-8d0e-d255a9e72328', 'a4abd4ad-4ff3-4e93-a86d-7b164910ca34')
INSERT INTO [dbo].[UserActor] (UserId, ActorId) VALUES ('e7326ac7-3a69-4d75-8d0e-d255a9e72328', '158725db-35b5-4740-8ba4-80c616ec9f92')
INSERT INTO [dbo].[UserActor] (UserId, ActorId) VALUES ('e7326ac7-3a69-4d75-8d0e-d255a9e72328', 'cb2266e1-7acd-49f7-95ae-858ef7800e39')
INSERT INTO [dbo].[UserActor] (UserId, ActorId) VALUES ('e7326ac7-3a69-4d75-8d0e-d255a9e72328', 'b65bf5d4-16ed-415a-bc42-90331d2f8eaf')
INSERT INTO [dbo].[UserActor] (UserId, ActorId) VALUES ('e7326ac7-3a69-4d75-8d0e-d255a9e72328', 'b8f00060-e02a-4418-a1bd-963778473238')
INSERT INTO [dbo].[UserActor] (UserId, ActorId) VALUES ('e7326ac7-3a69-4d75-8d0e-d255a9e72328', 'd49bc21d-87c0-426b-bd2d-a097a91de611')
INSERT INTO [dbo].[UserActor] (UserId, ActorId) VALUES ('e7326ac7-3a69-4d75-8d0e-d255a9e72328', 'ef69b130-1ead-4e58-a926-a2b1154d7e2a')
INSERT INTO [dbo].[UserActor] (UserId, ActorId) VALUES ('e7326ac7-3a69-4d75-8d0e-d255a9e72328', '55878bd4-ef25-4f2e-8ba8-b2f3cca962e6')
INSERT INTO [dbo].[UserActor] (UserId, ActorId) VALUES ('e7326ac7-3a69-4d75-8d0e-d255a9e72328', 'f718ac37-9b7f-42dc-943e-bd211ea044ff')
INSERT INTO [dbo].[UserActor] (UserId, ActorId) VALUES ('e7326ac7-3a69-4d75-8d0e-d255a9e72328', '1e2cc2e8-670e-40fa-bfae-be0fec70e9aa')
INSERT INTO [dbo].[UserActor] (UserId, ActorId) VALUES ('e7326ac7-3a69-4d75-8d0e-d255a9e72328', '20284dd9-8586-4b9d-87b3-e1f29faec8fd')
INSERT INTO [dbo].[UserActor] (UserId, ActorId) VALUES ('e7326ac7-3a69-4d75-8d0e-d255a9e72328', '5ed12387-2926-4a93-a76c-e779d2b54f4a')
INSERT INTO [dbo].[UserActor] (UserId, ActorId) VALUES ('da7cc5f9-0378-44e7-9945-d566abc97ddb', '3000e8c2-0dc0-4532-a40d-01ca17fe0d08')
INSERT INTO [dbo].[UserActor] (UserId, ActorId) VALUES ('da7cc5f9-0378-44e7-9945-d566abc97ddb', '2a0fd613-bb31-455b-9182-0534ac42ba59')
INSERT INTO [dbo].[UserActor] (UserId, ActorId) VALUES ('da7cc5f9-0378-44e7-9945-d566abc97ddb', '5b294533-eb98-4073-8477-094e720c903c')
INSERT INTO [dbo].[UserActor] (UserId, ActorId) VALUES ('da7cc5f9-0378-44e7-9945-d566abc97ddb', '27f168a8-a23c-48f1-88aa-116ed7fd2bc1')
INSERT INTO [dbo].[UserActor] (UserId, ActorId) VALUES ('da7cc5f9-0378-44e7-9945-d566abc97ddb', 'e47fd7e8-114a-4e5f-bc7c-19d12fd2d884')
INSERT INTO [dbo].[UserActor] (UserId, ActorId) VALUES ('da7cc5f9-0378-44e7-9945-d566abc97ddb', '4532d655-b91d-4d6d-8103-1b8471e0bdc6')
INSERT INTO [dbo].[UserActor] (UserId, ActorId) VALUES ('da7cc5f9-0378-44e7-9945-d566abc97ddb', 'a363a555-e88b-4cde-a22b-1fd52854ec05')
INSERT INTO [dbo].[UserActor] (UserId, ActorId) VALUES ('da7cc5f9-0378-44e7-9945-d566abc97ddb', 'dd85c8e2-7e6a-4489-bbf2-20b10acd8077')
INSERT INTO [dbo].[UserActor] (UserId, ActorId) VALUES ('da7cc5f9-0378-44e7-9945-d566abc97ddb', '80146b69-ad6a-4f35-99f7-21db436d9bff')
INSERT INTO [dbo].[UserActor] (UserId, ActorId) VALUES ('da7cc5f9-0378-44e7-9945-d566abc97ddb', '7fd4af08-11e5-46f1-b0e5-29c00c2f733f')
INSERT INTO [dbo].[UserActor] (UserId, ActorId) VALUES ('da7cc5f9-0378-44e7-9945-d566abc97ddb', '08707473-ce69-4699-9780-2c118dd527cf')
INSERT INTO [dbo].[UserActor] (UserId, ActorId) VALUES ('da7cc5f9-0378-44e7-9945-d566abc97ddb', '38312a77-50b5-41ce-bd5e-2d0ad7500c0a')
INSERT INTO [dbo].[UserActor] (UserId, ActorId) VALUES ('da7cc5f9-0378-44e7-9945-d566abc97ddb', 'bfa610c6-c732-4613-9860-2dc04e0894dd')
INSERT INTO [dbo].[UserActor] (UserId, ActorId) VALUES ('da7cc5f9-0378-44e7-9945-d566abc97ddb', '14f60355-af6c-4267-a89f-2f20c07ea8ad')
INSERT INTO [dbo].[UserActor] (UserId, ActorId) VALUES ('da7cc5f9-0378-44e7-9945-d566abc97ddb', 'fa2837d8-430d-4182-871f-304ac4844043')
INSERT INTO [dbo].[UserActor] (UserId, ActorId) VALUES ('da7cc5f9-0378-44e7-9945-d566abc97ddb', '8ff5c6cf-4b5b-456a-8a58-337efd49aa3b')
INSERT INTO [dbo].[UserActor] (UserId, ActorId) VALUES ('da7cc5f9-0378-44e7-9945-d566abc97ddb', '3a4ff827-748e-4b1c-a7a2-357e1da5b4ac')
INSERT INTO [dbo].[UserActor] (UserId, ActorId) VALUES ('da7cc5f9-0378-44e7-9945-d566abc97ddb', 'c316bc8f-f89b-48da-a0c2-36e972b7ed7d')
INSERT INTO [dbo].[UserActor] (UserId, ActorId) VALUES ('da7cc5f9-0378-44e7-9945-d566abc97ddb', 'ae9fd1eb-b83d-42e2-8d1c-3b0c8f2b9ef2')
INSERT INTO [dbo].[UserActor] (UserId, ActorId) VALUES ('da7cc5f9-0378-44e7-9945-d566abc97ddb', 'de716833-4f62-4542-933d-3df435eb90c7')
INSERT INTO [dbo].[UserActor] (UserId, ActorId) VALUES ('da7cc5f9-0378-44e7-9945-d566abc97ddb', '9306c399-9038-4129-8895-4008a7b5747e')
INSERT INTO [dbo].[UserActor] (UserId, ActorId) VALUES ('da7cc5f9-0378-44e7-9945-d566abc97ddb', '351fa112-a216-421e-a5f6-42cb73f75f5c')
INSERT INTO [dbo].[UserActor] (UserId, ActorId) VALUES ('da7cc5f9-0378-44e7-9945-d566abc97ddb', '60257177-cedb-4798-9da1-452301439df7')
INSERT INTO [dbo].[UserActor] (UserId, ActorId) VALUES ('da7cc5f9-0378-44e7-9945-d566abc97ddb', '03603af3-8f70-4b23-b369-454aec9fb4f4')
INSERT INTO [dbo].[UserActor] (UserId, ActorId) VALUES ('da7cc5f9-0378-44e7-9945-d566abc97ddb', '83510249-9f7c-4827-a67c-499a3a94f533')
INSERT INTO [dbo].[UserActor] (UserId, ActorId) VALUES ('da7cc5f9-0378-44e7-9945-d566abc97ddb', '7ba7cbd1-ec9d-4352-ae13-4c04251d75bc')
INSERT INTO [dbo].[UserActor] (UserId, ActorId) VALUES ('da7cc5f9-0378-44e7-9945-d566abc97ddb', 'c3fe13ec-03e5-48f1-b1c8-4c501077e203')
INSERT INTO [dbo].[UserActor] (UserId, ActorId) VALUES ('da7cc5f9-0378-44e7-9945-d566abc97ddb', 'a982de1f-3703-4e3c-be56-4e54418a2a59')
INSERT INTO [dbo].[UserActor] (UserId, ActorId) VALUES ('da7cc5f9-0378-44e7-9945-d566abc97ddb', '0d5eec16-9e52-42e0-96bc-4ff3fc3c9a5a')
INSERT INTO [dbo].[UserActor] (UserId, ActorId) VALUES ('da7cc5f9-0378-44e7-9945-d566abc97ddb', '61b46919-07e4-4a49-a22a-55708f9ebbf0')
INSERT INTO [dbo].[UserActor] (UserId, ActorId) VALUES ('da7cc5f9-0378-44e7-9945-d566abc97ddb', '59090111-0b3e-4530-bc1f-5803a5017415')
INSERT INTO [dbo].[UserActor] (UserId, ActorId) VALUES ('da7cc5f9-0378-44e7-9945-d566abc97ddb', '8f7566a0-d540-4789-8739-72484060fbfd')
INSERT INTO [dbo].[UserActor] (UserId, ActorId) VALUES ('da7cc5f9-0378-44e7-9945-d566abc97ddb', '91fcc2f8-305a-49a7-8e95-730e49bbb85e')
INSERT INTO [dbo].[UserActor] (UserId, ActorId) VALUES ('da7cc5f9-0378-44e7-9945-d566abc97ddb', '8e6124b1-36f0-43ac-b022-73d9c0fde334')
INSERT INTO [dbo].[UserActor] (UserId, ActorId) VALUES ('da7cc5f9-0378-44e7-9945-d566abc97ddb', '8b678ccf-d6c0-4f5a-890b-7589746664f1')
INSERT INTO [dbo].[UserActor] (UserId, ActorId) VALUES ('da7cc5f9-0378-44e7-9945-d566abc97ddb', 'ddb53b36-9f61-41c4-bebe-77c06cd33151')
INSERT INTO [dbo].[UserActor] (UserId, ActorId) VALUES ('da7cc5f9-0378-44e7-9945-d566abc97ddb', '5de61589-8846-45e1-af3f-786673a287a7')
INSERT INTO [dbo].[UserActor] (UserId, ActorId) VALUES ('da7cc5f9-0378-44e7-9945-d566abc97ddb', '158725db-35b5-4740-8ba4-80c616ec9f92')
INSERT INTO [dbo].[UserActor] (UserId, ActorId) VALUES ('da7cc5f9-0378-44e7-9945-d566abc97ddb', '0e223e42-bed4-4778-a973-8d0ad9813f71')
INSERT INTO [dbo].[UserActor] (UserId, ActorId) VALUES ('da7cc5f9-0378-44e7-9945-d566abc97ddb', '4b8abb49-71f9-465c-9ec3-8f7cbe3f4659')
INSERT INTO [dbo].[UserActor] (UserId, ActorId) VALUES ('da7cc5f9-0378-44e7-9945-d566abc97ddb', 'b65bf5d4-16ed-415a-bc42-90331d2f8eaf')
INSERT INTO [dbo].[UserActor] (UserId, ActorId) VALUES ('da7cc5f9-0378-44e7-9945-d566abc97ddb', '46e6b59d-6056-4054-a3c2-99356c067817')
INSERT INTO [dbo].[UserActor] (UserId, ActorId) VALUES ('da7cc5f9-0378-44e7-9945-d566abc97ddb', 'b900386e-ca17-43b5-8fba-9f0e73f4345d')
INSERT INTO [dbo].[UserActor] (UserId, ActorId) VALUES ('da7cc5f9-0378-44e7-9945-d566abc97ddb', 'fc9ddf32-1985-4831-9c03-9f95aed6f02c')
INSERT INTO [dbo].[UserActor] (UserId, ActorId) VALUES ('da7cc5f9-0378-44e7-9945-d566abc97ddb', '09591f53-b531-4db5-bb66-a2f52a393d82')
INSERT INTO [dbo].[UserActor] (UserId, ActorId) VALUES ('da7cc5f9-0378-44e7-9945-d566abc97ddb', 'f35e48d3-423a-4507-bcf5-a4268d74fa01')
INSERT INTO [dbo].[UserActor] (UserId, ActorId) VALUES ('da7cc5f9-0378-44e7-9945-d566abc97ddb', '0becf017-4611-429a-89b5-c194de60eac7')
INSERT INTO [dbo].[UserActor] (UserId, ActorId) VALUES ('da7cc5f9-0378-44e7-9945-d566abc97ddb', '0e71f8a0-38a7-4d79-bf69-c6dcf8929f37')
INSERT INTO [dbo].[UserActor] (UserId, ActorId) VALUES ('da7cc5f9-0378-44e7-9945-d566abc97ddb', 'f9b5e62b-3576-4cc6-81b7-ccdea2010d41')
INSERT INTO [dbo].[UserActor] (UserId, ActorId) VALUES ('da7cc5f9-0378-44e7-9945-d566abc97ddb', 'b425d950-3e15-44a5-84bf-cf029ff110f6')
INSERT INTO [dbo].[UserActor] (UserId, ActorId) VALUES ('da7cc5f9-0378-44e7-9945-d566abc97ddb', 'a42757c3-50a9-43e9-b1f9-d0d2a4ddf5a0')
INSERT INTO [dbo].[UserActor] (UserId, ActorId) VALUES ('da7cc5f9-0378-44e7-9945-d566abc97ddb', 'ca34f9c1-2104-48f8-a2e8-d5a99a1f9fc3')
INSERT INTO [dbo].[UserActor] (UserId, ActorId) VALUES ('da7cc5f9-0378-44e7-9945-d566abc97ddb', '7122b8f6-3fe9-4896-a922-ddde63cc32e8')
INSERT INTO [dbo].[UserActor] (UserId, ActorId) VALUES ('da7cc5f9-0378-44e7-9945-d566abc97ddb', '20284dd9-8586-4b9d-87b3-e1f29faec8fd')
INSERT INTO [dbo].[UserActor] (UserId, ActorId) VALUES ('da7cc5f9-0378-44e7-9945-d566abc97ddb', 'f52cd834-cc72-4bbe-961c-ea1d71bf854f')
INSERT INTO [dbo].[UserActor] (UserId, ActorId) VALUES ('da7cc5f9-0378-44e7-9945-d566abc97ddb', '51fdc822-ebdd-4882-a80b-eb79cf420479')
INSERT INTO [dbo].[UserActor] (UserId, ActorId) VALUES ('da7cc5f9-0378-44e7-9945-d566abc97ddb', 'b6d3dcb7-2722-426a-8970-ece730165919')
INSERT INTO [dbo].[UserActor] (UserId, ActorId) VALUES ('da7cc5f9-0378-44e7-9945-d566abc97ddb', '519943be-f3f3-49d7-a332-eed2524bb586')
INSERT INTO [dbo].[UserActor] (UserId, ActorId) VALUES ('da7cc5f9-0378-44e7-9945-d566abc97ddb', 'ef3e33bd-6963-405d-b1b2-f10929861050')
INSERT INTO [dbo].[UserActor] (UserId, ActorId) VALUES ('da7cc5f9-0378-44e7-9945-d566abc97ddb', 'bbab4771-3fc4-4c44-99a7-f7ddf0737091')
INSERT INTO [dbo].[UserActor] (UserId, ActorId) VALUES ('e772c735-e405-4460-b330-d9f3c0007495', '2a0fd613-bb31-455b-9182-0534ac42ba59')
INSERT INTO [dbo].[UserActor] (UserId, ActorId) VALUES ('e772c735-e405-4460-b330-d9f3c0007495', '4532d655-b91d-4d6d-8103-1b8471e0bdc6')
INSERT INTO [dbo].[UserActor] (UserId, ActorId) VALUES ('e772c735-e405-4460-b330-d9f3c0007495', '61b46919-07e4-4a49-a22a-55708f9ebbf0')
INSERT INTO [dbo].[UserActor] (UserId, ActorId) VALUES ('e772c735-e405-4460-b330-d9f3c0007495', '8f7566a0-d540-4789-8739-72484060fbfd')
INSERT INTO [dbo].[UserActor] (UserId, ActorId) VALUES ('e772c735-e405-4460-b330-d9f3c0007495', 'ddb53b36-9f61-41c4-bebe-77c06cd33151')
INSERT INTO [dbo].[UserActor] (UserId, ActorId) VALUES ('e772c735-e405-4460-b330-d9f3c0007495', 'f35e48d3-423a-4507-bcf5-a4268d74fa01')
INSERT INTO [dbo].[UserActor] (UserId, ActorId) VALUES ('d4d6db92-1291-4cf6-9512-da859c7b503e', '83510249-9f7c-4827-a67c-499a3a94f533')
INSERT INTO [dbo].[UserActor] (UserId, ActorId) VALUES ('d4d6db92-1291-4cf6-9512-da859c7b503e', '0e223e42-bed4-4778-a973-8d0ad9813f71')
INSERT INTO [dbo].[UserActor] (UserId, ActorId) VALUES ('d4d6db92-1291-4cf6-9512-da859c7b503e', '09591f53-b531-4db5-bb66-a2f52a393d82')
INSERT INTO [dbo].[UserActor] (UserId, ActorId) VALUES ('a4ffa131-6bb8-414d-ae40-dfed8b01fd19', 'de716833-4f62-4542-933d-3df435eb90c7')
INSERT INTO [dbo].[UserActor] (UserId, ActorId) VALUES ('a4ffa131-6bb8-414d-ae40-dfed8b01fd19', 'a982de1f-3703-4e3c-be56-4e54418a2a59')
INSERT INTO [dbo].[UserActor] (UserId, ActorId) VALUES ('a4ffa131-6bb8-414d-ae40-dfed8b01fd19', 'b65bf5d4-16ed-415a-bc42-90331d2f8eaf')
INSERT INTO [dbo].[UserActor] (UserId, ActorId) VALUES ('a4ffa131-6bb8-414d-ae40-dfed8b01fd19', '20284dd9-8586-4b9d-87b3-e1f29faec8fd')
INSERT INTO [dbo].[UserActor] (UserId, ActorId) VALUES ('c5cc7214-ba3c-42ed-8067-e132368352d5', '83510249-9f7c-4827-a67c-499a3a94f533')
INSERT INTO [dbo].[UserActor] (UserId, ActorId) VALUES ('c5cc7214-ba3c-42ed-8067-e132368352d5', '0e223e42-bed4-4778-a973-8d0ad9813f71')
INSERT INTO [dbo].[UserActor] (UserId, ActorId) VALUES ('c5cc7214-ba3c-42ed-8067-e132368352d5', '09591f53-b531-4db5-bb66-a2f52a393d82')
INSERT INTO [dbo].[UserActor] (UserId, ActorId) VALUES ('4756a304-66f3-4a21-85a3-e51bbd016844', '3000e8c2-0dc0-4532-a40d-01ca17fe0d08')
INSERT INTO [dbo].[UserActor] (UserId, ActorId) VALUES ('4756a304-66f3-4a21-85a3-e51bbd016844', '2a0fd613-bb31-455b-9182-0534ac42ba59')
INSERT INTO [dbo].[UserActor] (UserId, ActorId) VALUES ('4756a304-66f3-4a21-85a3-e51bbd016844', '5b294533-eb98-4073-8477-094e720c903c')
INSERT INTO [dbo].[UserActor] (UserId, ActorId) VALUES ('4756a304-66f3-4a21-85a3-e51bbd016844', '27f168a8-a23c-48f1-88aa-116ed7fd2bc1')
INSERT INTO [dbo].[UserActor] (UserId, ActorId) VALUES ('4756a304-66f3-4a21-85a3-e51bbd016844', 'af450c03-1937-4ea1-bb66-17b6e4aa51f5')
INSERT INTO [dbo].[UserActor] (UserId, ActorId) VALUES ('4756a304-66f3-4a21-85a3-e51bbd016844', 'e47fd7e8-114a-4e5f-bc7c-19d12fd2d884')
INSERT INTO [dbo].[UserActor] (UserId, ActorId) VALUES ('4756a304-66f3-4a21-85a3-e51bbd016844', '4532d655-b91d-4d6d-8103-1b8471e0bdc6')
INSERT INTO [dbo].[UserActor] (UserId, ActorId) VALUES ('4756a304-66f3-4a21-85a3-e51bbd016844', 'a363a555-e88b-4cde-a22b-1fd52854ec05')
INSERT INTO [dbo].[UserActor] (UserId, ActorId) VALUES ('4756a304-66f3-4a21-85a3-e51bbd016844', 'dd85c8e2-7e6a-4489-bbf2-20b10acd8077')
INSERT INTO [dbo].[UserActor] (UserId, ActorId) VALUES ('4756a304-66f3-4a21-85a3-e51bbd016844', '80146b69-ad6a-4f35-99f7-21db436d9bff')
INSERT INTO [dbo].[UserActor] (UserId, ActorId) VALUES ('4756a304-66f3-4a21-85a3-e51bbd016844', '7fd4af08-11e5-46f1-b0e5-29c00c2f733f')
INSERT INTO [dbo].[UserActor] (UserId, ActorId) VALUES ('4756a304-66f3-4a21-85a3-e51bbd016844', '08707473-ce69-4699-9780-2c118dd527cf')
INSERT INTO [dbo].[UserActor] (UserId, ActorId) VALUES ('4756a304-66f3-4a21-85a3-e51bbd016844', '38312a77-50b5-41ce-bd5e-2d0ad7500c0a')
INSERT INTO [dbo].[UserActor] (UserId, ActorId) VALUES ('4756a304-66f3-4a21-85a3-e51bbd016844', 'bfa610c6-c732-4613-9860-2dc04e0894dd')
INSERT INTO [dbo].[UserActor] (UserId, ActorId) VALUES ('4756a304-66f3-4a21-85a3-e51bbd016844', '14f60355-af6c-4267-a89f-2f20c07ea8ad')
INSERT INTO [dbo].[UserActor] (UserId, ActorId) VALUES ('4756a304-66f3-4a21-85a3-e51bbd016844', 'fa2837d8-430d-4182-871f-304ac4844043')
INSERT INTO [dbo].[UserActor] (UserId, ActorId) VALUES ('4756a304-66f3-4a21-85a3-e51bbd016844', '8ff5c6cf-4b5b-456a-8a58-337efd49aa3b')
INSERT INTO [dbo].[UserActor] (UserId, ActorId) VALUES ('4756a304-66f3-4a21-85a3-e51bbd016844', '3a4ff827-748e-4b1c-a7a2-357e1da5b4ac')
INSERT INTO [dbo].[UserActor] (UserId, ActorId) VALUES ('4756a304-66f3-4a21-85a3-e51bbd016844', 'c316bc8f-f89b-48da-a0c2-36e972b7ed7d')
INSERT INTO [dbo].[UserActor] (UserId, ActorId) VALUES ('4756a304-66f3-4a21-85a3-e51bbd016844', 'ae9fd1eb-b83d-42e2-8d1c-3b0c8f2b9ef2')
INSERT INTO [dbo].[UserActor] (UserId, ActorId) VALUES ('4756a304-66f3-4a21-85a3-e51bbd016844', 'de716833-4f62-4542-933d-3df435eb90c7')
INSERT INTO [dbo].[UserActor] (UserId, ActorId) VALUES ('4756a304-66f3-4a21-85a3-e51bbd016844', '9306c399-9038-4129-8895-4008a7b5747e')
INSERT INTO [dbo].[UserActor] (UserId, ActorId) VALUES ('4756a304-66f3-4a21-85a3-e51bbd016844', '351fa112-a216-421e-a5f6-42cb73f75f5c')
INSERT INTO [dbo].[UserActor] (UserId, ActorId) VALUES ('4756a304-66f3-4a21-85a3-e51bbd016844', '60257177-cedb-4798-9da1-452301439df7')
INSERT INTO [dbo].[UserActor] (UserId, ActorId) VALUES ('4756a304-66f3-4a21-85a3-e51bbd016844', '03603af3-8f70-4b23-b369-454aec9fb4f4')
INSERT INTO [dbo].[UserActor] (UserId, ActorId) VALUES ('4756a304-66f3-4a21-85a3-e51bbd016844', '83510249-9f7c-4827-a67c-499a3a94f533')
INSERT INTO [dbo].[UserActor] (UserId, ActorId) VALUES ('4756a304-66f3-4a21-85a3-e51bbd016844', '7ba7cbd1-ec9d-4352-ae13-4c04251d75bc')
INSERT INTO [dbo].[UserActor] (UserId, ActorId) VALUES ('4756a304-66f3-4a21-85a3-e51bbd016844', 'c3fe13ec-03e5-48f1-b1c8-4c501077e203')
INSERT INTO [dbo].[UserActor] (UserId, ActorId) VALUES ('4756a304-66f3-4a21-85a3-e51bbd016844', 'a982de1f-3703-4e3c-be56-4e54418a2a59')
INSERT INTO [dbo].[UserActor] (UserId, ActorId) VALUES ('4756a304-66f3-4a21-85a3-e51bbd016844', '0d5eec16-9e52-42e0-96bc-4ff3fc3c9a5a')
INSERT INTO [dbo].[UserActor] (UserId, ActorId) VALUES ('4756a304-66f3-4a21-85a3-e51bbd016844', '61b46919-07e4-4a49-a22a-55708f9ebbf0')
INSERT INTO [dbo].[UserActor] (UserId, ActorId) VALUES ('4756a304-66f3-4a21-85a3-e51bbd016844', '59090111-0b3e-4530-bc1f-5803a5017415')
INSERT INTO [dbo].[UserActor] (UserId, ActorId) VALUES ('4756a304-66f3-4a21-85a3-e51bbd016844', '0fc7e028-3157-48f2-8744-5c23effe857d')
INSERT INTO [dbo].[UserActor] (UserId, ActorId) VALUES ('4756a304-66f3-4a21-85a3-e51bbd016844', '8f7566a0-d540-4789-8739-72484060fbfd')
INSERT INTO [dbo].[UserActor] (UserId, ActorId) VALUES ('4756a304-66f3-4a21-85a3-e51bbd016844', '91fcc2f8-305a-49a7-8e95-730e49bbb85e')
INSERT INTO [dbo].[UserActor] (UserId, ActorId) VALUES ('4756a304-66f3-4a21-85a3-e51bbd016844', '8e6124b1-36f0-43ac-b022-73d9c0fde334')
INSERT INTO [dbo].[UserActor] (UserId, ActorId) VALUES ('4756a304-66f3-4a21-85a3-e51bbd016844', '8b678ccf-d6c0-4f5a-890b-7589746664f1')
INSERT INTO [dbo].[UserActor] (UserId, ActorId) VALUES ('4756a304-66f3-4a21-85a3-e51bbd016844', 'ddb53b36-9f61-41c4-bebe-77c06cd33151')
INSERT INTO [dbo].[UserActor] (UserId, ActorId) VALUES ('4756a304-66f3-4a21-85a3-e51bbd016844', '5de61589-8846-45e1-af3f-786673a287a7')
INSERT INTO [dbo].[UserActor] (UserId, ActorId) VALUES ('4756a304-66f3-4a21-85a3-e51bbd016844', 'a4abd4ad-4ff3-4e93-a86d-7b164910ca34')
INSERT INTO [dbo].[UserActor] (UserId, ActorId) VALUES ('4756a304-66f3-4a21-85a3-e51bbd016844', '158725db-35b5-4740-8ba4-80c616ec9f92')
INSERT INTO [dbo].[UserActor] (UserId, ActorId) VALUES ('4756a304-66f3-4a21-85a3-e51bbd016844', 'cb2266e1-7acd-49f7-95ae-858ef7800e39')
INSERT INTO [dbo].[UserActor] (UserId, ActorId) VALUES ('4756a304-66f3-4a21-85a3-e51bbd016844', '0e223e42-bed4-4778-a973-8d0ad9813f71')
INSERT INTO [dbo].[UserActor] (UserId, ActorId) VALUES ('4756a304-66f3-4a21-85a3-e51bbd016844', '4b8abb49-71f9-465c-9ec3-8f7cbe3f4659')
INSERT INTO [dbo].[UserActor] (UserId, ActorId) VALUES ('4756a304-66f3-4a21-85a3-e51bbd016844', 'b65bf5d4-16ed-415a-bc42-90331d2f8eaf')
INSERT INTO [dbo].[UserActor] (UserId, ActorId) VALUES ('4756a304-66f3-4a21-85a3-e51bbd016844', 'b8f00060-e02a-4418-a1bd-963778473238')
INSERT INTO [dbo].[UserActor] (UserId, ActorId) VALUES ('4756a304-66f3-4a21-85a3-e51bbd016844', '46e6b59d-6056-4054-a3c2-99356c067817')
INSERT INTO [dbo].[UserActor] (UserId, ActorId) VALUES ('4756a304-66f3-4a21-85a3-e51bbd016844', 'b900386e-ca17-43b5-8fba-9f0e73f4345d')
INSERT INTO [dbo].[UserActor] (UserId, ActorId) VALUES ('4756a304-66f3-4a21-85a3-e51bbd016844', 'fc9ddf32-1985-4831-9c03-9f95aed6f02c')
INSERT INTO [dbo].[UserActor] (UserId, ActorId) VALUES ('4756a304-66f3-4a21-85a3-e51bbd016844', 'd49bc21d-87c0-426b-bd2d-a097a91de611')
INSERT INTO [dbo].[UserActor] (UserId, ActorId) VALUES ('4756a304-66f3-4a21-85a3-e51bbd016844', '09591f53-b531-4db5-bb66-a2f52a393d82')
INSERT INTO [dbo].[UserActor] (UserId, ActorId) VALUES ('4756a304-66f3-4a21-85a3-e51bbd016844', 'f35e48d3-423a-4507-bcf5-a4268d74fa01')
INSERT INTO [dbo].[UserActor] (UserId, ActorId) VALUES ('4756a304-66f3-4a21-85a3-e51bbd016844', '55878bd4-ef25-4f2e-8ba8-b2f3cca962e6')
INSERT INTO [dbo].[UserActor] (UserId, ActorId) VALUES ('4756a304-66f3-4a21-85a3-e51bbd016844', 'f718ac37-9b7f-42dc-943e-bd211ea044ff')
INSERT INTO [dbo].[UserActor] (UserId, ActorId) VALUES ('4756a304-66f3-4a21-85a3-e51bbd016844', '1e2cc2e8-670e-40fa-bfae-be0fec70e9aa')
INSERT INTO [dbo].[UserActor] (UserId, ActorId) VALUES ('4756a304-66f3-4a21-85a3-e51bbd016844', '0becf017-4611-429a-89b5-c194de60eac7')
INSERT INTO [dbo].[UserActor] (UserId, ActorId) VALUES ('4756a304-66f3-4a21-85a3-e51bbd016844', '0e71f8a0-38a7-4d79-bf69-c6dcf8929f37')
INSERT INTO [dbo].[UserActor] (UserId, ActorId) VALUES ('4756a304-66f3-4a21-85a3-e51bbd016844', 'f9b5e62b-3576-4cc6-81b7-ccdea2010d41')
INSERT INTO [dbo].[UserActor] (UserId, ActorId) VALUES ('4756a304-66f3-4a21-85a3-e51bbd016844', 'b425d950-3e15-44a5-84bf-cf029ff110f6')
INSERT INTO [dbo].[UserActor] (UserId, ActorId) VALUES ('4756a304-66f3-4a21-85a3-e51bbd016844', 'a42757c3-50a9-43e9-b1f9-d0d2a4ddf5a0')
INSERT INTO [dbo].[UserActor] (UserId, ActorId) VALUES ('4756a304-66f3-4a21-85a3-e51bbd016844', 'ca34f9c1-2104-48f8-a2e8-d5a99a1f9fc3')
INSERT INTO [dbo].[UserActor] (UserId, ActorId) VALUES ('4756a304-66f3-4a21-85a3-e51bbd016844', '7122b8f6-3fe9-4896-a922-ddde63cc32e8')
INSERT INTO [dbo].[UserActor] (UserId, ActorId) VALUES ('4756a304-66f3-4a21-85a3-e51bbd016844', '20284dd9-8586-4b9d-87b3-e1f29faec8fd')
INSERT INTO [dbo].[UserActor] (UserId, ActorId) VALUES ('4756a304-66f3-4a21-85a3-e51bbd016844', 'f52cd834-cc72-4bbe-961c-ea1d71bf854f')
INSERT INTO [dbo].[UserActor] (UserId, ActorId) VALUES ('4756a304-66f3-4a21-85a3-e51bbd016844', '51fdc822-ebdd-4882-a80b-eb79cf420479')
INSERT INTO [dbo].[UserActor] (UserId, ActorId) VALUES ('4756a304-66f3-4a21-85a3-e51bbd016844', 'b6d3dcb7-2722-426a-8970-ece730165919')
INSERT INTO [dbo].[UserActor] (UserId, ActorId) VALUES ('4756a304-66f3-4a21-85a3-e51bbd016844', '519943be-f3f3-49d7-a332-eed2524bb586')
INSERT INTO [dbo].[UserActor] (UserId, ActorId) VALUES ('4756a304-66f3-4a21-85a3-e51bbd016844', 'ef3e33bd-6963-405d-b1b2-f10929861050')
INSERT INTO [dbo].[UserActor] (UserId, ActorId) VALUES ('4756a304-66f3-4a21-85a3-e51bbd016844', 'bbab4771-3fc4-4c44-99a7-f7ddf0737091')
INSERT INTO [dbo].[UserActor] (UserId, ActorId) VALUES ('e6cca180-718c-446e-b8bb-e7086ee39c34', '3000e8c2-0dc0-4532-a40d-01ca17fe0d08')
INSERT INTO [dbo].[UserActor] (UserId, ActorId) VALUES ('e6cca180-718c-446e-b8bb-e7086ee39c34', '2a0fd613-bb31-455b-9182-0534ac42ba59')
INSERT INTO [dbo].[UserActor] (UserId, ActorId) VALUES ('e6cca180-718c-446e-b8bb-e7086ee39c34', '5b294533-eb98-4073-8477-094e720c903c')
INSERT INTO [dbo].[UserActor] (UserId, ActorId) VALUES ('e6cca180-718c-446e-b8bb-e7086ee39c34', '27f168a8-a23c-48f1-88aa-116ed7fd2bc1')
INSERT INTO [dbo].[UserActor] (UserId, ActorId) VALUES ('e6cca180-718c-446e-b8bb-e7086ee39c34', 'e47fd7e8-114a-4e5f-bc7c-19d12fd2d884')
INSERT INTO [dbo].[UserActor] (UserId, ActorId) VALUES ('e6cca180-718c-446e-b8bb-e7086ee39c34', '4532d655-b91d-4d6d-8103-1b8471e0bdc6')
INSERT INTO [dbo].[UserActor] (UserId, ActorId) VALUES ('e6cca180-718c-446e-b8bb-e7086ee39c34', 'a363a555-e88b-4cde-a22b-1fd52854ec05')
INSERT INTO [dbo].[UserActor] (UserId, ActorId) VALUES ('e6cca180-718c-446e-b8bb-e7086ee39c34', 'dd85c8e2-7e6a-4489-bbf2-20b10acd8077')
INSERT INTO [dbo].[UserActor] (UserId, ActorId) VALUES ('e6cca180-718c-446e-b8bb-e7086ee39c34', '80146b69-ad6a-4f35-99f7-21db436d9bff')
INSERT INTO [dbo].[UserActor] (UserId, ActorId) VALUES ('e6cca180-718c-446e-b8bb-e7086ee39c34', '7fd4af08-11e5-46f1-b0e5-29c00c2f733f')
INSERT INTO [dbo].[UserActor] (UserId, ActorId) VALUES ('e6cca180-718c-446e-b8bb-e7086ee39c34', '08707473-ce69-4699-9780-2c118dd527cf')
INSERT INTO [dbo].[UserActor] (UserId, ActorId) VALUES ('e6cca180-718c-446e-b8bb-e7086ee39c34', '38312a77-50b5-41ce-bd5e-2d0ad7500c0a')
INSERT INTO [dbo].[UserActor] (UserId, ActorId) VALUES ('e6cca180-718c-446e-b8bb-e7086ee39c34', 'bfa610c6-c732-4613-9860-2dc04e0894dd')
INSERT INTO [dbo].[UserActor] (UserId, ActorId) VALUES ('e6cca180-718c-446e-b8bb-e7086ee39c34', '14f60355-af6c-4267-a89f-2f20c07ea8ad')
INSERT INTO [dbo].[UserActor] (UserId, ActorId) VALUES ('e6cca180-718c-446e-b8bb-e7086ee39c34', 'fa2837d8-430d-4182-871f-304ac4844043')
INSERT INTO [dbo].[UserActor] (UserId, ActorId) VALUES ('e6cca180-718c-446e-b8bb-e7086ee39c34', '8ff5c6cf-4b5b-456a-8a58-337efd49aa3b')
INSERT INTO [dbo].[UserActor] (UserId, ActorId) VALUES ('e6cca180-718c-446e-b8bb-e7086ee39c34', '3a4ff827-748e-4b1c-a7a2-357e1da5b4ac')
INSERT INTO [dbo].[UserActor] (UserId, ActorId) VALUES ('e6cca180-718c-446e-b8bb-e7086ee39c34', 'c316bc8f-f89b-48da-a0c2-36e972b7ed7d')
INSERT INTO [dbo].[UserActor] (UserId, ActorId) VALUES ('e6cca180-718c-446e-b8bb-e7086ee39c34', 'ae9fd1eb-b83d-42e2-8d1c-3b0c8f2b9ef2')
INSERT INTO [dbo].[UserActor] (UserId, ActorId) VALUES ('e6cca180-718c-446e-b8bb-e7086ee39c34', 'de716833-4f62-4542-933d-3df435eb90c7')
INSERT INTO [dbo].[UserActor] (UserId, ActorId) VALUES ('e6cca180-718c-446e-b8bb-e7086ee39c34', '9306c399-9038-4129-8895-4008a7b5747e')
INSERT INTO [dbo].[UserActor] (UserId, ActorId) VALUES ('e6cca180-718c-446e-b8bb-e7086ee39c34', '351fa112-a216-421e-a5f6-42cb73f75f5c')
INSERT INTO [dbo].[UserActor] (UserId, ActorId) VALUES ('e6cca180-718c-446e-b8bb-e7086ee39c34', '60257177-cedb-4798-9da1-452301439df7')
INSERT INTO [dbo].[UserActor] (UserId, ActorId) VALUES ('e6cca180-718c-446e-b8bb-e7086ee39c34', '03603af3-8f70-4b23-b369-454aec9fb4f4')
INSERT INTO [dbo].[UserActor] (UserId, ActorId) VALUES ('e6cca180-718c-446e-b8bb-e7086ee39c34', '83510249-9f7c-4827-a67c-499a3a94f533')
INSERT INTO [dbo].[UserActor] (UserId, ActorId) VALUES ('e6cca180-718c-446e-b8bb-e7086ee39c34', '7ba7cbd1-ec9d-4352-ae13-4c04251d75bc')
INSERT INTO [dbo].[UserActor] (UserId, ActorId) VALUES ('e6cca180-718c-446e-b8bb-e7086ee39c34', 'c3fe13ec-03e5-48f1-b1c8-4c501077e203')
INSERT INTO [dbo].[UserActor] (UserId, ActorId) VALUES ('e6cca180-718c-446e-b8bb-e7086ee39c34', 'a982de1f-3703-4e3c-be56-4e54418a2a59')
INSERT INTO [dbo].[UserActor] (UserId, ActorId) VALUES ('e6cca180-718c-446e-b8bb-e7086ee39c34', '0d5eec16-9e52-42e0-96bc-4ff3fc3c9a5a')
INSERT INTO [dbo].[UserActor] (UserId, ActorId) VALUES ('e6cca180-718c-446e-b8bb-e7086ee39c34', '61b46919-07e4-4a49-a22a-55708f9ebbf0')
INSERT INTO [dbo].[UserActor] (UserId, ActorId) VALUES ('e6cca180-718c-446e-b8bb-e7086ee39c34', '59090111-0b3e-4530-bc1f-5803a5017415')
INSERT INTO [dbo].[UserActor] (UserId, ActorId) VALUES ('e6cca180-718c-446e-b8bb-e7086ee39c34', '8f7566a0-d540-4789-8739-72484060fbfd')
INSERT INTO [dbo].[UserActor] (UserId, ActorId) VALUES ('e6cca180-718c-446e-b8bb-e7086ee39c34', '91fcc2f8-305a-49a7-8e95-730e49bbb85e')
INSERT INTO [dbo].[UserActor] (UserId, ActorId) VALUES ('e6cca180-718c-446e-b8bb-e7086ee39c34', '8e6124b1-36f0-43ac-b022-73d9c0fde334')
INSERT INTO [dbo].[UserActor] (UserId, ActorId) VALUES ('e6cca180-718c-446e-b8bb-e7086ee39c34', '8b678ccf-d6c0-4f5a-890b-7589746664f1')
INSERT INTO [dbo].[UserActor] (UserId, ActorId) VALUES ('e6cca180-718c-446e-b8bb-e7086ee39c34', 'ddb53b36-9f61-41c4-bebe-77c06cd33151')
INSERT INTO [dbo].[UserActor] (UserId, ActorId) VALUES ('e6cca180-718c-446e-b8bb-e7086ee39c34', '5de61589-8846-45e1-af3f-786673a287a7')
INSERT INTO [dbo].[UserActor] (UserId, ActorId) VALUES ('e6cca180-718c-446e-b8bb-e7086ee39c34', '158725db-35b5-4740-8ba4-80c616ec9f92')
INSERT INTO [dbo].[UserActor] (UserId, ActorId) VALUES ('e6cca180-718c-446e-b8bb-e7086ee39c34', '0e223e42-bed4-4778-a973-8d0ad9813f71')
INSERT INTO [dbo].[UserActor] (UserId, ActorId) VALUES ('e6cca180-718c-446e-b8bb-e7086ee39c34', '4b8abb49-71f9-465c-9ec3-8f7cbe3f4659')
INSERT INTO [dbo].[UserActor] (UserId, ActorId) VALUES ('e6cca180-718c-446e-b8bb-e7086ee39c34', 'b65bf5d4-16ed-415a-bc42-90331d2f8eaf')
INSERT INTO [dbo].[UserActor] (UserId, ActorId) VALUES ('e6cca180-718c-446e-b8bb-e7086ee39c34', '46e6b59d-6056-4054-a3c2-99356c067817')
INSERT INTO [dbo].[UserActor] (UserId, ActorId) VALUES ('e6cca180-718c-446e-b8bb-e7086ee39c34', 'b900386e-ca17-43b5-8fba-9f0e73f4345d')
INSERT INTO [dbo].[UserActor] (UserId, ActorId) VALUES ('e6cca180-718c-446e-b8bb-e7086ee39c34', 'fc9ddf32-1985-4831-9c03-9f95aed6f02c')
INSERT INTO [dbo].[UserActor] (UserId, ActorId) VALUES ('e6cca180-718c-446e-b8bb-e7086ee39c34', '09591f53-b531-4db5-bb66-a2f52a393d82')
INSERT INTO [dbo].[UserActor] (UserId, ActorId) VALUES ('e6cca180-718c-446e-b8bb-e7086ee39c34', 'f35e48d3-423a-4507-bcf5-a4268d74fa01')
INSERT INTO [dbo].[UserActor] (UserId, ActorId) VALUES ('e6cca180-718c-446e-b8bb-e7086ee39c34', '0becf017-4611-429a-89b5-c194de60eac7')
INSERT INTO [dbo].[UserActor] (UserId, ActorId) VALUES ('e6cca180-718c-446e-b8bb-e7086ee39c34', '0e71f8a0-38a7-4d79-bf69-c6dcf8929f37')
INSERT INTO [dbo].[UserActor] (UserId, ActorId) VALUES ('e6cca180-718c-446e-b8bb-e7086ee39c34', 'f9b5e62b-3576-4cc6-81b7-ccdea2010d41')
INSERT INTO [dbo].[UserActor] (UserId, ActorId) VALUES ('e6cca180-718c-446e-b8bb-e7086ee39c34', 'b425d950-3e15-44a5-84bf-cf029ff110f6')
INSERT INTO [dbo].[UserActor] (UserId, ActorId) VALUES ('e6cca180-718c-446e-b8bb-e7086ee39c34', 'a42757c3-50a9-43e9-b1f9-d0d2a4ddf5a0')
INSERT INTO [dbo].[UserActor] (UserId, ActorId) VALUES ('e6cca180-718c-446e-b8bb-e7086ee39c34', 'ca34f9c1-2104-48f8-a2e8-d5a99a1f9fc3')
INSERT INTO [dbo].[UserActor] (UserId, ActorId) VALUES ('e6cca180-718c-446e-b8bb-e7086ee39c34', '7122b8f6-3fe9-4896-a922-ddde63cc32e8')
INSERT INTO [dbo].[UserActor] (UserId, ActorId) VALUES ('e6cca180-718c-446e-b8bb-e7086ee39c34', '20284dd9-8586-4b9d-87b3-e1f29faec8fd')
INSERT INTO [dbo].[UserActor] (UserId, ActorId) VALUES ('e6cca180-718c-446e-b8bb-e7086ee39c34', 'f52cd834-cc72-4bbe-961c-ea1d71bf854f')
INSERT INTO [dbo].[UserActor] (UserId, ActorId) VALUES ('e6cca180-718c-446e-b8bb-e7086ee39c34', '51fdc822-ebdd-4882-a80b-eb79cf420479')
INSERT INTO [dbo].[UserActor] (UserId, ActorId) VALUES ('e6cca180-718c-446e-b8bb-e7086ee39c34', 'b6d3dcb7-2722-426a-8970-ece730165919')
INSERT INTO [dbo].[UserActor] (UserId, ActorId) VALUES ('e6cca180-718c-446e-b8bb-e7086ee39c34', '519943be-f3f3-49d7-a332-eed2524bb586')
INSERT INTO [dbo].[UserActor] (UserId, ActorId) VALUES ('e6cca180-718c-446e-b8bb-e7086ee39c34', 'ef3e33bd-6963-405d-b1b2-f10929861050')
INSERT INTO [dbo].[UserActor] (UserId, ActorId) VALUES ('e6cca180-718c-446e-b8bb-e7086ee39c34', 'bbab4771-3fc4-4c44-99a7-f7ddf0737091')
INSERT INTO [dbo].[UserActor] (UserId, ActorId) VALUES ('92f50660-69ea-46d4-99c9-eab74132a60a', '03603af3-8f70-4b23-b369-454aec9fb4f4')
INSERT INTO [dbo].[UserActor] (UserId, ActorId) VALUES ('92f50660-69ea-46d4-99c9-eab74132a60a', '83510249-9f7c-4827-a67c-499a3a94f533')
INSERT INTO [dbo].[UserActor] (UserId, ActorId) VALUES ('92f50660-69ea-46d4-99c9-eab74132a60a', '0e223e42-bed4-4778-a973-8d0ad9813f71')
INSERT INTO [dbo].[UserActor] (UserId, ActorId) VALUES ('92f50660-69ea-46d4-99c9-eab74132a60a', '09591f53-b531-4db5-bb66-a2f52a393d82')
INSERT INTO [dbo].[UserActor] (UserId, ActorId) VALUES ('7c0f5d09-1afa-4f52-9f51-f00452042395', 'a363a555-e88b-4cde-a22b-1fd52854ec05')
INSERT INTO [dbo].[UserActor] (UserId, ActorId) VALUES ('7c0f5d09-1afa-4f52-9f51-f00452042395', '7fd4af08-11e5-46f1-b0e5-29c00c2f733f')
INSERT INTO [dbo].[UserActor] (UserId, ActorId) VALUES ('7c0f5d09-1afa-4f52-9f51-f00452042395', '08707473-ce69-4699-9780-2c118dd527cf')
INSERT INTO [dbo].[UserActor] (UserId, ActorId) VALUES ('7c0f5d09-1afa-4f52-9f51-f00452042395', '14f60355-af6c-4267-a89f-2f20c07ea8ad')
INSERT INTO [dbo].[UserActor] (UserId, ActorId) VALUES ('7c0f5d09-1afa-4f52-9f51-f00452042395', '3a4ff827-748e-4b1c-a7a2-357e1da5b4ac')
INSERT INTO [dbo].[UserActor] (UserId, ActorId) VALUES ('7c0f5d09-1afa-4f52-9f51-f00452042395', 'ae9fd1eb-b83d-42e2-8d1c-3b0c8f2b9ef2')
INSERT INTO [dbo].[UserActor] (UserId, ActorId) VALUES ('7c0f5d09-1afa-4f52-9f51-f00452042395', '351fa112-a216-421e-a5f6-42cb73f75f5c')
INSERT INTO [dbo].[UserActor] (UserId, ActorId) VALUES ('7c0f5d09-1afa-4f52-9f51-f00452042395', '60257177-cedb-4798-9da1-452301439df7')
INSERT INTO [dbo].[UserActor] (UserId, ActorId) VALUES ('7c0f5d09-1afa-4f52-9f51-f00452042395', '7ba7cbd1-ec9d-4352-ae13-4c04251d75bc')
INSERT INTO [dbo].[UserActor] (UserId, ActorId) VALUES ('7c0f5d09-1afa-4f52-9f51-f00452042395', '91fcc2f8-305a-49a7-8e95-730e49bbb85e')
INSERT INTO [dbo].[UserActor] (UserId, ActorId) VALUES ('7c0f5d09-1afa-4f52-9f51-f00452042395', '4b8abb49-71f9-465c-9ec3-8f7cbe3f4659')
INSERT INTO [dbo].[UserActor] (UserId, ActorId) VALUES ('7c0f5d09-1afa-4f52-9f51-f00452042395', 'fc9ddf32-1985-4831-9c03-9f95aed6f02c')
INSERT INTO [dbo].[UserActor] (UserId, ActorId) VALUES ('7c0f5d09-1afa-4f52-9f51-f00452042395', '0becf017-4611-429a-89b5-c194de60eac7')
INSERT INTO [dbo].[UserActor] (UserId, ActorId) VALUES ('7c0f5d09-1afa-4f52-9f51-f00452042395', 'b425d950-3e15-44a5-84bf-cf029ff110f6')
INSERT INTO [dbo].[UserActor] (UserId, ActorId) VALUES ('7c0f5d09-1afa-4f52-9f51-f00452042395', '7122b8f6-3fe9-4896-a922-ddde63cc32e8')
INSERT INTO [dbo].[UserActor] (UserId, ActorId) VALUES ('7c0f5d09-1afa-4f52-9f51-f00452042395', 'f52cd834-cc72-4bbe-961c-ea1d71bf854f')
INSERT INTO [dbo].[UserActor] (UserId, ActorId) VALUES ('7c0f5d09-1afa-4f52-9f51-f00452042395', '51fdc822-ebdd-4882-a80b-eb79cf420479')
INSERT INTO [dbo].[UserActor] (UserId, ActorId) VALUES ('7c0f5d09-1afa-4f52-9f51-f00452042395', 'ef3e33bd-6963-405d-b1b2-f10929861050')
INSERT INTO [dbo].[UserActor] (UserId, ActorId) VALUES ('d962b04e-9050-43df-b777-f1e20ad0e820', '3000e8c2-0dc0-4532-a40d-01ca17fe0d08')
INSERT INTO [dbo].[UserActor] (UserId, ActorId) VALUES ('d962b04e-9050-43df-b777-f1e20ad0e820', '2a0fd613-bb31-455b-9182-0534ac42ba59')
INSERT INTO [dbo].[UserActor] (UserId, ActorId) VALUES ('d962b04e-9050-43df-b777-f1e20ad0e820', '5b294533-eb98-4073-8477-094e720c903c')
INSERT INTO [dbo].[UserActor] (UserId, ActorId) VALUES ('d962b04e-9050-43df-b777-f1e20ad0e820', '27f168a8-a23c-48f1-88aa-116ed7fd2bc1')
INSERT INTO [dbo].[UserActor] (UserId, ActorId) VALUES ('d962b04e-9050-43df-b777-f1e20ad0e820', 'af450c03-1937-4ea1-bb66-17b6e4aa51f5')
INSERT INTO [dbo].[UserActor] (UserId, ActorId) VALUES ('d962b04e-9050-43df-b777-f1e20ad0e820', 'e47fd7e8-114a-4e5f-bc7c-19d12fd2d884')
INSERT INTO [dbo].[UserActor] (UserId, ActorId) VALUES ('d962b04e-9050-43df-b777-f1e20ad0e820', '4532d655-b91d-4d6d-8103-1b8471e0bdc6')
INSERT INTO [dbo].[UserActor] (UserId, ActorId) VALUES ('d962b04e-9050-43df-b777-f1e20ad0e820', 'a363a555-e88b-4cde-a22b-1fd52854ec05')
INSERT INTO [dbo].[UserActor] (UserId, ActorId) VALUES ('d962b04e-9050-43df-b777-f1e20ad0e820', 'dd85c8e2-7e6a-4489-bbf2-20b10acd8077')
INSERT INTO [dbo].[UserActor] (UserId, ActorId) VALUES ('d962b04e-9050-43df-b777-f1e20ad0e820', '80146b69-ad6a-4f35-99f7-21db436d9bff')
INSERT INTO [dbo].[UserActor] (UserId, ActorId) VALUES ('d962b04e-9050-43df-b777-f1e20ad0e820', '7fd4af08-11e5-46f1-b0e5-29c00c2f733f')
INSERT INTO [dbo].[UserActor] (UserId, ActorId) VALUES ('d962b04e-9050-43df-b777-f1e20ad0e820', '08707473-ce69-4699-9780-2c118dd527cf')
INSERT INTO [dbo].[UserActor] (UserId, ActorId) VALUES ('d962b04e-9050-43df-b777-f1e20ad0e820', '38312a77-50b5-41ce-bd5e-2d0ad7500c0a')
INSERT INTO [dbo].[UserActor] (UserId, ActorId) VALUES ('d962b04e-9050-43df-b777-f1e20ad0e820', 'bfa610c6-c732-4613-9860-2dc04e0894dd')
INSERT INTO [dbo].[UserActor] (UserId, ActorId) VALUES ('d962b04e-9050-43df-b777-f1e20ad0e820', '14f60355-af6c-4267-a89f-2f20c07ea8ad')
INSERT INTO [dbo].[UserActor] (UserId, ActorId) VALUES ('d962b04e-9050-43df-b777-f1e20ad0e820', 'fa2837d8-430d-4182-871f-304ac4844043')
INSERT INTO [dbo].[UserActor] (UserId, ActorId) VALUES ('d962b04e-9050-43df-b777-f1e20ad0e820', '8ff5c6cf-4b5b-456a-8a58-337efd49aa3b')
INSERT INTO [dbo].[UserActor] (UserId, ActorId) VALUES ('d962b04e-9050-43df-b777-f1e20ad0e820', '3a4ff827-748e-4b1c-a7a2-357e1da5b4ac')
INSERT INTO [dbo].[UserActor] (UserId, ActorId) VALUES ('d962b04e-9050-43df-b777-f1e20ad0e820', 'c316bc8f-f89b-48da-a0c2-36e972b7ed7d')
INSERT INTO [dbo].[UserActor] (UserId, ActorId) VALUES ('d962b04e-9050-43df-b777-f1e20ad0e820', 'ae9fd1eb-b83d-42e2-8d1c-3b0c8f2b9ef2')
INSERT INTO [dbo].[UserActor] (UserId, ActorId) VALUES ('d962b04e-9050-43df-b777-f1e20ad0e820', 'de716833-4f62-4542-933d-3df435eb90c7')
INSERT INTO [dbo].[UserActor] (UserId, ActorId) VALUES ('d962b04e-9050-43df-b777-f1e20ad0e820', '9306c399-9038-4129-8895-4008a7b5747e')
INSERT INTO [dbo].[UserActor] (UserId, ActorId) VALUES ('d962b04e-9050-43df-b777-f1e20ad0e820', '351fa112-a216-421e-a5f6-42cb73f75f5c')
INSERT INTO [dbo].[UserActor] (UserId, ActorId) VALUES ('d962b04e-9050-43df-b777-f1e20ad0e820', '60257177-cedb-4798-9da1-452301439df7')
INSERT INTO [dbo].[UserActor] (UserId, ActorId) VALUES ('d962b04e-9050-43df-b777-f1e20ad0e820', '03603af3-8f70-4b23-b369-454aec9fb4f4')
INSERT INTO [dbo].[UserActor] (UserId, ActorId) VALUES ('d962b04e-9050-43df-b777-f1e20ad0e820', '83510249-9f7c-4827-a67c-499a3a94f533')
INSERT INTO [dbo].[UserActor] (UserId, ActorId) VALUES ('d962b04e-9050-43df-b777-f1e20ad0e820', '7ba7cbd1-ec9d-4352-ae13-4c04251d75bc')
INSERT INTO [dbo].[UserActor] (UserId, ActorId) VALUES ('d962b04e-9050-43df-b777-f1e20ad0e820', 'c3fe13ec-03e5-48f1-b1c8-4c501077e203')
INSERT INTO [dbo].[UserActor] (UserId, ActorId) VALUES ('d962b04e-9050-43df-b777-f1e20ad0e820', 'a982de1f-3703-4e3c-be56-4e54418a2a59')
INSERT INTO [dbo].[UserActor] (UserId, ActorId) VALUES ('d962b04e-9050-43df-b777-f1e20ad0e820', '0d5eec16-9e52-42e0-96bc-4ff3fc3c9a5a')
INSERT INTO [dbo].[UserActor] (UserId, ActorId) VALUES ('d962b04e-9050-43df-b777-f1e20ad0e820', '61b46919-07e4-4a49-a22a-55708f9ebbf0')
INSERT INTO [dbo].[UserActor] (UserId, ActorId) VALUES ('d962b04e-9050-43df-b777-f1e20ad0e820', '59090111-0b3e-4530-bc1f-5803a5017415')
INSERT INTO [dbo].[UserActor] (UserId, ActorId) VALUES ('d962b04e-9050-43df-b777-f1e20ad0e820', '0fc7e028-3157-48f2-8744-5c23effe857d')
INSERT INTO [dbo].[UserActor] (UserId, ActorId) VALUES ('d962b04e-9050-43df-b777-f1e20ad0e820', '8f7566a0-d540-4789-8739-72484060fbfd')
INSERT INTO [dbo].[UserActor] (UserId, ActorId) VALUES ('d962b04e-9050-43df-b777-f1e20ad0e820', '91fcc2f8-305a-49a7-8e95-730e49bbb85e')
INSERT INTO [dbo].[UserActor] (UserId, ActorId) VALUES ('d962b04e-9050-43df-b777-f1e20ad0e820', '8e6124b1-36f0-43ac-b022-73d9c0fde334')
INSERT INTO [dbo].[UserActor] (UserId, ActorId) VALUES ('d962b04e-9050-43df-b777-f1e20ad0e820', '8b678ccf-d6c0-4f5a-890b-7589746664f1')
INSERT INTO [dbo].[UserActor] (UserId, ActorId) VALUES ('d962b04e-9050-43df-b777-f1e20ad0e820', 'ddb53b36-9f61-41c4-bebe-77c06cd33151')
INSERT INTO [dbo].[UserActor] (UserId, ActorId) VALUES ('d962b04e-9050-43df-b777-f1e20ad0e820', '5de61589-8846-45e1-af3f-786673a287a7')
INSERT INTO [dbo].[UserActor] (UserId, ActorId) VALUES ('d962b04e-9050-43df-b777-f1e20ad0e820', 'a4abd4ad-4ff3-4e93-a86d-7b164910ca34')
INSERT INTO [dbo].[UserActor] (UserId, ActorId) VALUES ('d962b04e-9050-43df-b777-f1e20ad0e820', '158725db-35b5-4740-8ba4-80c616ec9f92')
INSERT INTO [dbo].[UserActor] (UserId, ActorId) VALUES ('d962b04e-9050-43df-b777-f1e20ad0e820', 'cb2266e1-7acd-49f7-95ae-858ef7800e39')
INSERT INTO [dbo].[UserActor] (UserId, ActorId) VALUES ('d962b04e-9050-43df-b777-f1e20ad0e820', '0e223e42-bed4-4778-a973-8d0ad9813f71')
INSERT INTO [dbo].[UserActor] (UserId, ActorId) VALUES ('d962b04e-9050-43df-b777-f1e20ad0e820', '4b8abb49-71f9-465c-9ec3-8f7cbe3f4659')
INSERT INTO [dbo].[UserActor] (UserId, ActorId) VALUES ('d962b04e-9050-43df-b777-f1e20ad0e820', 'b65bf5d4-16ed-415a-bc42-90331d2f8eaf')
INSERT INTO [dbo].[UserActor] (UserId, ActorId) VALUES ('d962b04e-9050-43df-b777-f1e20ad0e820', 'b8f00060-e02a-4418-a1bd-963778473238')
INSERT INTO [dbo].[UserActor] (UserId, ActorId) VALUES ('d962b04e-9050-43df-b777-f1e20ad0e820', '46e6b59d-6056-4054-a3c2-99356c067817')
INSERT INTO [dbo].[UserActor] (UserId, ActorId) VALUES ('d962b04e-9050-43df-b777-f1e20ad0e820', 'b900386e-ca17-43b5-8fba-9f0e73f4345d')
INSERT INTO [dbo].[UserActor] (UserId, ActorId) VALUES ('d962b04e-9050-43df-b777-f1e20ad0e820', 'fc9ddf32-1985-4831-9c03-9f95aed6f02c')
INSERT INTO [dbo].[UserActor] (UserId, ActorId) VALUES ('d962b04e-9050-43df-b777-f1e20ad0e820', 'd49bc21d-87c0-426b-bd2d-a097a91de611')
INSERT INTO [dbo].[UserActor] (UserId, ActorId) VALUES ('d962b04e-9050-43df-b777-f1e20ad0e820', '09591f53-b531-4db5-bb66-a2f52a393d82')
INSERT INTO [dbo].[UserActor] (UserId, ActorId) VALUES ('d962b04e-9050-43df-b777-f1e20ad0e820', 'f35e48d3-423a-4507-bcf5-a4268d74fa01')
INSERT INTO [dbo].[UserActor] (UserId, ActorId) VALUES ('d962b04e-9050-43df-b777-f1e20ad0e820', '55878bd4-ef25-4f2e-8ba8-b2f3cca962e6')
INSERT INTO [dbo].[UserActor] (UserId, ActorId) VALUES ('d962b04e-9050-43df-b777-f1e20ad0e820', 'f718ac37-9b7f-42dc-943e-bd211ea044ff')
INSERT INTO [dbo].[UserActor] (UserId, ActorId) VALUES ('d962b04e-9050-43df-b777-f1e20ad0e820', '1e2cc2e8-670e-40fa-bfae-be0fec70e9aa')
INSERT INTO [dbo].[UserActor] (UserId, ActorId) VALUES ('d962b04e-9050-43df-b777-f1e20ad0e820', '0becf017-4611-429a-89b5-c194de60eac7')
INSERT INTO [dbo].[UserActor] (UserId, ActorId) VALUES ('d962b04e-9050-43df-b777-f1e20ad0e820', '0e71f8a0-38a7-4d79-bf69-c6dcf8929f37')
INSERT INTO [dbo].[UserActor] (UserId, ActorId) VALUES ('d962b04e-9050-43df-b777-f1e20ad0e820', 'f9b5e62b-3576-4cc6-81b7-ccdea2010d41')
INSERT INTO [dbo].[UserActor] (UserId, ActorId) VALUES ('d962b04e-9050-43df-b777-f1e20ad0e820', 'b425d950-3e15-44a5-84bf-cf029ff110f6')
INSERT INTO [dbo].[UserActor] (UserId, ActorId) VALUES ('d962b04e-9050-43df-b777-f1e20ad0e820', 'a42757c3-50a9-43e9-b1f9-d0d2a4ddf5a0')
INSERT INTO [dbo].[UserActor] (UserId, ActorId) VALUES ('d962b04e-9050-43df-b777-f1e20ad0e820', 'ca34f9c1-2104-48f8-a2e8-d5a99a1f9fc3')
INSERT INTO [dbo].[UserActor] (UserId, ActorId) VALUES ('d962b04e-9050-43df-b777-f1e20ad0e820', '7122b8f6-3fe9-4896-a922-ddde63cc32e8')
INSERT INTO [dbo].[UserActor] (UserId, ActorId) VALUES ('d962b04e-9050-43df-b777-f1e20ad0e820', '20284dd9-8586-4b9d-87b3-e1f29faec8fd')
INSERT INTO [dbo].[UserActor] (UserId, ActorId) VALUES ('d962b04e-9050-43df-b777-f1e20ad0e820', 'f52cd834-cc72-4bbe-961c-ea1d71bf854f')
INSERT INTO [dbo].[UserActor] (UserId, ActorId) VALUES ('d962b04e-9050-43df-b777-f1e20ad0e820', '51fdc822-ebdd-4882-a80b-eb79cf420479')
INSERT INTO [dbo].[UserActor] (UserId, ActorId) VALUES ('d962b04e-9050-43df-b777-f1e20ad0e820', 'b6d3dcb7-2722-426a-8970-ece730165919')
INSERT INTO [dbo].[UserActor] (UserId, ActorId) VALUES ('d962b04e-9050-43df-b777-f1e20ad0e820', '519943be-f3f3-49d7-a332-eed2524bb586')
INSERT INTO [dbo].[UserActor] (UserId, ActorId) VALUES ('d962b04e-9050-43df-b777-f1e20ad0e820', 'ef3e33bd-6963-405d-b1b2-f10929861050')
INSERT INTO [dbo].[UserActor] (UserId, ActorId) VALUES ('d962b04e-9050-43df-b777-f1e20ad0e820', 'bbab4771-3fc4-4c44-99a7-f7ddf0737091')
INSERT INTO [dbo].[UserActor] (UserId, ActorId) VALUES ('d10e1b75-40f3-4301-a920-f1eedd18daec', 'add5bf67-9f24-4ebb-94a6-22dfc1e465cf')
INSERT INTO [dbo].[UserActor] (UserId, ActorId) VALUES ('09dfbb25-f9d2-4cfe-8d05-f39da7068ecd', 'f9b5e62b-3576-4cc6-81b7-ccdea2010d41')
INSERT INTO [dbo].[UserActor] (UserId, ActorId) VALUES ('116353dc-de65-41f8-9b44-f4a96d191f2f', '83510249-9f7c-4827-a67c-499a3a94f533')
INSERT INTO [dbo].[UserActor] (UserId, ActorId) VALUES ('116353dc-de65-41f8-9b44-f4a96d191f2f', '0e223e42-bed4-4778-a973-8d0ad9813f71')
INSERT INTO [dbo].[UserActor] (UserId, ActorId) VALUES ('116353dc-de65-41f8-9b44-f4a96d191f2f', '09591f53-b531-4db5-bb66-a2f52a393d82')
INSERT INTO [dbo].[UserActor] (UserId, ActorId) VALUES ('f4d23572-d35d-407f-a9ab-f5f681583f29', '3000e8c2-0dc0-4532-a40d-01ca17fe0d08')
INSERT INTO [dbo].[UserActor] (UserId, ActorId) VALUES ('f4d23572-d35d-407f-a9ab-f5f681583f29', '2a0fd613-bb31-455b-9182-0534ac42ba59')
INSERT INTO [dbo].[UserActor] (UserId, ActorId) VALUES ('f4d23572-d35d-407f-a9ab-f5f681583f29', '5b294533-eb98-4073-8477-094e720c903c')
INSERT INTO [dbo].[UserActor] (UserId, ActorId) VALUES ('f4d23572-d35d-407f-a9ab-f5f681583f29', '27f168a8-a23c-48f1-88aa-116ed7fd2bc1')
INSERT INTO [dbo].[UserActor] (UserId, ActorId) VALUES ('f4d23572-d35d-407f-a9ab-f5f681583f29', 'af450c03-1937-4ea1-bb66-17b6e4aa51f5')
INSERT INTO [dbo].[UserActor] (UserId, ActorId) VALUES ('f4d23572-d35d-407f-a9ab-f5f681583f29', 'e47fd7e8-114a-4e5f-bc7c-19d12fd2d884')
INSERT INTO [dbo].[UserActor] (UserId, ActorId) VALUES ('f4d23572-d35d-407f-a9ab-f5f681583f29', '4532d655-b91d-4d6d-8103-1b8471e0bdc6')
INSERT INTO [dbo].[UserActor] (UserId, ActorId) VALUES ('f4d23572-d35d-407f-a9ab-f5f681583f29', 'a363a555-e88b-4cde-a22b-1fd52854ec05')
INSERT INTO [dbo].[UserActor] (UserId, ActorId) VALUES ('f4d23572-d35d-407f-a9ab-f5f681583f29', 'dd85c8e2-7e6a-4489-bbf2-20b10acd8077')
INSERT INTO [dbo].[UserActor] (UserId, ActorId) VALUES ('f4d23572-d35d-407f-a9ab-f5f681583f29', '80146b69-ad6a-4f35-99f7-21db436d9bff')
INSERT INTO [dbo].[UserActor] (UserId, ActorId) VALUES ('f4d23572-d35d-407f-a9ab-f5f681583f29', '7fd4af08-11e5-46f1-b0e5-29c00c2f733f')
INSERT INTO [dbo].[UserActor] (UserId, ActorId) VALUES ('f4d23572-d35d-407f-a9ab-f5f681583f29', '08707473-ce69-4699-9780-2c118dd527cf')
INSERT INTO [dbo].[UserActor] (UserId, ActorId) VALUES ('f4d23572-d35d-407f-a9ab-f5f681583f29', '38312a77-50b5-41ce-bd5e-2d0ad7500c0a')
INSERT INTO [dbo].[UserActor] (UserId, ActorId) VALUES ('f4d23572-d35d-407f-a9ab-f5f681583f29', 'bfa610c6-c732-4613-9860-2dc04e0894dd')
INSERT INTO [dbo].[UserActor] (UserId, ActorId) VALUES ('f4d23572-d35d-407f-a9ab-f5f681583f29', '14f60355-af6c-4267-a89f-2f20c07ea8ad')
INSERT INTO [dbo].[UserActor] (UserId, ActorId) VALUES ('f4d23572-d35d-407f-a9ab-f5f681583f29', 'fa2837d8-430d-4182-871f-304ac4844043')
INSERT INTO [dbo].[UserActor] (UserId, ActorId) VALUES ('f4d23572-d35d-407f-a9ab-f5f681583f29', '8ff5c6cf-4b5b-456a-8a58-337efd49aa3b')
INSERT INTO [dbo].[UserActor] (UserId, ActorId) VALUES ('f4d23572-d35d-407f-a9ab-f5f681583f29', '3a4ff827-748e-4b1c-a7a2-357e1da5b4ac')
INSERT INTO [dbo].[UserActor] (UserId, ActorId) VALUES ('f4d23572-d35d-407f-a9ab-f5f681583f29', 'c316bc8f-f89b-48da-a0c2-36e972b7ed7d')
INSERT INTO [dbo].[UserActor] (UserId, ActorId) VALUES ('f4d23572-d35d-407f-a9ab-f5f681583f29', 'ae9fd1eb-b83d-42e2-8d1c-3b0c8f2b9ef2')
INSERT INTO [dbo].[UserActor] (UserId, ActorId) VALUES ('f4d23572-d35d-407f-a9ab-f5f681583f29', 'de716833-4f62-4542-933d-3df435eb90c7')
INSERT INTO [dbo].[UserActor] (UserId, ActorId) VALUES ('f4d23572-d35d-407f-a9ab-f5f681583f29', '9306c399-9038-4129-8895-4008a7b5747e')
INSERT INTO [dbo].[UserActor] (UserId, ActorId) VALUES ('f4d23572-d35d-407f-a9ab-f5f681583f29', '351fa112-a216-421e-a5f6-42cb73f75f5c')
INSERT INTO [dbo].[UserActor] (UserId, ActorId) VALUES ('f4d23572-d35d-407f-a9ab-f5f681583f29', '60257177-cedb-4798-9da1-452301439df7')
INSERT INTO [dbo].[UserActor] (UserId, ActorId) VALUES ('f4d23572-d35d-407f-a9ab-f5f681583f29', '03603af3-8f70-4b23-b369-454aec9fb4f4')
INSERT INTO [dbo].[UserActor] (UserId, ActorId) VALUES ('f4d23572-d35d-407f-a9ab-f5f681583f29', '83510249-9f7c-4827-a67c-499a3a94f533')
INSERT INTO [dbo].[UserActor] (UserId, ActorId) VALUES ('f4d23572-d35d-407f-a9ab-f5f681583f29', '7ba7cbd1-ec9d-4352-ae13-4c04251d75bc')
INSERT INTO [dbo].[UserActor] (UserId, ActorId) VALUES ('f4d23572-d35d-407f-a9ab-f5f681583f29', 'c3fe13ec-03e5-48f1-b1c8-4c501077e203')
INSERT INTO [dbo].[UserActor] (UserId, ActorId) VALUES ('f4d23572-d35d-407f-a9ab-f5f681583f29', 'a982de1f-3703-4e3c-be56-4e54418a2a59')
INSERT INTO [dbo].[UserActor] (UserId, ActorId) VALUES ('f4d23572-d35d-407f-a9ab-f5f681583f29', '0d5eec16-9e52-42e0-96bc-4ff3fc3c9a5a')
INSERT INTO [dbo].[UserActor] (UserId, ActorId) VALUES ('f4d23572-d35d-407f-a9ab-f5f681583f29', '61b46919-07e4-4a49-a22a-55708f9ebbf0')
INSERT INTO [dbo].[UserActor] (UserId, ActorId) VALUES ('f4d23572-d35d-407f-a9ab-f5f681583f29', '59090111-0b3e-4530-bc1f-5803a5017415')
INSERT INTO [dbo].[UserActor] (UserId, ActorId) VALUES ('f4d23572-d35d-407f-a9ab-f5f681583f29', '0fc7e028-3157-48f2-8744-5c23effe857d')
INSERT INTO [dbo].[UserActor] (UserId, ActorId) VALUES ('f4d23572-d35d-407f-a9ab-f5f681583f29', '8f7566a0-d540-4789-8739-72484060fbfd')
INSERT INTO [dbo].[UserActor] (UserId, ActorId) VALUES ('f4d23572-d35d-407f-a9ab-f5f681583f29', '91fcc2f8-305a-49a7-8e95-730e49bbb85e')
INSERT INTO [dbo].[UserActor] (UserId, ActorId) VALUES ('f4d23572-d35d-407f-a9ab-f5f681583f29', '8e6124b1-36f0-43ac-b022-73d9c0fde334')
INSERT INTO [dbo].[UserActor] (UserId, ActorId) VALUES ('f4d23572-d35d-407f-a9ab-f5f681583f29', '8b678ccf-d6c0-4f5a-890b-7589746664f1')
INSERT INTO [dbo].[UserActor] (UserId, ActorId) VALUES ('f4d23572-d35d-407f-a9ab-f5f681583f29', 'ddb53b36-9f61-41c4-bebe-77c06cd33151')
INSERT INTO [dbo].[UserActor] (UserId, ActorId) VALUES ('f4d23572-d35d-407f-a9ab-f5f681583f29', '5de61589-8846-45e1-af3f-786673a287a7')
INSERT INTO [dbo].[UserActor] (UserId, ActorId) VALUES ('f4d23572-d35d-407f-a9ab-f5f681583f29', 'a4abd4ad-4ff3-4e93-a86d-7b164910ca34')
INSERT INTO [dbo].[UserActor] (UserId, ActorId) VALUES ('f4d23572-d35d-407f-a9ab-f5f681583f29', '158725db-35b5-4740-8ba4-80c616ec9f92')
INSERT INTO [dbo].[UserActor] (UserId, ActorId) VALUES ('f4d23572-d35d-407f-a9ab-f5f681583f29', 'cb2266e1-7acd-49f7-95ae-858ef7800e39')
INSERT INTO [dbo].[UserActor] (UserId, ActorId) VALUES ('f4d23572-d35d-407f-a9ab-f5f681583f29', '0e223e42-bed4-4778-a973-8d0ad9813f71')
INSERT INTO [dbo].[UserActor] (UserId, ActorId) VALUES ('f4d23572-d35d-407f-a9ab-f5f681583f29', '4b8abb49-71f9-465c-9ec3-8f7cbe3f4659')
INSERT INTO [dbo].[UserActor] (UserId, ActorId) VALUES ('f4d23572-d35d-407f-a9ab-f5f681583f29', 'b65bf5d4-16ed-415a-bc42-90331d2f8eaf')
INSERT INTO [dbo].[UserActor] (UserId, ActorId) VALUES ('f4d23572-d35d-407f-a9ab-f5f681583f29', 'b8f00060-e02a-4418-a1bd-963778473238')
INSERT INTO [dbo].[UserActor] (UserId, ActorId) VALUES ('f4d23572-d35d-407f-a9ab-f5f681583f29', '46e6b59d-6056-4054-a3c2-99356c067817')
INSERT INTO [dbo].[UserActor] (UserId, ActorId) VALUES ('f4d23572-d35d-407f-a9ab-f5f681583f29', 'b900386e-ca17-43b5-8fba-9f0e73f4345d')
INSERT INTO [dbo].[UserActor] (UserId, ActorId) VALUES ('f4d23572-d35d-407f-a9ab-f5f681583f29', 'fc9ddf32-1985-4831-9c03-9f95aed6f02c')
INSERT INTO [dbo].[UserActor] (UserId, ActorId) VALUES ('f4d23572-d35d-407f-a9ab-f5f681583f29', 'd49bc21d-87c0-426b-bd2d-a097a91de611')
INSERT INTO [dbo].[UserActor] (UserId, ActorId) VALUES ('f4d23572-d35d-407f-a9ab-f5f681583f29', '09591f53-b531-4db5-bb66-a2f52a393d82')
INSERT INTO [dbo].[UserActor] (UserId, ActorId) VALUES ('f4d23572-d35d-407f-a9ab-f5f681583f29', 'f35e48d3-423a-4507-bcf5-a4268d74fa01')
INSERT INTO [dbo].[UserActor] (UserId, ActorId) VALUES ('f4d23572-d35d-407f-a9ab-f5f681583f29', '55878bd4-ef25-4f2e-8ba8-b2f3cca962e6')
INSERT INTO [dbo].[UserActor] (UserId, ActorId) VALUES ('f4d23572-d35d-407f-a9ab-f5f681583f29', 'f718ac37-9b7f-42dc-943e-bd211ea044ff')
INSERT INTO [dbo].[UserActor] (UserId, ActorId) VALUES ('f4d23572-d35d-407f-a9ab-f5f681583f29', '1e2cc2e8-670e-40fa-bfae-be0fec70e9aa')
INSERT INTO [dbo].[UserActor] (UserId, ActorId) VALUES ('f4d23572-d35d-407f-a9ab-f5f681583f29', '0becf017-4611-429a-89b5-c194de60eac7')
INSERT INTO [dbo].[UserActor] (UserId, ActorId) VALUES ('f4d23572-d35d-407f-a9ab-f5f681583f29', '0e71f8a0-38a7-4d79-bf69-c6dcf8929f37')
INSERT INTO [dbo].[UserActor] (UserId, ActorId) VALUES ('f4d23572-d35d-407f-a9ab-f5f681583f29', 'f9b5e62b-3576-4cc6-81b7-ccdea2010d41')
INSERT INTO [dbo].[UserActor] (UserId, ActorId) VALUES ('f4d23572-d35d-407f-a9ab-f5f681583f29', 'b425d950-3e15-44a5-84bf-cf029ff110f6')
INSERT INTO [dbo].[UserActor] (UserId, ActorId) VALUES ('f4d23572-d35d-407f-a9ab-f5f681583f29', 'a42757c3-50a9-43e9-b1f9-d0d2a4ddf5a0')
INSERT INTO [dbo].[UserActor] (UserId, ActorId) VALUES ('f4d23572-d35d-407f-a9ab-f5f681583f29', 'ca34f9c1-2104-48f8-a2e8-d5a99a1f9fc3')
INSERT INTO [dbo].[UserActor] (UserId, ActorId) VALUES ('f4d23572-d35d-407f-a9ab-f5f681583f29', '7122b8f6-3fe9-4896-a922-ddde63cc32e8')
INSERT INTO [dbo].[UserActor] (UserId, ActorId) VALUES ('f4d23572-d35d-407f-a9ab-f5f681583f29', '20284dd9-8586-4b9d-87b3-e1f29faec8fd')
INSERT INTO [dbo].[UserActor] (UserId, ActorId) VALUES ('f4d23572-d35d-407f-a9ab-f5f681583f29', 'f52cd834-cc72-4bbe-961c-ea1d71bf854f')
INSERT INTO [dbo].[UserActor] (UserId, ActorId) VALUES ('f4d23572-d35d-407f-a9ab-f5f681583f29', '51fdc822-ebdd-4882-a80b-eb79cf420479')
INSERT INTO [dbo].[UserActor] (UserId, ActorId) VALUES ('f4d23572-d35d-407f-a9ab-f5f681583f29', 'b6d3dcb7-2722-426a-8970-ece730165919')
INSERT INTO [dbo].[UserActor] (UserId, ActorId) VALUES ('f4d23572-d35d-407f-a9ab-f5f681583f29', '519943be-f3f3-49d7-a332-eed2524bb586')
INSERT INTO [dbo].[UserActor] (UserId, ActorId) VALUES ('f4d23572-d35d-407f-a9ab-f5f681583f29', 'ef3e33bd-6963-405d-b1b2-f10929861050')
INSERT INTO [dbo].[UserActor] (UserId, ActorId) VALUES ('f4d23572-d35d-407f-a9ab-f5f681583f29', 'bbab4771-3fc4-4c44-99a7-f7ddf0737091')
INSERT INTO [dbo].[UserActor] (UserId, ActorId) VALUES ('65aa9889-791c-4a1a-9b86-f64efaf39f62', '8e6124b1-36f0-43ac-b022-73d9c0fde334')
INSERT INTO [dbo].[UserActor] (UserId, ActorId) VALUES ('85e6cd69-9f48-4754-a37d-f6dbc82527c1', '3000e8c2-0dc0-4532-a40d-01ca17fe0d08')
INSERT INTO [dbo].[UserActor] (UserId, ActorId) VALUES ('85e6cd69-9f48-4754-a37d-f6dbc82527c1', '2a0fd613-bb31-455b-9182-0534ac42ba59')
INSERT INTO [dbo].[UserActor] (UserId, ActorId) VALUES ('85e6cd69-9f48-4754-a37d-f6dbc82527c1', '5b294533-eb98-4073-8477-094e720c903c')
INSERT INTO [dbo].[UserActor] (UserId, ActorId) VALUES ('85e6cd69-9f48-4754-a37d-f6dbc82527c1', '27f168a8-a23c-48f1-88aa-116ed7fd2bc1')
INSERT INTO [dbo].[UserActor] (UserId, ActorId) VALUES ('85e6cd69-9f48-4754-a37d-f6dbc82527c1', 'af450c03-1937-4ea1-bb66-17b6e4aa51f5')
INSERT INTO [dbo].[UserActor] (UserId, ActorId) VALUES ('85e6cd69-9f48-4754-a37d-f6dbc82527c1', 'e47fd7e8-114a-4e5f-bc7c-19d12fd2d884')
INSERT INTO [dbo].[UserActor] (UserId, ActorId) VALUES ('85e6cd69-9f48-4754-a37d-f6dbc82527c1', '4532d655-b91d-4d6d-8103-1b8471e0bdc6')
INSERT INTO [dbo].[UserActor] (UserId, ActorId) VALUES ('85e6cd69-9f48-4754-a37d-f6dbc82527c1', 'a363a555-e88b-4cde-a22b-1fd52854ec05')
INSERT INTO [dbo].[UserActor] (UserId, ActorId) VALUES ('85e6cd69-9f48-4754-a37d-f6dbc82527c1', 'dd85c8e2-7e6a-4489-bbf2-20b10acd8077')
INSERT INTO [dbo].[UserActor] (UserId, ActorId) VALUES ('85e6cd69-9f48-4754-a37d-f6dbc82527c1', '80146b69-ad6a-4f35-99f7-21db436d9bff')
INSERT INTO [dbo].[UserActor] (UserId, ActorId) VALUES ('85e6cd69-9f48-4754-a37d-f6dbc82527c1', '7fd4af08-11e5-46f1-b0e5-29c00c2f733f')
INSERT INTO [dbo].[UserActor] (UserId, ActorId) VALUES ('85e6cd69-9f48-4754-a37d-f6dbc82527c1', '08707473-ce69-4699-9780-2c118dd527cf')
INSERT INTO [dbo].[UserActor] (UserId, ActorId) VALUES ('85e6cd69-9f48-4754-a37d-f6dbc82527c1', '38312a77-50b5-41ce-bd5e-2d0ad7500c0a')
INSERT INTO [dbo].[UserActor] (UserId, ActorId) VALUES ('85e6cd69-9f48-4754-a37d-f6dbc82527c1', 'bfa610c6-c732-4613-9860-2dc04e0894dd')
INSERT INTO [dbo].[UserActor] (UserId, ActorId) VALUES ('85e6cd69-9f48-4754-a37d-f6dbc82527c1', '14f60355-af6c-4267-a89f-2f20c07ea8ad')
INSERT INTO [dbo].[UserActor] (UserId, ActorId) VALUES ('85e6cd69-9f48-4754-a37d-f6dbc82527c1', 'fa2837d8-430d-4182-871f-304ac4844043')
INSERT INTO [dbo].[UserActor] (UserId, ActorId) VALUES ('85e6cd69-9f48-4754-a37d-f6dbc82527c1', '8ff5c6cf-4b5b-456a-8a58-337efd49aa3b')
INSERT INTO [dbo].[UserActor] (UserId, ActorId) VALUES ('85e6cd69-9f48-4754-a37d-f6dbc82527c1', '3a4ff827-748e-4b1c-a7a2-357e1da5b4ac')
INSERT INTO [dbo].[UserActor] (UserId, ActorId) VALUES ('85e6cd69-9f48-4754-a37d-f6dbc82527c1', 'c316bc8f-f89b-48da-a0c2-36e972b7ed7d')
INSERT INTO [dbo].[UserActor] (UserId, ActorId) VALUES ('85e6cd69-9f48-4754-a37d-f6dbc82527c1', 'ae9fd1eb-b83d-42e2-8d1c-3b0c8f2b9ef2')
INSERT INTO [dbo].[UserActor] (UserId, ActorId) VALUES ('85e6cd69-9f48-4754-a37d-f6dbc82527c1', 'de716833-4f62-4542-933d-3df435eb90c7')
INSERT INTO [dbo].[UserActor] (UserId, ActorId) VALUES ('85e6cd69-9f48-4754-a37d-f6dbc82527c1', '9306c399-9038-4129-8895-4008a7b5747e')
INSERT INTO [dbo].[UserActor] (UserId, ActorId) VALUES ('85e6cd69-9f48-4754-a37d-f6dbc82527c1', '351fa112-a216-421e-a5f6-42cb73f75f5c')
INSERT INTO [dbo].[UserActor] (UserId, ActorId) VALUES ('85e6cd69-9f48-4754-a37d-f6dbc82527c1', '60257177-cedb-4798-9da1-452301439df7')
INSERT INTO [dbo].[UserActor] (UserId, ActorId) VALUES ('85e6cd69-9f48-4754-a37d-f6dbc82527c1', '03603af3-8f70-4b23-b369-454aec9fb4f4')
INSERT INTO [dbo].[UserActor] (UserId, ActorId) VALUES ('85e6cd69-9f48-4754-a37d-f6dbc82527c1', '83510249-9f7c-4827-a67c-499a3a94f533')
INSERT INTO [dbo].[UserActor] (UserId, ActorId) VALUES ('85e6cd69-9f48-4754-a37d-f6dbc82527c1', '7ba7cbd1-ec9d-4352-ae13-4c04251d75bc')
INSERT INTO [dbo].[UserActor] (UserId, ActorId) VALUES ('85e6cd69-9f48-4754-a37d-f6dbc82527c1', 'c3fe13ec-03e5-48f1-b1c8-4c501077e203')
INSERT INTO [dbo].[UserActor] (UserId, ActorId) VALUES ('85e6cd69-9f48-4754-a37d-f6dbc82527c1', 'a982de1f-3703-4e3c-be56-4e54418a2a59')
INSERT INTO [dbo].[UserActor] (UserId, ActorId) VALUES ('85e6cd69-9f48-4754-a37d-f6dbc82527c1', '0d5eec16-9e52-42e0-96bc-4ff3fc3c9a5a')
INSERT INTO [dbo].[UserActor] (UserId, ActorId) VALUES ('85e6cd69-9f48-4754-a37d-f6dbc82527c1', '61b46919-07e4-4a49-a22a-55708f9ebbf0')
INSERT INTO [dbo].[UserActor] (UserId, ActorId) VALUES ('85e6cd69-9f48-4754-a37d-f6dbc82527c1', '59090111-0b3e-4530-bc1f-5803a5017415')
INSERT INTO [dbo].[UserActor] (UserId, ActorId) VALUES ('85e6cd69-9f48-4754-a37d-f6dbc82527c1', '0fc7e028-3157-48f2-8744-5c23effe857d')
INSERT INTO [dbo].[UserActor] (UserId, ActorId) VALUES ('85e6cd69-9f48-4754-a37d-f6dbc82527c1', '8f7566a0-d540-4789-8739-72484060fbfd')
INSERT INTO [dbo].[UserActor] (UserId, ActorId) VALUES ('85e6cd69-9f48-4754-a37d-f6dbc82527c1', '91fcc2f8-305a-49a7-8e95-730e49bbb85e')
INSERT INTO [dbo].[UserActor] (UserId, ActorId) VALUES ('85e6cd69-9f48-4754-a37d-f6dbc82527c1', '8e6124b1-36f0-43ac-b022-73d9c0fde334')
INSERT INTO [dbo].[UserActor] (UserId, ActorId) VALUES ('85e6cd69-9f48-4754-a37d-f6dbc82527c1', '8b678ccf-d6c0-4f5a-890b-7589746664f1')
INSERT INTO [dbo].[UserActor] (UserId, ActorId) VALUES ('85e6cd69-9f48-4754-a37d-f6dbc82527c1', 'ddb53b36-9f61-41c4-bebe-77c06cd33151')
INSERT INTO [dbo].[UserActor] (UserId, ActorId) VALUES ('85e6cd69-9f48-4754-a37d-f6dbc82527c1', '5de61589-8846-45e1-af3f-786673a287a7')
INSERT INTO [dbo].[UserActor] (UserId, ActorId) VALUES ('85e6cd69-9f48-4754-a37d-f6dbc82527c1', 'a4abd4ad-4ff3-4e93-a86d-7b164910ca34')
INSERT INTO [dbo].[UserActor] (UserId, ActorId) VALUES ('85e6cd69-9f48-4754-a37d-f6dbc82527c1', '158725db-35b5-4740-8ba4-80c616ec9f92')
INSERT INTO [dbo].[UserActor] (UserId, ActorId) VALUES ('85e6cd69-9f48-4754-a37d-f6dbc82527c1', 'cb2266e1-7acd-49f7-95ae-858ef7800e39')
INSERT INTO [dbo].[UserActor] (UserId, ActorId) VALUES ('85e6cd69-9f48-4754-a37d-f6dbc82527c1', '0e223e42-bed4-4778-a973-8d0ad9813f71')
INSERT INTO [dbo].[UserActor] (UserId, ActorId) VALUES ('85e6cd69-9f48-4754-a37d-f6dbc82527c1', '4b8abb49-71f9-465c-9ec3-8f7cbe3f4659')
INSERT INTO [dbo].[UserActor] (UserId, ActorId) VALUES ('85e6cd69-9f48-4754-a37d-f6dbc82527c1', 'b65bf5d4-16ed-415a-bc42-90331d2f8eaf')
INSERT INTO [dbo].[UserActor] (UserId, ActorId) VALUES ('85e6cd69-9f48-4754-a37d-f6dbc82527c1', 'b8f00060-e02a-4418-a1bd-963778473238')
INSERT INTO [dbo].[UserActor] (UserId, ActorId) VALUES ('85e6cd69-9f48-4754-a37d-f6dbc82527c1', '46e6b59d-6056-4054-a3c2-99356c067817')
INSERT INTO [dbo].[UserActor] (UserId, ActorId) VALUES ('85e6cd69-9f48-4754-a37d-f6dbc82527c1', 'b900386e-ca17-43b5-8fba-9f0e73f4345d')
INSERT INTO [dbo].[UserActor] (UserId, ActorId) VALUES ('85e6cd69-9f48-4754-a37d-f6dbc82527c1', 'fc9ddf32-1985-4831-9c03-9f95aed6f02c')
INSERT INTO [dbo].[UserActor] (UserId, ActorId) VALUES ('85e6cd69-9f48-4754-a37d-f6dbc82527c1', 'd49bc21d-87c0-426b-bd2d-a097a91de611')
INSERT INTO [dbo].[UserActor] (UserId, ActorId) VALUES ('85e6cd69-9f48-4754-a37d-f6dbc82527c1', '09591f53-b531-4db5-bb66-a2f52a393d82')
INSERT INTO [dbo].[UserActor] (UserId, ActorId) VALUES ('85e6cd69-9f48-4754-a37d-f6dbc82527c1', 'f35e48d3-423a-4507-bcf5-a4268d74fa01')
INSERT INTO [dbo].[UserActor] (UserId, ActorId) VALUES ('85e6cd69-9f48-4754-a37d-f6dbc82527c1', '55878bd4-ef25-4f2e-8ba8-b2f3cca962e6')
INSERT INTO [dbo].[UserActor] (UserId, ActorId) VALUES ('85e6cd69-9f48-4754-a37d-f6dbc82527c1', 'f718ac37-9b7f-42dc-943e-bd211ea044ff')
INSERT INTO [dbo].[UserActor] (UserId, ActorId) VALUES ('85e6cd69-9f48-4754-a37d-f6dbc82527c1', '1e2cc2e8-670e-40fa-bfae-be0fec70e9aa')
INSERT INTO [dbo].[UserActor] (UserId, ActorId) VALUES ('85e6cd69-9f48-4754-a37d-f6dbc82527c1', '0becf017-4611-429a-89b5-c194de60eac7')
INSERT INTO [dbo].[UserActor] (UserId, ActorId) VALUES ('85e6cd69-9f48-4754-a37d-f6dbc82527c1', '0e71f8a0-38a7-4d79-bf69-c6dcf8929f37')
INSERT INTO [dbo].[UserActor] (UserId, ActorId) VALUES ('85e6cd69-9f48-4754-a37d-f6dbc82527c1', 'f9b5e62b-3576-4cc6-81b7-ccdea2010d41')
INSERT INTO [dbo].[UserActor] (UserId, ActorId) VALUES ('85e6cd69-9f48-4754-a37d-f6dbc82527c1', 'b425d950-3e15-44a5-84bf-cf029ff110f6')
INSERT INTO [dbo].[UserActor] (UserId, ActorId) VALUES ('85e6cd69-9f48-4754-a37d-f6dbc82527c1', 'a42757c3-50a9-43e9-b1f9-d0d2a4ddf5a0')
INSERT INTO [dbo].[UserActor] (UserId, ActorId) VALUES ('85e6cd69-9f48-4754-a37d-f6dbc82527c1', 'ca34f9c1-2104-48f8-a2e8-d5a99a1f9fc3')
INSERT INTO [dbo].[UserActor] (UserId, ActorId) VALUES ('85e6cd69-9f48-4754-a37d-f6dbc82527c1', '7122b8f6-3fe9-4896-a922-ddde63cc32e8')
INSERT INTO [dbo].[UserActor] (UserId, ActorId) VALUES ('85e6cd69-9f48-4754-a37d-f6dbc82527c1', '20284dd9-8586-4b9d-87b3-e1f29faec8fd')
INSERT INTO [dbo].[UserActor] (UserId, ActorId) VALUES ('85e6cd69-9f48-4754-a37d-f6dbc82527c1', 'f52cd834-cc72-4bbe-961c-ea1d71bf854f')
INSERT INTO [dbo].[UserActor] (UserId, ActorId) VALUES ('85e6cd69-9f48-4754-a37d-f6dbc82527c1', '51fdc822-ebdd-4882-a80b-eb79cf420479')
INSERT INTO [dbo].[UserActor] (UserId, ActorId) VALUES ('85e6cd69-9f48-4754-a37d-f6dbc82527c1', 'b6d3dcb7-2722-426a-8970-ece730165919')
INSERT INTO [dbo].[UserActor] (UserId, ActorId) VALUES ('85e6cd69-9f48-4754-a37d-f6dbc82527c1', '519943be-f3f3-49d7-a332-eed2524bb586')
INSERT INTO [dbo].[UserActor] (UserId, ActorId) VALUES ('85e6cd69-9f48-4754-a37d-f6dbc82527c1', 'ef3e33bd-6963-405d-b1b2-f10929861050')
INSERT INTO [dbo].[UserActor] (UserId, ActorId) VALUES ('85e6cd69-9f48-4754-a37d-f6dbc82527c1', 'bbab4771-3fc4-4c44-99a7-f7ddf0737091')
INSERT INTO [dbo].[UserActor] (UserId, ActorId) VALUES ('8a4a2dd9-cdd0-4dff-9fa9-f774582acaca', '83510249-9f7c-4827-a67c-499a3a94f533')
INSERT INTO [dbo].[UserActor] (UserId, ActorId) VALUES ('8a4a2dd9-cdd0-4dff-9fa9-f774582acaca', '0e223e42-bed4-4778-a973-8d0ad9813f71')
INSERT INTO [dbo].[UserActor] (UserId, ActorId) VALUES ('8a4a2dd9-cdd0-4dff-9fa9-f774582acaca', '09591f53-b531-4db5-bb66-a2f52a393d82')
INSERT INTO [dbo].[UserActor] (UserId, ActorId) VALUES ('39a02315-8492-4770-94bd-f82464b9e6d3', '3000e8c2-0dc0-4532-a40d-01ca17fe0d08')
INSERT INTO [dbo].[UserActor] (UserId, ActorId) VALUES ('39a02315-8492-4770-94bd-f82464b9e6d3', '2a0fd613-bb31-455b-9182-0534ac42ba59')
INSERT INTO [dbo].[UserActor] (UserId, ActorId) VALUES ('39a02315-8492-4770-94bd-f82464b9e6d3', '5b294533-eb98-4073-8477-094e720c903c')
INSERT INTO [dbo].[UserActor] (UserId, ActorId) VALUES ('39a02315-8492-4770-94bd-f82464b9e6d3', '27f168a8-a23c-48f1-88aa-116ed7fd2bc1')
INSERT INTO [dbo].[UserActor] (UserId, ActorId) VALUES ('39a02315-8492-4770-94bd-f82464b9e6d3', 'af450c03-1937-4ea1-bb66-17b6e4aa51f5')
INSERT INTO [dbo].[UserActor] (UserId, ActorId) VALUES ('39a02315-8492-4770-94bd-f82464b9e6d3', 'e47fd7e8-114a-4e5f-bc7c-19d12fd2d884')
INSERT INTO [dbo].[UserActor] (UserId, ActorId) VALUES ('39a02315-8492-4770-94bd-f82464b9e6d3', '4532d655-b91d-4d6d-8103-1b8471e0bdc6')
INSERT INTO [dbo].[UserActor] (UserId, ActorId) VALUES ('39a02315-8492-4770-94bd-f82464b9e6d3', 'a363a555-e88b-4cde-a22b-1fd52854ec05')
INSERT INTO [dbo].[UserActor] (UserId, ActorId) VALUES ('39a02315-8492-4770-94bd-f82464b9e6d3', 'dd85c8e2-7e6a-4489-bbf2-20b10acd8077')
INSERT INTO [dbo].[UserActor] (UserId, ActorId) VALUES ('39a02315-8492-4770-94bd-f82464b9e6d3', '80146b69-ad6a-4f35-99f7-21db436d9bff')
INSERT INTO [dbo].[UserActor] (UserId, ActorId) VALUES ('39a02315-8492-4770-94bd-f82464b9e6d3', '7fd4af08-11e5-46f1-b0e5-29c00c2f733f')
INSERT INTO [dbo].[UserActor] (UserId, ActorId) VALUES ('39a02315-8492-4770-94bd-f82464b9e6d3', '08707473-ce69-4699-9780-2c118dd527cf')
INSERT INTO [dbo].[UserActor] (UserId, ActorId) VALUES ('39a02315-8492-4770-94bd-f82464b9e6d3', '38312a77-50b5-41ce-bd5e-2d0ad7500c0a')
INSERT INTO [dbo].[UserActor] (UserId, ActorId) VALUES ('39a02315-8492-4770-94bd-f82464b9e6d3', 'bfa610c6-c732-4613-9860-2dc04e0894dd')
INSERT INTO [dbo].[UserActor] (UserId, ActorId) VALUES ('39a02315-8492-4770-94bd-f82464b9e6d3', '14f60355-af6c-4267-a89f-2f20c07ea8ad')
INSERT INTO [dbo].[UserActor] (UserId, ActorId) VALUES ('39a02315-8492-4770-94bd-f82464b9e6d3', 'fa2837d8-430d-4182-871f-304ac4844043')
INSERT INTO [dbo].[UserActor] (UserId, ActorId) VALUES ('39a02315-8492-4770-94bd-f82464b9e6d3', '8ff5c6cf-4b5b-456a-8a58-337efd49aa3b')
INSERT INTO [dbo].[UserActor] (UserId, ActorId) VALUES ('39a02315-8492-4770-94bd-f82464b9e6d3', '3a4ff827-748e-4b1c-a7a2-357e1da5b4ac')
INSERT INTO [dbo].[UserActor] (UserId, ActorId) VALUES ('39a02315-8492-4770-94bd-f82464b9e6d3', 'c316bc8f-f89b-48da-a0c2-36e972b7ed7d')
INSERT INTO [dbo].[UserActor] (UserId, ActorId) VALUES ('39a02315-8492-4770-94bd-f82464b9e6d3', 'ae9fd1eb-b83d-42e2-8d1c-3b0c8f2b9ef2')
INSERT INTO [dbo].[UserActor] (UserId, ActorId) VALUES ('39a02315-8492-4770-94bd-f82464b9e6d3', 'de716833-4f62-4542-933d-3df435eb90c7')
INSERT INTO [dbo].[UserActor] (UserId, ActorId) VALUES ('39a02315-8492-4770-94bd-f82464b9e6d3', '9306c399-9038-4129-8895-4008a7b5747e')
INSERT INTO [dbo].[UserActor] (UserId, ActorId) VALUES ('39a02315-8492-4770-94bd-f82464b9e6d3', '351fa112-a216-421e-a5f6-42cb73f75f5c')
INSERT INTO [dbo].[UserActor] (UserId, ActorId) VALUES ('39a02315-8492-4770-94bd-f82464b9e6d3', '60257177-cedb-4798-9da1-452301439df7')
INSERT INTO [dbo].[UserActor] (UserId, ActorId) VALUES ('39a02315-8492-4770-94bd-f82464b9e6d3', '03603af3-8f70-4b23-b369-454aec9fb4f4')
INSERT INTO [dbo].[UserActor] (UserId, ActorId) VALUES ('39a02315-8492-4770-94bd-f82464b9e6d3', '83510249-9f7c-4827-a67c-499a3a94f533')
INSERT INTO [dbo].[UserActor] (UserId, ActorId) VALUES ('39a02315-8492-4770-94bd-f82464b9e6d3', '7ba7cbd1-ec9d-4352-ae13-4c04251d75bc')
INSERT INTO [dbo].[UserActor] (UserId, ActorId) VALUES ('39a02315-8492-4770-94bd-f82464b9e6d3', 'c3fe13ec-03e5-48f1-b1c8-4c501077e203')
INSERT INTO [dbo].[UserActor] (UserId, ActorId) VALUES ('39a02315-8492-4770-94bd-f82464b9e6d3', 'a982de1f-3703-4e3c-be56-4e54418a2a59')
INSERT INTO [dbo].[UserActor] (UserId, ActorId) VALUES ('39a02315-8492-4770-94bd-f82464b9e6d3', '0d5eec16-9e52-42e0-96bc-4ff3fc3c9a5a')
INSERT INTO [dbo].[UserActor] (UserId, ActorId) VALUES ('39a02315-8492-4770-94bd-f82464b9e6d3', '61b46919-07e4-4a49-a22a-55708f9ebbf0')
INSERT INTO [dbo].[UserActor] (UserId, ActorId) VALUES ('39a02315-8492-4770-94bd-f82464b9e6d3', '59090111-0b3e-4530-bc1f-5803a5017415')
INSERT INTO [dbo].[UserActor] (UserId, ActorId) VALUES ('39a02315-8492-4770-94bd-f82464b9e6d3', '0fc7e028-3157-48f2-8744-5c23effe857d')
INSERT INTO [dbo].[UserActor] (UserId, ActorId) VALUES ('39a02315-8492-4770-94bd-f82464b9e6d3', '8f7566a0-d540-4789-8739-72484060fbfd')
INSERT INTO [dbo].[UserActor] (UserId, ActorId) VALUES ('39a02315-8492-4770-94bd-f82464b9e6d3', '91fcc2f8-305a-49a7-8e95-730e49bbb85e')
INSERT INTO [dbo].[UserActor] (UserId, ActorId) VALUES ('39a02315-8492-4770-94bd-f82464b9e6d3', '8e6124b1-36f0-43ac-b022-73d9c0fde334')
INSERT INTO [dbo].[UserActor] (UserId, ActorId) VALUES ('39a02315-8492-4770-94bd-f82464b9e6d3', '8b678ccf-d6c0-4f5a-890b-7589746664f1')
INSERT INTO [dbo].[UserActor] (UserId, ActorId) VALUES ('39a02315-8492-4770-94bd-f82464b9e6d3', 'ddb53b36-9f61-41c4-bebe-77c06cd33151')
INSERT INTO [dbo].[UserActor] (UserId, ActorId) VALUES ('39a02315-8492-4770-94bd-f82464b9e6d3', '5de61589-8846-45e1-af3f-786673a287a7')
INSERT INTO [dbo].[UserActor] (UserId, ActorId) VALUES ('39a02315-8492-4770-94bd-f82464b9e6d3', 'a4abd4ad-4ff3-4e93-a86d-7b164910ca34')
INSERT INTO [dbo].[UserActor] (UserId, ActorId) VALUES ('39a02315-8492-4770-94bd-f82464b9e6d3', '158725db-35b5-4740-8ba4-80c616ec9f92')
INSERT INTO [dbo].[UserActor] (UserId, ActorId) VALUES ('39a02315-8492-4770-94bd-f82464b9e6d3', 'cb2266e1-7acd-49f7-95ae-858ef7800e39')
INSERT INTO [dbo].[UserActor] (UserId, ActorId) VALUES ('39a02315-8492-4770-94bd-f82464b9e6d3', '0e223e42-bed4-4778-a973-8d0ad9813f71')
INSERT INTO [dbo].[UserActor] (UserId, ActorId) VALUES ('39a02315-8492-4770-94bd-f82464b9e6d3', '4b8abb49-71f9-465c-9ec3-8f7cbe3f4659')
INSERT INTO [dbo].[UserActor] (UserId, ActorId) VALUES ('39a02315-8492-4770-94bd-f82464b9e6d3', 'b65bf5d4-16ed-415a-bc42-90331d2f8eaf')
INSERT INTO [dbo].[UserActor] (UserId, ActorId) VALUES ('39a02315-8492-4770-94bd-f82464b9e6d3', 'b8f00060-e02a-4418-a1bd-963778473238')
INSERT INTO [dbo].[UserActor] (UserId, ActorId) VALUES ('39a02315-8492-4770-94bd-f82464b9e6d3', '46e6b59d-6056-4054-a3c2-99356c067817')
INSERT INTO [dbo].[UserActor] (UserId, ActorId) VALUES ('39a02315-8492-4770-94bd-f82464b9e6d3', 'b900386e-ca17-43b5-8fba-9f0e73f4345d')
INSERT INTO [dbo].[UserActor] (UserId, ActorId) VALUES ('39a02315-8492-4770-94bd-f82464b9e6d3', 'fc9ddf32-1985-4831-9c03-9f95aed6f02c')
INSERT INTO [dbo].[UserActor] (UserId, ActorId) VALUES ('39a02315-8492-4770-94bd-f82464b9e6d3', 'd49bc21d-87c0-426b-bd2d-a097a91de611')
INSERT INTO [dbo].[UserActor] (UserId, ActorId) VALUES ('39a02315-8492-4770-94bd-f82464b9e6d3', '09591f53-b531-4db5-bb66-a2f52a393d82')
INSERT INTO [dbo].[UserActor] (UserId, ActorId) VALUES ('39a02315-8492-4770-94bd-f82464b9e6d3', 'f35e48d3-423a-4507-bcf5-a4268d74fa01')
INSERT INTO [dbo].[UserActor] (UserId, ActorId) VALUES ('39a02315-8492-4770-94bd-f82464b9e6d3', '55878bd4-ef25-4f2e-8ba8-b2f3cca962e6')
INSERT INTO [dbo].[UserActor] (UserId, ActorId) VALUES ('39a02315-8492-4770-94bd-f82464b9e6d3', 'f718ac37-9b7f-42dc-943e-bd211ea044ff')
INSERT INTO [dbo].[UserActor] (UserId, ActorId) VALUES ('39a02315-8492-4770-94bd-f82464b9e6d3', '1e2cc2e8-670e-40fa-bfae-be0fec70e9aa')
INSERT INTO [dbo].[UserActor] (UserId, ActorId) VALUES ('39a02315-8492-4770-94bd-f82464b9e6d3', '0becf017-4611-429a-89b5-c194de60eac7')
INSERT INTO [dbo].[UserActor] (UserId, ActorId) VALUES ('39a02315-8492-4770-94bd-f82464b9e6d3', '0e71f8a0-38a7-4d79-bf69-c6dcf8929f37')
INSERT INTO [dbo].[UserActor] (UserId, ActorId) VALUES ('39a02315-8492-4770-94bd-f82464b9e6d3', 'f9b5e62b-3576-4cc6-81b7-ccdea2010d41')
INSERT INTO [dbo].[UserActor] (UserId, ActorId) VALUES ('39a02315-8492-4770-94bd-f82464b9e6d3', 'b425d950-3e15-44a5-84bf-cf029ff110f6')
INSERT INTO [dbo].[UserActor] (UserId, ActorId) VALUES ('39a02315-8492-4770-94bd-f82464b9e6d3', 'a42757c3-50a9-43e9-b1f9-d0d2a4ddf5a0')
INSERT INTO [dbo].[UserActor] (UserId, ActorId) VALUES ('39a02315-8492-4770-94bd-f82464b9e6d3', 'ca34f9c1-2104-48f8-a2e8-d5a99a1f9fc3')
INSERT INTO [dbo].[UserActor] (UserId, ActorId) VALUES ('39a02315-8492-4770-94bd-f82464b9e6d3', '7122b8f6-3fe9-4896-a922-ddde63cc32e8')
INSERT INTO [dbo].[UserActor] (UserId, ActorId) VALUES ('39a02315-8492-4770-94bd-f82464b9e6d3', '20284dd9-8586-4b9d-87b3-e1f29faec8fd')
INSERT INTO [dbo].[UserActor] (UserId, ActorId) VALUES ('39a02315-8492-4770-94bd-f82464b9e6d3', 'f52cd834-cc72-4bbe-961c-ea1d71bf854f')
INSERT INTO [dbo].[UserActor] (UserId, ActorId) VALUES ('39a02315-8492-4770-94bd-f82464b9e6d3', '51fdc822-ebdd-4882-a80b-eb79cf420479')
INSERT INTO [dbo].[UserActor] (UserId, ActorId) VALUES ('39a02315-8492-4770-94bd-f82464b9e6d3', 'b6d3dcb7-2722-426a-8970-ece730165919')
INSERT INTO [dbo].[UserActor] (UserId, ActorId) VALUES ('39a02315-8492-4770-94bd-f82464b9e6d3', '519943be-f3f3-49d7-a332-eed2524bb586')
INSERT INTO [dbo].[UserActor] (UserId, ActorId) VALUES ('39a02315-8492-4770-94bd-f82464b9e6d3', 'ef3e33bd-6963-405d-b1b2-f10929861050')
INSERT INTO [dbo].[UserActor] (UserId, ActorId) VALUES ('39a02315-8492-4770-94bd-f82464b9e6d3', 'bbab4771-3fc4-4c44-99a7-f7ddf0737091')
INSERT INTO [dbo].[UserActor] (UserId, ActorId) VALUES ('22628d3f-51ad-47a2-b93f-fcc438a03cc8', '83510249-9f7c-4827-a67c-499a3a94f533')
INSERT INTO [dbo].[UserActor] (UserId, ActorId) VALUES ('22628d3f-51ad-47a2-b93f-fcc438a03cc8', '0e223e42-bed4-4778-a973-8d0ad9813f71')
INSERT INTO [dbo].[UserActor] (UserId, ActorId) VALUES ('22628d3f-51ad-47a2-b93f-fcc438a03cc8', '09591f53-b531-4db5-bb66-a2f52a393d82')
INSERT INTO [dbo].[UserActor] (UserId, ActorId) VALUES ('a3fc0616-ad9b-4e5e-afa6-fffdedc037f7', '83510249-9f7c-4827-a67c-499a3a94f533')
INSERT INTO [dbo].[UserActor] (UserId, ActorId) VALUES ('a3fc0616-ad9b-4e5e-afa6-fffdedc037f7', '0e223e42-bed4-4778-a973-8d0ad9813f71')
INSERT INTO [dbo].[UserActor] (UserId, ActorId) VALUES ('a3fc0616-ad9b-4e5e-afa6-fffdedc037f7', '09591f53-b531-4db5-bb66-a2f52a393d82')

COMMIT TRANSACTION;
