DELETE FROM GridAreaLinks
DELETE FROM GridAreas
DELETE FROM UserActor
DELETE FROM [User]
DELETE FROM Actor

INSERT INTO [dbo].[Actor] ([Id],[IdentificationNumber],[IdentificationType],[Roles]) VALUES ('3000e8c2-0dc0-4532-a40d-01ca17fe0d08','5790000681327','GLN','GridAccessProvider,MeteredDataResponsible')
INSERT INTO [dbo].[Actor] ([Id],[IdentificationNumber],[IdentificationType],[Roles]) VALUES ('2a0fd613-bb31-455b-9182-0534ac42ba59','8200000007111','GLN','BalancePowerSupplier')
INSERT INTO [dbo].[Actor] ([Id],[IdentificationNumber],[IdentificationType],[Roles]) VALUES ('5b294533-eb98-4073-8477-094e720c903c','5790001687137','GLN','BalancePowerSupplier')
INSERT INTO [dbo].[Actor] ([Id],[IdentificationNumber],[IdentificationType],[Roles]) VALUES ('27f168a8-a23c-48f1-88aa-116ed7fd2bc1','8100000000108','GLN','BalancePowerSupplier')
INSERT INTO [dbo].[Actor] ([Id],[IdentificationNumber],[IdentificationType],[Roles]) VALUES ('af450c03-1937-4ea1-bb66-17b6e4aa51f5','5790000432752','GLN','SystemOperator')
INSERT INTO [dbo].[Actor] ([Id],[IdentificationNumber],[IdentificationType],[Roles]) VALUES ('e47fd7e8-114a-4e5f-bc7c-19d12fd2d884','8100000000146','GLN','GridAccessProvider,MeteredDataResponsible')
INSERT INTO [dbo].[Actor] ([Id],[IdentificationNumber],[IdentificationType],[Roles]) VALUES ('4532d655-b91d-4d6d-8103-1b8471e0bdc6','8200000004516','GLN','GridAccessProvider,MeteredDataResponsible')
INSERT INTO [dbo].[Actor] ([Id],[IdentificationNumber],[IdentificationType],[Roles]) VALUES ('a363a555-e88b-4cde-a22b-1fd52854ec05','8200000002857','GLN','BalancePowerSupplier')
INSERT INTO [dbo].[Actor] ([Id],[IdentificationNumber],[IdentificationType],[Roles]) VALUES ('dd85c8e2-7e6a-4489-bbf2-20b10acd8077','8200000005056','GLN','GridAccessProvider,MeteredDataResponsible')
INSERT INTO [dbo].[Actor] ([Id],[IdentificationNumber],[IdentificationType],[Roles]) VALUES ('80146b69-ad6a-4f35-99f7-21db436d9bff','5790000610877','GLN','GridAccessProvider,MeteredDataResponsible')
INSERT INTO [dbo].[Actor] ([Id],[IdentificationNumber],[IdentificationType],[Roles]) VALUES ('7fd4af08-11e5-46f1-b0e5-29c00c2f733f','5790002190230','GLN','GridAccessProvider,MeteredDataResponsible')
INSERT INTO [dbo].[Actor] ([Id],[IdentificationNumber],[IdentificationType],[Roles]) VALUES ('08707473-ce69-4699-9780-2c118dd527cf','8200000007388','GLN','MeteredDataResponsible')
INSERT INTO [dbo].[Actor] ([Id],[IdentificationNumber],[IdentificationType],[Roles]) VALUES ('38312a77-50b5-41ce-bd5e-2d0ad7500c0a','5790002473517','GLN','BalancePowerSupplier')
INSERT INTO [dbo].[Actor] ([Id],[IdentificationNumber],[IdentificationType],[Roles]) VALUES ('bfa610c6-c732-4613-9860-2dc04e0894dd','8200000004097','GLN','BalancePowerSupplier')
INSERT INTO [dbo].[Actor] ([Id],[IdentificationNumber],[IdentificationType],[Roles]) VALUES ('14f60355-af6c-4267-a89f-2f20c07ea8ad','8200000005711','GLN','BalancePowerSupplier')
INSERT INTO [dbo].[Actor] ([Id],[IdentificationNumber],[IdentificationType],[Roles]) VALUES ('fa2837d8-430d-4182-871f-304ac4844043','8200000001553','GLN','BalancePowerSupplier')
INSERT INTO [dbo].[Actor] ([Id],[IdentificationNumber],[IdentificationType],[Roles]) VALUES ('8ff5c6cf-4b5b-456a-8a58-337efd49aa3b','5790002473739','GLN','MeteredDataResponsible')
INSERT INTO [dbo].[Actor] ([Id],[IdentificationNumber],[IdentificationType],[Roles]) VALUES ('3a4ff827-748e-4b1c-a7a2-357e1da5b4ac','8200000004738','GLN','BalancePowerSupplier')
INSERT INTO [dbo].[Actor] ([Id],[IdentificationNumber],[IdentificationType],[Roles]) VALUES ('81ad2de5-57d5-48e3-83dc-35f3488afa6f','5790000267958','GLN','MeteredDataResponsible')
INSERT INTO [dbo].[Actor] ([Id],[IdentificationNumber],[IdentificationType],[Roles]) VALUES ('c316bc8f-f89b-48da-a0c2-36e972b7ed7d','5790002308369','GLN','BalancePowerSupplier')
INSERT INTO [dbo].[Actor] ([Id],[IdentificationNumber],[IdentificationType],[Roles]) VALUES ('ae9fd1eb-b83d-42e2-8d1c-3b0c8f2b9ef2','8200000006015','GLN','GridAccessProvider,MeteredDataResponsible')
INSERT INTO [dbo].[Actor] ([Id],[IdentificationNumber],[IdentificationType],[Roles]) VALUES ('de716833-4f62-4542-933d-3df435eb90c7','9524143918127','GLN','GridAccessProvider,MeteredDataResponsible')
INSERT INTO [dbo].[Actor] ([Id],[IdentificationNumber],[IdentificationType],[Roles]) VALUES ('9306c399-9038-4129-8895-4008a7b5747e','5790000611003','GLN','GridAccessProvider,MeteredDataResponsible')
INSERT INTO [dbo].[Actor] ([Id],[IdentificationNumber],[IdentificationType],[Roles]) VALUES ('351fa112-a216-421e-a5f6-42cb73f75f5c','8200000005919','GLN','GridAccessProvider,MeteredDataResponsible')
INSERT INTO [dbo].[Actor] ([Id],[IdentificationNumber],[IdentificationType],[Roles]) VALUES ('60257177-cedb-4798-9da1-452301439df7','8200000005810','GLN','BalancePowerSupplier')
INSERT INTO [dbo].[Actor] ([Id],[IdentificationNumber],[IdentificationType],[Roles]) VALUES ('03603af3-8f70-4b23-b369-454aec9fb4f4','5790001330552','GLN','MeteringPointAdministrator')
INSERT INTO [dbo].[Actor] ([Id],[IdentificationNumber],[IdentificationType],[Roles]) VALUES ('83510249-9f7c-4827-a67c-499a3a94f533','8100000000115','GLN','BalancePowerSupplier')
INSERT INTO [dbo].[Actor] ([Id],[IdentificationNumber],[IdentificationType],[Roles]) VALUES ('7ba7cbd1-ec9d-4352-ae13-4c04251d75bc','8200000004165','GLN','GridAccessProvider,MeteredDataResponsible')
INSERT INTO [dbo].[Actor] ([Id],[IdentificationNumber],[IdentificationType],[Roles]) VALUES ('c3fe13ec-03e5-48f1-b1c8-4c501077e203','5790000610976','GLN','GridAccessProvider,MeteredDataResponsible')
INSERT INTO [dbo].[Actor] ([Id],[IdentificationNumber],[IdentificationType],[Roles]) VALUES ('a982de1f-3703-4e3c-be56-4e54418a2a59','0808118335003','GLN','GridAccessProvider,MeteredDataResponsible')
INSERT INTO [dbo].[Actor] ([Id],[IdentificationNumber],[IdentificationType],[Roles]) VALUES ('0d5eec16-9e52-42e0-96bc-4ff3fc3c9a5a','5790002329111','GLN','MeteredDataResponsible')
INSERT INTO [dbo].[Actor] ([Id],[IdentificationNumber],[IdentificationType],[Roles]) VALUES ('8a679aa1-cb2e-4871-a643-5321e4e55449','8200000007296','GLN','GridAccessProvider,MeteredDataResponsible')
INSERT INTO [dbo].[Actor] ([Id],[IdentificationNumber],[IdentificationType],[Roles]) VALUES ('61b46919-07e4-4a49-a22a-55708f9ebbf0','8200000004233','GLN','BalancePowerSupplier')
INSERT INTO [dbo].[Actor] ([Id],[IdentificationNumber],[IdentificationType],[Roles]) VALUES ('59090111-0b3e-4530-bc1f-5803a5017415','5790000428687','GLN','GridAccessProvider,MeteredDataResponsible')
INSERT INTO [dbo].[Actor] ([Id],[IdentificationNumber],[IdentificationType],[Roles]) VALUES ('0fc7e028-3157-48f2-8744-5c23effe857d','8200000002765','GLN','GridAccessProvider,MeteredDataResponsible')
INSERT INTO [dbo].[Actor] ([Id],[IdentificationNumber],[IdentificationType],[Roles]) VALUES ('c00df348-66aa-4aff-9ff7-6bb496e7b402','8200000007319','GLN','BalancePowerSupplier')
INSERT INTO [dbo].[Actor] ([Id],[IdentificationNumber],[IdentificationType],[Roles]) VALUES ('8f7566a0-d540-4789-8739-72484060fbfd','8200000007135','GLN','GridAccessProvider,MeteredDataResponsible')
INSERT INTO [dbo].[Actor] ([Id],[IdentificationNumber],[IdentificationType],[Roles]) VALUES ('91fcc2f8-305a-49a7-8e95-730e49bbb85e','5790002190254','GLN','BalancePowerSupplier')
INSERT INTO [dbo].[Actor] ([Id],[IdentificationNumber],[IdentificationType],[Roles]) VALUES ('8e6124b1-36f0-43ac-b022-73d9c0fde334','5790000705184','GLN','GridAccessProvider,MeteredDataResponsible')
INSERT INTO [dbo].[Actor] ([Id],[IdentificationNumber],[IdentificationType],[Roles]) VALUES ('8b678ccf-d6c0-4f5a-890b-7589746664f1','5790002105289','GLN','BalancePowerSupplier')
INSERT INTO [dbo].[Actor] ([Id],[IdentificationNumber],[IdentificationType],[Roles]) VALUES ('ddb53b36-9f61-41c4-bebe-77c06cd33151','8200000004257','GLN','GridAccessProvider,MeteredDataResponsible')
INSERT INTO [dbo].[Actor] ([Id],[IdentificationNumber],[IdentificationType],[Roles]) VALUES ('5de61589-8846-45e1-af3f-786673a287a7','5790000392261','GLN','GridAccessProvider,MeteredDataResponsible')
INSERT INTO [dbo].[Actor] ([Id],[IdentificationNumber],[IdentificationType],[Roles]) VALUES ('a4abd4ad-4ff3-4e93-a86d-7b164910ca34','9656626091925','GLN','GridAccessProvider,MeteredDataResponsible')
INSERT INTO [dbo].[Actor] ([Id],[IdentificationNumber],[IdentificationType],[Roles]) VALUES ('1114b900-ecb2-488b-9bb5-7b536d0a2ef8','8200000007289','GLN','BalancePowerSupplier')
INSERT INTO [dbo].[Actor] ([Id],[IdentificationNumber],[IdentificationType],[Roles]) VALUES ('158725db-35b5-4740-8ba4-80c616ec9f92','8200000001409','GLN','GridAccessProvider,MeteredDataResponsible')
INSERT INTO [dbo].[Actor] ([Id],[IdentificationNumber],[IdentificationType],[Roles]) VALUES ('cb2266e1-7acd-49f7-95ae-858ef7800e39','8200000003519','GLN','GridAccessProvider,MeteredDataResponsible')
INSERT INTO [dbo].[Actor] ([Id],[IdentificationNumber],[IdentificationType],[Roles]) VALUES ('0e223e42-bed4-4778-a973-8d0ad9813f71','8100000000047','GLN','GridAccessProvider,MeteredDataResponsible')
INSERT INTO [dbo].[Actor] ([Id],[IdentificationNumber],[IdentificationType],[Roles]) VALUES ('4b8abb49-71f9-465c-9ec3-8f7cbe3f4659','8200000007340','GLN','MeteredDataResponsible')
INSERT INTO [dbo].[Actor] ([Id],[IdentificationNumber],[IdentificationType],[Roles]) VALUES ('b65bf5d4-16ed-415a-bc42-90331d2f8eaf','8574664796620','GLN','GridAccessProvider,MeteredDataResponsible')
INSERT INTO [dbo].[Actor] ([Id],[IdentificationNumber],[IdentificationType],[Roles]) VALUES ('b8f00060-e02a-4418-a1bd-963778473238','8100000000016','GLN','GridAccessProvider,MeteredDataResponsible')
INSERT INTO [dbo].[Actor] ([Id],[IdentificationNumber],[IdentificationType],[Roles]) VALUES ('46e6b59d-6056-4054-a3c2-99356c067817','8200000004493','GLN','GridAccessProvider,MeteredDataResponsible')
INSERT INTO [dbo].[Actor] ([Id],[IdentificationNumber],[IdentificationType],[Roles]) VALUES ('f88a12a4-4c5b-4e9c-bd6a-9c48e11ae505','8200000007647','GLN','GridAccessProvider,MeteredDataResponsible')
INSERT INTO [dbo].[Actor] ([Id],[IdentificationNumber],[IdentificationType],[Roles]) VALUES ('b900386e-ca17-43b5-8fba-9f0e73f4345d','5790001089023','GLN','GridAccessProvider,MeteredDataResponsible')
INSERT INTO [dbo].[Actor] ([Id],[IdentificationNumber],[IdentificationType],[Roles]) VALUES ('fc9ddf32-1985-4831-9c03-9f95aed6f02c','8200000004714','GLN','BalancePowerSupplier')
INSERT INTO [dbo].[Actor] ([Id],[IdentificationNumber],[IdentificationType],[Roles]) VALUES ('d49bc21d-87c0-426b-bd2d-a097a91de611','8100000000023','GLN','GridAccessProvider,MeteredDataResponsible')
INSERT INTO [dbo].[Actor] ([Id],[IdentificationNumber],[IdentificationType],[Roles]) VALUES ('09591f53-b531-4db5-bb66-a2f52a393d82','5790002420689','GLN','BalancePowerSupplier')
INSERT INTO [dbo].[Actor] ([Id],[IdentificationNumber],[IdentificationType],[Roles]) VALUES ('f35e48d3-423a-4507-bcf5-a4268d74fa01','8200000002987','GLN','BalancePowerSupplier')
INSERT INTO [dbo].[Actor] ([Id],[IdentificationNumber],[IdentificationType],[Roles]) VALUES ('478a4c63-605b-42db-ae77-b13865ac89ad','8200000007630','GLN','GridAccessProvider,MeteredDataResponsible')
INSERT INTO [dbo].[Actor] ([Id],[IdentificationNumber],[IdentificationType],[Roles]) VALUES ('f718ac37-9b7f-42dc-943e-bd211ea044ff','8100000000030','GLN','GridAccessProvider,MeteredDataResponsible')
INSERT INTO [dbo].[Actor] ([Id],[IdentificationNumber],[IdentificationType],[Roles]) VALUES ('1e2cc2e8-670e-40fa-bfae-be0fec70e9aa','8200000005131','GLN','GridAccessProvider,MeteredDataResponsible')
INSERT INTO [dbo].[Actor] ([Id],[IdentificationNumber],[IdentificationType],[Roles]) VALUES ('cddf2d12-3f02-4a52-b1c1-c0d4e03262c4','8200000002727','GLN','GridAccessProvider,MeteredDataResponsible')
INSERT INTO [dbo].[Actor] ([Id],[IdentificationNumber],[IdentificationType],[Roles]) VALUES ('0becf017-4611-429a-89b5-c194de60eac7','8200000004509','GLN','GridAccessProvider,MeteredDataResponsible')
INSERT INTO [dbo].[Actor] ([Id],[IdentificationNumber],[IdentificationType],[Roles]) VALUES ('0e71f8a0-38a7-4d79-bf69-c6dcf8929f37','5790001330553','GLN','GridAccessProvider,MeteredDataResponsible')
INSERT INTO [dbo].[Actor] ([Id],[IdentificationNumber],[IdentificationType],[Roles]) VALUES ('f9b5e62b-3576-4cc6-81b7-ccdea2010d41','5790000705689','GLN','GridAccessProvider,MeteredDataResponsible')
INSERT INTO [dbo].[Actor] ([Id],[IdentificationNumber],[IdentificationType],[Roles]) VALUES ('b425d950-3e15-44a5-84bf-cf029ff110f6','8200000004721','GLN','BalancePowerSupplier')
INSERT INTO [dbo].[Actor] ([Id],[IdentificationNumber],[IdentificationType],[Roles]) VALUES ('a42757c3-50a9-43e9-b1f9-d0d2a4ddf5a0','5790001089030','GLN','GridAccessProvider,MeteredDataResponsible')
INSERT INTO [dbo].[Actor] ([Id],[IdentificationNumber],[IdentificationType],[Roles]) VALUES ('ca34f9c1-2104-48f8-a2e8-d5a99a1f9fc3','8200000004110','GLN','GridAccessProvider,MeteredDataResponsible')
INSERT INTO [dbo].[Actor] ([Id],[IdentificationNumber],[IdentificationType],[Roles]) VALUES ('7122b8f6-3fe9-4896-a922-ddde63cc32e8','8200000004653','GLN','GridAccessProvider,MeteredDataResponsible')
INSERT INTO [dbo].[Actor] ([Id],[IdentificationNumber],[IdentificationType],[Roles]) VALUES ('20284dd9-8586-4b9d-87b3-e1f29faec8fd','9316911914857','GLN','GridAccessProvider,MeteredDataResponsible')
INSERT INTO [dbo].[Actor] ([Id],[IdentificationNumber],[IdentificationType],[Roles]) VALUES ('ea0aa193-c7a1-4899-892b-e863cd6637df','8200000007272','GLN','BalancePowerSupplier')
INSERT INTO [dbo].[Actor] ([Id],[IdentificationNumber],[IdentificationType],[Roles]) VALUES ('f52cd834-cc72-4bbe-961c-ea1d71bf854f','8200000004141','GLN','BalancePowerSupplier')
INSERT INTO [dbo].[Actor] ([Id],[IdentificationNumber],[IdentificationType],[Roles]) VALUES ('51fdc822-ebdd-4882-a80b-eb79cf420479','5790002190223','GLN','GridAccessProvider,MeteredDataResponsible')
INSERT INTO [dbo].[Actor] ([Id],[IdentificationNumber],[IdentificationType],[Roles]) VALUES ('b6d3dcb7-2722-426a-8970-ece730165919','5790001087975','GLN','GridAccessProvider,MeteredDataResponsible')
INSERT INTO [dbo].[Actor] ([Id],[IdentificationNumber],[IdentificationType],[Roles]) VALUES ('519943be-f3f3-49d7-a332-eed2524bb586','5790002420696','GLN','BalancePowerSupplier')
INSERT INTO [dbo].[Actor] ([Id],[IdentificationNumber],[IdentificationType],[Roles]) VALUES ('ef3e33bd-6963-405d-b1b2-f10929861050','8200000004677','GLN','GridAccessProvider,MeteredDataResponsible')
INSERT INTO [dbo].[Actor] ([Id],[IdentificationNumber],[IdentificationType],[Roles]) VALUES ('bbab4771-3fc4-4c44-99a7-f7ddf0737091','8200000007203','GLN','GridAccessProvider,MeteredDataResponsible')

INSERT INTO [dbo].[GridAreas]([Id],[Code],[Name],[PriceAreaCode],[FullFlexFromDate],[ActorId]) VALUES ('4ee13230-3716-468f-96ee-01b15f054530','975','Test11','DK1',null,'ae9fd1eb-b83d-42e2-8d1c-3b0c8f2b9ef2')
INSERT INTO [dbo].[GridAreas]([Id],[Code],[Name],[PriceAreaCode],[FullFlexFromDate],[ActorId]) VALUES ('be4dd3fa-b91e-4539-9868-0eaa1a0e4728','039','Batman - Grid Area 7 - ','DK1',null,'1e2cc2e8-670e-40fa-bfae-be0fec70e9aa')
INSERT INTO [dbo].[GridAreas]([Id],[Code],[Name],[PriceAreaCode],[FullFlexFromDate],[ActorId]) VALUES ('cc7bee74-afd7-4d1f-90c7-1583fc7a2fb4','755','Test22','DK1',null,'f9b5e62b-3576-4cc6-81b7-ccdea2010d41')
INSERT INTO [dbo].[GridAreas]([Id],[Code],[Name],[PriceAreaCode],[FullFlexFromDate],[ActorId]) VALUES ('1db4ea8d-a6af-46f5-a623-24c79bca77ad','466','Test11','DK1',null,'7ba7cbd1-ec9d-4352-ae13-4c04251d75bc')
INSERT INTO [dbo].[GridAreas]([Id],[Code],[Name],[PriceAreaCode],[FullFlexFromDate],[ActorId]) VALUES ('0b877f87-d635-47a5-b545-2c137abbf0d8','584','Test19','DK1',null,'b900386e-ca17-43b5-8fba-9f0e73f4345d')
INSERT INTO [dbo].[GridAreas]([Id],[Code],[Name],[PriceAreaCode],[FullFlexFromDate],[ActorId]) VALUES ('7b360e33-6e79-43d2-ad58-306f88ad22c2','927','Test9','DK1',null,'ef3e33bd-6963-405d-b1b2-f10929861050')
INSERT INTO [dbo].[GridAreas]([Id],[Code],[Name],[PriceAreaCode],[FullFlexFromDate],[ActorId]) VALUES ('b804a9e5-b7dd-4a2e-ab45-36cd38e2327a','051','Test11','DK1',null,'8f7566a0-d540-4789-8739-72484060fbfd')
INSERT INTO [dbo].[GridAreas]([Id],[Code],[Name],[PriceAreaCode],[FullFlexFromDate],[ActorId]) VALUES ('b128c1d9-1519-4d85-b675-38ae69d02206','034','Batman - Grid Area 3 - ','DK1',null,'cddf2d12-3f02-4a52-b1c1-c0d4e03262c4')
INSERT INTO [dbo].[GridAreas]([Id],[Code],[Name],[PriceAreaCode],[FullFlexFromDate],[ActorId]) VALUES ('0cf56e44-d021-411c-936d-3979d8b2c49c','880','Kilo','DK2',null,'b8f00060-e02a-4418-a1bd-963778473238')
INSERT INTO [dbo].[GridAreas]([Id],[Code],[Name],[PriceAreaCode],[FullFlexFromDate],[ActorId]) VALUES ('69098c8c-60b4-4de4-9951-4bcb5b37208f','939','Test11','DK1',null,'dd85c8e2-7e6a-4489-bbf2-20b10acd8077')
INSERT INTO [dbo].[GridAreas]([Id],[Code],[Name],[PriceAreaCode],[FullFlexFromDate],[ActorId]) VALUES ('0b923230-9101-40fb-b798-563176faf3ab','881','Lima','DK2',null,'d49bc21d-87c0-426b-bd2d-a097a91de611')
INSERT INTO [dbo].[GridAreas]([Id],[Code],[Name],[PriceAreaCode],[FullFlexFromDate],[ActorId]) VALUES ('29dbf781-171c-4d04-a109-59cc00ccc69c','740','Test17','DK1',null,'8e6124b1-36f0-43ac-b022-73d9c0fde334')
INSERT INTO [dbo].[GridAreas]([Id],[Code],[Name],[PriceAreaCode],[FullFlexFromDate],[ActorId]) VALUES ('58fd7cac-326a-4556-9fb4-59d68f406768','543','Test20','DK1',null,'c3fe13ec-03e5-48f1-b1c8-4c501077e203')
INSERT INTO [dbo].[GridAreas]([Id],[Code],[Name],[PriceAreaCode],[FullFlexFromDate],[ActorId]) VALUES ('53543859-a23f-444b-9bfc-5aad5b116fbf','871','Test2','DK1',null,'0e71f8a0-38a7-4d79-bf69-c6dcf8929f37')
INSERT INTO [dbo].[GridAreas]([Id],[Code],[Name],[PriceAreaCode],[FullFlexFromDate],[ActorId]) VALUES ('57786e64-fc34-4a31-8361-5b319a5a30b6','482','Test5','DK1',null,'46e6b59d-6056-4054-a3c2-99356c067817')
INSERT INTO [dbo].[GridAreas]([Id],[Code],[Name],[PriceAreaCode],[FullFlexFromDate],[ActorId]) VALUES ('268e002b-52fa-43bb-88e1-5eee7b29ecbc','344','test23','DK1',null,'9306c399-9038-4129-8895-4008a7b5747e')
INSERT INTO [dbo].[GridAreas]([Id],[Code],[Name],[PriceAreaCode],[FullFlexFromDate],[ActorId]) VALUES ('47381d20-a583-45a4-836b-636c43603179','111','Titans U-001','DK1',null,'20284dd9-8586-4b9d-87b3-e1f29faec8fd')
INSERT INTO [dbo].[GridAreas]([Id],[Code],[Name],[PriceAreaCode],[FullFlexFromDate],[ActorId]) VALUES ('4e0cecd5-e276-4287-a103-6800f38cdb92','483','Test11','DK1',null,'0becf017-4611-429a-89b5-c194de60eac7')
INSERT INTO [dbo].[GridAreas]([Id],[Code],[Name],[PriceAreaCode],[FullFlexFromDate],[ActorId]) VALUES ('d209da7a-94f6-41d7-88b5-6a2b793f0529','898','Test6','DK1',null,'51fdc822-ebdd-4882-a80b-eb79cf420479')
INSERT INTO [dbo].[GridAreas]([Id],[Code],[Name],[PriceAreaCode],[FullFlexFromDate],[ActorId]) VALUES ('e3e7dd7f-4807-4482-b50c-6bfdc972f1e1','791','Test21','DK1',null,'f9b5e62b-3576-4cc6-81b7-ccdea2010d41')
INSERT INTO [dbo].[GridAreas]([Id],[Code],[Name],[PriceAreaCode],[FullFlexFromDate],[ActorId]) VALUES ('bf863ea8-8cf3-4ba3-b568-6c7175f47a69','463','Test4','DK1',null,'ca34f9c1-2104-48f8-a2e8-d5a99a1f9fc3')
INSERT INTO [dbo].[GridAreas]([Id],[Code],[Name],[PriceAreaCode],[FullFlexFromDate],[ActorId]) VALUES ('2f8197d5-05a7-4f68-957c-73d95d1c9289','031','Test3','DK1',null,'80146b69-ad6a-4f35-99f7-21db436d9bff')
INSERT INTO [dbo].[GridAreas]([Id],[Code],[Name],[PriceAreaCode],[FullFlexFromDate],[ActorId]) VALUES ('a0b52135-39ba-49f8-b9ef-7bb1b90c1487','112','Batman U-001','DK1',null,'a982de1f-3703-4e3c-be56-4e54418a2a59')
INSERT INTO [dbo].[GridAreas]([Id],[Code],[Name],[PriceAreaCode],[FullFlexFromDate],[ActorId]) VALUES ('72ad0e74-c0ac-4bbd-8ae1-8087303177aa','804','Test15','DK1',null,'0e223e42-bed4-4778-a973-8d0ad9813f71')
INSERT INTO [dbo].[GridAreas]([Id],[Code],[Name],[PriceAreaCode],[FullFlexFromDate],[ActorId]) VALUES ('5db85342-fb33-40c2-9814-8c9123a69a34','244','Test13','DK1',null,'5de61589-8846-45e1-af3f-786673a287a7')
INSERT INTO [dbo].[GridAreas]([Id],[Code],[Name],[PriceAreaCode],[FullFlexFromDate],[ActorId]) VALUES ('da78b887-a080-476d-864a-8cecc0be663c','512','Test18','DK1',null,'b6d3dcb7-2722-426a-8970-ece730165919')
INSERT INTO [dbo].[GridAreas]([Id],[Code],[Name],[PriceAreaCode],[FullFlexFromDate],[ActorId]) VALUES ('f4b3fdf9-ab8f-47bb-b49a-9155949611dc','989','Test11','DK1',null,'bbab4771-3fc4-4c44-99a7-f7ddf0737091')
INSERT INTO [dbo].[GridAreas]([Id],[Code],[Name],[PriceAreaCode],[FullFlexFromDate],[ActorId]) VALUES ('fa5efbcc-1dee-4ee5-acb5-979d4a64b583','803','Test16','DK1',null,'f718ac37-9b7f-42dc-943e-bd211ea044ff')
INSERT INTO [dbo].[GridAreas]([Id],[Code],[Name],[PriceAreaCode],[FullFlexFromDate],[ActorId]) VALUES ('5327de58-cf1d-40a3-942f-98398a3594aa','037','Batman - Grid Area 5 - ','DK1',null,'1e2cc2e8-670e-40fa-bfae-be0fec70e9aa')
INSERT INTO [dbo].[GridAreas]([Id],[Code],[Name],[PriceAreaCode],[FullFlexFromDate],[ActorId]) VALUES ('96c0e70d-bbdf-45e3-babb-988ffeba26b1','930','Test11','DK1',null,'59090111-0b3e-4530-bc1f-5803a5017415')
INSERT INTO [dbo].[GridAreas]([Id],[Code],[Name],[PriceAreaCode],[FullFlexFromDate],[ActorId]) VALUES ('f05fa661-555e-4c37-a541-a2c3e07eea66','900','KMDTest4','DK1',null,'8a679aa1-cb2e-4871-a643-5321e4e55449')
INSERT INTO [dbo].[GridAreas]([Id],[Code],[Name],[PriceAreaCode],[FullFlexFromDate],[ActorId]) VALUES ('3d10d2c3-8b2f-42ca-9de9-a7b366596470','131','Test24','DK1',null,'a42757c3-50a9-43e9-b1f9-d0d2a4ddf5a0')
INSERT INTO [dbo].[GridAreas]([Id],[Code],[Name],[PriceAreaCode],[FullFlexFromDate],[ActorId]) VALUES ('972b1d50-20e7-47eb-b665-b8ef2e3c44e5','974','Test10','DK1',null,'351fa112-a216-421e-a5f6-42cb73f75f5c')
INSERT INTO [dbo].[GridAreas]([Id],[Code],[Name],[PriceAreaCode],[FullFlexFromDate],[ActorId]) VALUES ('e4dcbf59-e1a9-4cb4-a1ed-b997fbb0e13f','899','Test7','DK1',null,'7fd4af08-11e5-46f1-b0e5-29c00c2f733f')
INSERT INTO [dbo].[GridAreas]([Id],[Code],[Name],[PriceAreaCode],[FullFlexFromDate],[ActorId]) VALUES ('01635680-86e1-4146-a485-bbffe2330ff4','113','Joules U-001','DK1',null,'b65bf5d4-16ed-415a-bc42-90331d2f8eaf')
INSERT INTO [dbo].[GridAreas]([Id],[Code],[Name],[PriceAreaCode],[FullFlexFromDate],[ActorId]) VALUES ('0e797976-a83b-42c4-8a1b-bf3a9f642e1a','348','Test12','DK1',null,'3000e8c2-0dc0-4532-a40d-01ca17fe0d08')
INSERT INTO [dbo].[GridAreas]([Id],[Code],[Name],[PriceAreaCode],[FullFlexFromDate],[ActorId]) VALUES ('68e96f9b-5349-4a85-8d0e-c5fa4ba9299c','038','Batman - Grid Area 6 - ','DK1',null,'1e2cc2e8-670e-40fa-bfae-be0fec70e9aa')
INSERT INTO [dbo].[GridAreas]([Id],[Code],[Name],[PriceAreaCode],[FullFlexFromDate],[ActorId]) VALUES ('3b7c493a-31d6-46f7-a5b6-cd1a902e76c3','925','Test8','DK1',null,'7122b8f6-3fe9-4896-a922-ddde63cc32e8')
INSERT INTO [dbo].[GridAreas]([Id],[Code],[Name],[PriceAreaCode],[FullFlexFromDate],[ActorId]) VALUES ('079075a2-38d2-4df0-98c2-ce7ceede48c6','901','KMDTest5','DK1',null,'478a4c63-605b-42db-ae77-b13865ac89ad')
INSERT INTO [dbo].[GridAreas]([Id],[Code],[Name],[PriceAreaCode],[FullFlexFromDate],[ActorId]) VALUES ('454db06d-3bf4-40e5-ae67-ddb8986a2479','161','Test14','DK1',null,'e47fd7e8-114a-4e5f-bc7c-19d12fd2d884')
INSERT INTO [dbo].[GridAreas]([Id],[Code],[Name],[PriceAreaCode],[FullFlexFromDate],[ActorId]) VALUES ('7ce2d3e1-2fac-49e3-bf46-de75c5f8b714','882','Mike','DK2',null,'158725db-35b5-4740-8ba4-80c616ec9f92')
INSERT INTO [dbo].[GridAreas]([Id],[Code],[Name],[PriceAreaCode],[FullFlexFromDate],[ActorId]) VALUES ('9827c5c5-0014-4044-8f63-e03b270094b7','351','Test11','DK1',null,'ddb53b36-9f61-41c4-bebe-77c06cd33151')
INSERT INTO [dbo].[GridAreas]([Id],[Code],[Name],[PriceAreaCode],[FullFlexFromDate],[ActorId]) VALUES ('0ec2a713-b029-40a6-8e6c-e1148fbef6b4','902','KMDTest6','DK1',null,'f88a12a4-4c5b-4e9c-bd6a-9c48e11ae505')
INSERT INTO [dbo].[GridAreas]([Id],[Code],[Name],[PriceAreaCode],[FullFlexFromDate],[ActorId]) VALUES ('31e25acd-7a93-4740-b5c6-e931785d5d38','033','Batman - Grid Area 2 - ','DK1',null,'cddf2d12-3f02-4a52-b1c1-c0d4e03262c4')
INSERT INTO [dbo].[GridAreas]([Id],[Code],[Name],[PriceAreaCode],[FullFlexFromDate],[ActorId]) VALUES ('34d6a61e-0996-438b-89cd-ee0a1c73efc0','115','Volt U-001','DK1',null,'a4abd4ad-4ff3-4e93-a86d-7b164910ca34')
INSERT INTO [dbo].[GridAreas]([Id],[Code],[Name],[PriceAreaCode],[FullFlexFromDate],[ActorId]) VALUES ('2ef1e1cc-61e1-419f-a9a7-f101f80d00fe','854','Test11','DK1',null,'4532d655-b91d-4d6d-8103-1b8471e0bdc6')
INSERT INTO [dbo].[GridAreas]([Id],[Code],[Name],[PriceAreaCode],[FullFlexFromDate],[ActorId]) VALUES ('2aa10797-d52e-4d02-9a17-f52860fb94b8','036','Batman - Grid Area 4 - ','DK1',null,'1e2cc2e8-670e-40fa-bfae-be0fec70e9aa')
INSERT INTO [dbo].[GridAreas]([Id],[Code],[Name],[PriceAreaCode],[FullFlexFromDate],[ActorId]) VALUES ('13543647-4760-4ac9-80e8-f6519b9c09c9','114','MD U-001','DK1',null,'de716833-4f62-4542-933d-3df435eb90c7')
INSERT INTO [dbo].[GridAreas]([Id],[Code],[Name],[PriceAreaCode],[FullFlexFromDate],[ActorId]) VALUES ('c5ee11ed-1d93-439d-8c6d-fabf993c7a3c','032','Batman - Grid Area 1 - ','DK1',null,'cb2266e1-7acd-49f7-95ae-858ef7800e39')

INSERT INTO [dbo].[GridAreaLinks] ([Id],[GridAreaId]) VALUES ('6d370cfc-9a04-4c1f-ad50-01aaafdff010','31e25acd-7a93-4740-b5c6-e931785d5d38')
INSERT INTO [dbo].[GridAreaLinks] ([Id],[GridAreaId]) VALUES ('34f7cf2e-b8f0-4b11-8e38-065f9a98b53a','e3e7dd7f-4807-4482-b50c-6bfdc972f1e1')
INSERT INTO [dbo].[GridAreaLinks] ([Id],[GridAreaId]) VALUES ('f405f3fb-14aa-4a4f-a2f5-095014776805','da78b887-a080-476d-864a-8cecc0be663c')
INSERT INTO [dbo].[GridAreaLinks] ([Id],[GridAreaId]) VALUES ('623b7f71-f3b8-476c-b9e7-0bfd736fe46e','72ad0e74-c0ac-4bbd-8ae1-8087303177aa')
INSERT INTO [dbo].[GridAreaLinks] ([Id],[GridAreaId]) VALUES ('9183def8-c91f-4984-ac02-0ef3f8234033','01635680-86e1-4146-a485-bbffe2330ff4')
INSERT INTO [dbo].[GridAreaLinks] ([Id],[GridAreaId]) VALUES ('2e33853b-6857-4c27-a048-11a412d55bab','68e96f9b-5349-4a85-8d0e-c5fa4ba9299c')
INSERT INTO [dbo].[GridAreaLinks] ([Id],[GridAreaId]) VALUES ('f5a0cdeb-79dd-4a18-a20a-1210fb84daf0','a0b52135-39ba-49f8-b9ef-7bb1b90c1487')
INSERT INTO [dbo].[GridAreaLinks] ([Id],[GridAreaId]) VALUES ('079fa5c2-4728-4f23-87c5-1422399d4d7d','3b7c493a-31d6-46f7-a5b6-cd1a902e76c3')
INSERT INTO [dbo].[GridAreaLinks] ([Id],[GridAreaId]) VALUES ('34729672-572e-414c-b4cc-1afd203a2ecc','cc7bee74-afd7-4d1f-90c7-1583fc7a2fb4')
INSERT INTO [dbo].[GridAreaLinks] ([Id],[GridAreaId]) VALUES ('fb669da4-c03d-497d-b506-288ac4bab5c0','e4dcbf59-e1a9-4cb4-a1ed-b997fbb0e13f')
INSERT INTO [dbo].[GridAreaLinks] ([Id],[GridAreaId]) VALUES ('f70df035-217b-4337-be72-31adcb637981','268e002b-52fa-43bb-88e1-5eee7b29ecbc')
INSERT INTO [dbo].[GridAreaLinks] ([Id],[GridAreaId]) VALUES ('a3df2e2e-39a1-478b-9b4d-3adf21ebcc65','bf863ea8-8cf3-4ba3-b568-6c7175f47a69')
INSERT INTO [dbo].[GridAreaLinks] ([Id],[GridAreaId]) VALUES ('6e1f4c37-8675-4dfa-9da0-3dd2f108280e','b128c1d9-1519-4d85-b675-38ae69d02206')
INSERT INTO [dbo].[GridAreaLinks] ([Id],[GridAreaId]) VALUES ('54651907-390d-414c-a319-598254fe5b28','0cf56e44-d021-411c-936d-3979d8b2c49c')
INSERT INTO [dbo].[GridAreaLinks] ([Id],[GridAreaId]) VALUES ('74bd1e1a-46ca-4a4a-a466-5ca1c885153b','2f8197d5-05a7-4f68-957c-73d95d1c9289')
INSERT INTO [dbo].[GridAreaLinks] ([Id],[GridAreaId]) VALUES ('0db09df2-8b1f-4030-8fdf-5fa0074742b4','972b1d50-20e7-47eb-b665-b8ef2e3c44e5')
INSERT INTO [dbo].[GridAreaLinks] ([Id],[GridAreaId]) VALUES ('8a89529e-c962-4b6b-9ea9-63699ba66b58','0ec2a713-b029-40a6-8e6c-e1148fbef6b4')
INSERT INTO [dbo].[GridAreaLinks] ([Id],[GridAreaId]) VALUES ('d7897f3e-24f8-400a-a731-6d0f338a3aaa','079075a2-38d2-4df0-98c2-ce7ceede48c6')
INSERT INTO [dbo].[GridAreaLinks] ([Id],[GridAreaId]) VALUES ('533fa5c6-a970-4048-a113-7447a45e3259','0b877f87-d635-47a5-b545-2c137abbf0d8')
INSERT INTO [dbo].[GridAreaLinks] ([Id],[GridAreaId]) VALUES ('70662158-531d-4557-baea-77730adf8912','3d10d2c3-8b2f-42ca-9de9-a7b366596470')
INSERT INTO [dbo].[GridAreaLinks] ([Id],[GridAreaId]) VALUES ('15f37840-6322-4ad3-a982-7af49ee6cfe4','34d6a61e-0996-438b-89cd-ee0a1c73efc0')
INSERT INTO [dbo].[GridAreaLinks] ([Id],[GridAreaId]) VALUES ('62c04451-1c60-4232-ab28-7f1c2fe3d5ed','c5ee11ed-1d93-439d-8c6d-fabf993c7a3c')
INSERT INTO [dbo].[GridAreaLinks] ([Id],[GridAreaId]) VALUES ('21ab3987-2f81-400e-a9ba-833497fce647','454db06d-3bf4-40e5-ae67-ddb8986a2479')
INSERT INTO [dbo].[GridAreaLinks] ([Id],[GridAreaId]) VALUES ('bc168f0a-a709-4e28-8299-8ef2634e146b','13543647-4760-4ac9-80e8-f6519b9c09c9')
INSERT INTO [dbo].[GridAreaLinks] ([Id],[GridAreaId]) VALUES ('908d24b3-5dcd-4733-9a61-a06613cfc59d','47381d20-a583-45a4-836b-636c43603179')
INSERT INTO [dbo].[GridAreaLinks] ([Id],[GridAreaId]) VALUES ('c3b3cf4d-3c26-4bad-8b71-a4ef8e03ab93','5327de58-cf1d-40a3-942f-98398a3594aa')
INSERT INTO [dbo].[GridAreaLinks] ([Id],[GridAreaId]) VALUES ('92a0ed58-61c9-44be-ac50-ab03ce5e8995','2aa10797-d52e-4d02-9a17-f52860fb94b8')
INSERT INTO [dbo].[GridAreaLinks] ([Id],[GridAreaId]) VALUES ('94eeeb60-2922-45f9-be56-ac5bed9093e9','4ee13230-3716-468f-96ee-01b15f054530')
INSERT INTO [dbo].[GridAreaLinks] ([Id],[GridAreaId]) VALUES ('c2a23408-3c06-427c-b24e-b94c22433277','58fd7cac-326a-4556-9fb4-59d68f406768')
INSERT INTO [dbo].[GridAreaLinks] ([Id],[GridAreaId]) VALUES ('840eab71-0fec-44d1-bbeb-bd9beb15c801','7ce2d3e1-2fac-49e3-bf46-de75c5f8b714')
INSERT INTO [dbo].[GridAreaLinks] ([Id],[GridAreaId]) VALUES ('6ad1a892-a647-494e-ac57-c371101c4df5','0b923230-9101-40fb-b798-563176faf3ab')
INSERT INTO [dbo].[GridAreaLinks] ([Id],[GridAreaId]) VALUES ('5d01eaf7-0190-46f2-9131-c4df73aaef80','7b360e33-6e79-43d2-ad58-306f88ad22c2')
INSERT INTO [dbo].[GridAreaLinks] ([Id],[GridAreaId]) VALUES ('69890200-cf13-4565-b284-c7c1e56f333d','be4dd3fa-b91e-4539-9868-0eaa1a0e4728')
INSERT INTO [dbo].[GridAreaLinks] ([Id],[GridAreaId]) VALUES ('be0eed68-ee97-4f24-ac2f-d16ccc5c5407','f05fa661-555e-4c37-a541-a2c3e07eea66')
INSERT INTO [dbo].[GridAreaLinks] ([Id],[GridAreaId]) VALUES ('96c34aff-5525-48e0-9160-d45cda393621','0e797976-a83b-42c4-8a1b-bf3a9f642e1a')
INSERT INTO [dbo].[GridAreaLinks] ([Id],[GridAreaId]) VALUES ('718d8fc2-6fa5-4dbd-a104-d68407148666','d209da7a-94f6-41d7-88b5-6a2b793f0529')
INSERT INTO [dbo].[GridAreaLinks] ([Id],[GridAreaId]) VALUES ('1c84a957-b7a9-429b-b6ba-d759cb1babc8','29dbf781-171c-4d04-a109-59cc00ccc69c')
INSERT INTO [dbo].[GridAreaLinks] ([Id],[GridAreaId]) VALUES ('df1c7335-4df7-4dbd-8abf-dcdc960897e6','57786e64-fc34-4a31-8361-5b319a5a30b6')
INSERT INTO [dbo].[GridAreaLinks] ([Id],[GridAreaId]) VALUES ('c0eac818-8ff5-4d61-a39c-e595fdfc2c92','fa5efbcc-1dee-4ee5-acb5-979d4a64b583')
INSERT INTO [dbo].[GridAreaLinks] ([Id],[GridAreaId]) VALUES ('82c769b3-3932-4d17-af91-f9c407938344','5db85342-fb33-40c2-9814-8c9123a69a34')
INSERT INTO [dbo].[GridAreaLinks] ([Id],[GridAreaId]) VALUES ('6faa3777-edcc-4ebb-9f4b-fec16f917352','53543859-a23f-444b-9bfc-5aad5b116fbf')

INSERT INTO [dbo].[User] ([Id]) VALUES ('5128f581-45ab-4788-abe2-1aa4df82fde4')
INSERT INTO [dbo].[User] ([Id]) VALUES ('37a937f5-8727-45ec-b1c3-3d677120c220')
INSERT INTO [dbo].[User] ([Id]) VALUES ('2b090b59-51c9-4d34-b499-53fa350b5540')
INSERT INTO [dbo].[User] ([Id]) VALUES ('145bb2ed-e8a8-4f22-8d9f-9ff32c3d4055')
INSERT INTO [dbo].[User] ([Id]) VALUES ('116353dc-de65-41f8-9b44-f4a96d191f2f')
INSERT INTO [dbo].[User] ([Id]) VALUES ('6d67f54a-a6f5-415d-9b8b-1e4dcc6a9787')
INSERT INTO [dbo].[User] ([Id]) VALUES ('5cd4b792-c9ba-4302-872e-7bf86df2c991')
INSERT INTO [dbo].[User] ([Id]) VALUES ('3dc0084e-2538-4bbf-9b53-b741c1dd0fa2')
INSERT INTO [dbo].[User] ([Id]) VALUES ('ccbdb364-2075-4b89-a860-b49da6fac6ab')
INSERT INTO [dbo].[User] ([Id]) VALUES ('c984eefb-3f06-4458-8e4f-d15aec8c2da0')
INSERT INTO [dbo].[User] ([Id]) VALUES ('38c33a52-77cb-4770-8eff-6f52ac048244')
INSERT INTO [dbo].[User] ([Id]) VALUES ('92f50660-69ea-46d4-99c9-eab74132a60a')
INSERT INTO [dbo].[User] ([Id]) VALUES ('4b32b1b7-83b2-46df-b52a-9daacc75a64b')
INSERT INTO [dbo].[User] ([Id]) VALUES ('06762b55-e14d-4d98-9277-1a7e409499bd')
INSERT INTO [dbo].[User] ([Id]) VALUES ('54134a83-8a98-4342-a5de-a04b37e02040')
INSERT INTO [dbo].[User] ([Id]) VALUES ('e24a7b61-1e28-4a89-b5c1-8ecb77441bee')
INSERT INTO [dbo].[User] ([Id]) VALUES ('2251023b-ad98-418f-9803-18f720e4f4ec')
INSERT INTO [dbo].[User] ([Id]) VALUES ('80892f1a-5a9a-466b-a86f-45e98588dc6d')
INSERT INTO [dbo].[User] ([Id]) VALUES ('c47e0e77-1b23-4aca-8f96-0c2bda6656e7')
INSERT INTO [dbo].[User] ([Id]) VALUES ('55c75f0d-ec0b-4508-877f-4a568f45f7d0')
INSERT INTO [dbo].[User] ([Id]) VALUES ('2288c650-6cc2-469e-b37e-6785cc2a6d96')
INSERT INTO [dbo].[User] ([Id]) VALUES ('c5cc7214-ba3c-42ed-8067-e132368352d5')
INSERT INTO [dbo].[User] ([Id]) VALUES ('002df347-4475-4b95-ba2b-4902388fcb71')
INSERT INTO [dbo].[User] ([Id]) VALUES ('9b7fb5ae-7b75-432a-8131-14c81e39686a')
INSERT INTO [dbo].[User] ([Id]) VALUES ('9390a5a5-acbc-4075-b23a-683c53684f3e')
INSERT INTO [dbo].[User] ([Id]) VALUES ('fb12b5df-a246-4f37-a4a4-32f75cc764d9')
INSERT INTO [dbo].[User] ([Id]) VALUES ('cce395fb-fab3-458b-8eaf-61fb40b4d564')
INSERT INTO [dbo].[User] ([Id]) VALUES ('3640eaf7-63b5-4d0c-bf5d-b790b0b24025')
INSERT INTO [dbo].[User] ([Id]) VALUES ('52d22414-e419-4d46-a5c8-364301e83a78')
INSERT INTO [dbo].[User] ([Id]) VALUES ('85e6cd69-9f48-4754-a37d-f6dbc82527c1')
INSERT INTO [dbo].[User] ([Id]) VALUES ('58a495bf-054b-4c62-87b6-a5cfff59c525')
INSERT INTO [dbo].[User] ([Id]) VALUES ('f520270f-e8b7-4094-abb1-1d6695b23620')
INSERT INTO [dbo].[User] ([Id]) VALUES ('e7326ac7-3a69-4d75-8d0e-d255a9e72328')
INSERT INTO [dbo].[User] ([Id]) VALUES ('761a60b7-ed40-4f23-ac6a-4a2b573c0f1a')
INSERT INTO [dbo].[User] ([Id]) VALUES ('ca36388f-efef-45d4-90dc-223e4e15e9a9')
INSERT INTO [dbo].[User] ([Id]) VALUES ('a65cd854-6d29-413b-bf65-cbae769fdcb7')
INSERT INTO [dbo].[User] ([Id]) VALUES ('59d70458-be5d-406e-add4-07f66f53c165')
INSERT INTO [dbo].[User] ([Id]) VALUES ('e0d9b5dd-31d4-41cb-968d-a203e6178386')
INSERT INTO [dbo].[User] ([Id]) VALUES ('7ed4b06c-c573-4e46-9b65-7dda9b1531d8')
INSERT INTO [dbo].[User] ([Id]) VALUES ('f70c0990-6ad3-4a86-9fb5-1cb05268c0f0')
INSERT INTO [dbo].[User] ([Id]) VALUES ('6a7f77dc-7c6c-4535-960b-b50e5ace668c')
INSERT INTO [dbo].[User] ([Id]) VALUES ('a459b89f-ab45-4e6f-9d8b-5b2199a5e32c')
INSERT INTO [dbo].[User] ([Id]) VALUES ('943ddc46-ab35-4992-8bc4-1742244e4066')
INSERT INTO [dbo].[User] ([Id]) VALUES ('5fc524b4-5342-4a4a-9802-177fbc99cc17')
INSERT INTO [dbo].[User] ([Id]) VALUES ('46fdc795-d750-4e52-bd4d-4d6f758b4fe0')
INSERT INTO [dbo].[User] ([Id]) VALUES ('be9ee0dc-0c13-48c7-9aaa-b76f765c059c')
INSERT INTO [dbo].[User] ([Id]) VALUES ('6af374f3-d6eb-46ed-a919-0f257006fb13')
INSERT INTO [dbo].[User] ([Id]) VALUES ('22628d3f-51ad-47a2-b93f-fcc438a03cc8')
INSERT INTO [dbo].[User] ([Id]) VALUES ('a7a3b4dc-71f9-4e57-b137-36fff385ddb7')
INSERT INTO [dbo].[User] ([Id]) VALUES ('89880be0-1d80-44ce-8c61-2817e0d8a20a')
INSERT INTO [dbo].[User] ([Id]) VALUES ('3bdbb30b-9324-4ac0-b485-27f13eb9c12c')
INSERT INTO [dbo].[User] ([Id]) VALUES ('7f4acb2d-1f9f-4f5b-a1d1-28fd0afc0824')
INSERT INTO [dbo].[User] ([Id]) VALUES ('864a73fe-fd35-46d2-b948-36367f6186db')
INSERT INTO [dbo].[User] ([Id]) VALUES ('753acb50-227a-46b0-8e4d-750e94e52e09')
INSERT INTO [dbo].[User] ([Id]) VALUES ('a4a82d1d-d200-46c0-b138-47f015daa84f')
INSERT INTO [dbo].[User] ([Id]) VALUES ('39a02315-8492-4770-94bd-f82464b9e6d3')
INSERT INTO [dbo].[User] ([Id]) VALUES ('c4a478f7-5e3f-4112-9591-5e524a6232bf')
INSERT INTO [dbo].[User] ([Id]) VALUES ('b2e59d32-31f1-4657-8ea2-51f225339397')
INSERT INTO [dbo].[User] ([Id]) VALUES ('bad13775-7a78-4761-85d4-ba3e595392c6')
INSERT INTO [dbo].[User] ([Id]) VALUES ('d962b04e-9050-43df-b777-f1e20ad0e820')
INSERT INTO [dbo].[User] ([Id]) VALUES ('f4d23572-d35d-407f-a9ab-f5f681583f29')
INSERT INTO [dbo].[User] ([Id]) VALUES ('531b3623-4ea8-42e8-8e8a-a728d5aa4622')
INSERT INTO [dbo].[User] ([Id]) VALUES ('6023930b-db51-425c-98de-a7d514294583')
INSERT INTO [dbo].[User] ([Id]) VALUES ('aaff0dc2-a1ec-40de-acd8-16e9d6f31d3c')
INSERT INTO [dbo].[User] ([Id]) VALUES ('e6cca180-718c-446e-b8bb-e7086ee39c34')
INSERT INTO [dbo].[User] ([Id]) VALUES ('8a36c0cf-5f16-40c5-a7fd-910f0a200209')
INSERT INTO [dbo].[User] ([Id]) VALUES ('afb96804-2447-41f7-ac64-b4219fd1fd8b')
INSERT INTO [dbo].[User] ([Id]) VALUES ('57a79a65-9be2-4f02-8027-5c806fc8dd62')
INSERT INTO [dbo].[User] ([Id]) VALUES ('4756a304-66f3-4a21-85a3-e51bbd016844')
INSERT INTO [dbo].[User] ([Id]) VALUES ('ebbbda78-27d1-434e-8d7a-9ffd9c676c3a')
INSERT INTO [dbo].[User] ([Id]) VALUES ('de7f62c3-abaa-46fa-bbab-764cb2dffb4a')
INSERT INTO [dbo].[User] ([Id]) VALUES ('da7cc5f9-0378-44e7-9945-d566abc97ddb')
INSERT INTO [dbo].[User] ([Id]) VALUES ('bb5bc5b7-699d-43dd-ba84-cb9ff125c4fa')
INSERT INTO [dbo].[User] ([Id]) VALUES ('7edc2020-e784-4aed-8cd8-a254806a21c4')
INSERT INTO [dbo].[User] ([Id]) VALUES ('dc3425d1-e557-489b-959e-3fdcd0db9389')
INSERT INTO [dbo].[User] ([Id]) VALUES ('977d58d7-cdb9-4bac-915b-31378a8deecd')

