DELETE FROM GridAreaLinks
DELETE FROM GridAreas
DELETE FROM Actor

INSERT INTO [dbo].[Actor] ([Id],[IdentificationNumber],[IdentificationType],[Roles]) VALUES ('20d9daae-e84d-47a3-ae85-01cb4baf4e3f','5790001089030','GLN','Foo')
INSERT INTO [dbo].[Actor] ([Id],[IdentificationNumber],[IdentificationType],[Roles]) VALUES ('5b294533-eb98-4073-8477-094e720c903c','5790001687137','GLN','Foo')
INSERT INTO [dbo].[Actor] ([Id],[IdentificationNumber],[IdentificationType],[Roles]) VALUES ('25995e18-29f5-4f9b-b644-0b5dd876f30a','5790000432752','GLN','Foo')
INSERT INTO [dbo].[Actor] ([Id],[IdentificationNumber],[IdentificationType],[Roles]) VALUES ('27f168a8-a23c-48f1-88aa-116ed7fd2bc1','810000000108','GLN','Foo')
INSERT INTO [dbo].[Actor] ([Id],[IdentificationNumber],[IdentificationType],[Roles]) VALUES ('e47fd7e8-114a-4e5f-bc7c-19d12fd2d884','810000000146','GLN','Foo')
INSERT INTO [dbo].[Actor] ([Id],[IdentificationNumber],[IdentificationType],[Roles]) VALUES ('f0cc5ecf-3401-4714-a1a1-1bfc3ce61f3d','8100000000016','GLN','Foo')
INSERT INTO [dbo].[Actor] ([Id],[IdentificationNumber],[IdentificationType],[Roles]) VALUES ('7fd4af08-11e5-46f1-b0e5-29c00c2f733f','5790002190230','GLN','Foo')
INSERT INTO [dbo].[Actor] ([Id],[IdentificationNumber],[IdentificationType],[Roles]) VALUES ('38312a77-50b5-41ce-bd5e-2d0ad7500c0a','5790002473517','GLN','Foo')
INSERT INTO [dbo].[Actor] ([Id],[IdentificationNumber],[IdentificationType],[Roles]) VALUES ('bfa610c6-c732-4613-9860-2dc04e0894dd','8200000004097','GLN','Foo')
INSERT INTO [dbo].[Actor] ([Id],[IdentificationNumber],[IdentificationType],[Roles]) VALUES ('cb146641-aee1-4e8b-8a06-2ef82fb21779','5790000610976','GLN','Foo')
INSERT INTO [dbo].[Actor] ([Id],[IdentificationNumber],[IdentificationType],[Roles]) VALUES ('14f60355-af6c-4267-a89f-2f20c07ea8ad','8200000005711','GLN','Foo')
INSERT INTO [dbo].[Actor] ([Id],[IdentificationNumber],[IdentificationType],[Roles]) VALUES ('fa2837d8-430d-4182-871f-304ac4844043','8200000001553','GLN','Foo')
INSERT INTO [dbo].[Actor] ([Id],[IdentificationNumber],[IdentificationType],[Roles]) VALUES ('8ff5c6cf-4b5b-456a-8a58-337efd49aa3b','5790002473739','GLN','Foo')
INSERT INTO [dbo].[Actor] ([Id],[IdentificationNumber],[IdentificationType],[Roles]) VALUES ('3a4ff827-748e-4b1c-a7a2-357e1da5b4ac','8200000004738','GLN','Foo')
INSERT INTO [dbo].[Actor] ([Id],[IdentificationNumber],[IdentificationType],[Roles]) VALUES ('81ad2de5-57d5-48e3-83dc-35f3488afa6f','5790000267958','GLN','Foo')
INSERT INTO [dbo].[Actor] ([Id],[IdentificationNumber],[IdentificationType],[Roles]) VALUES ('ae9fd1eb-b83d-42e2-8d1c-3b0c8f2b9ef2','8200000006015','GLN','Foo')
INSERT INTO [dbo].[Actor] ([Id],[IdentificationNumber],[IdentificationType],[Roles]) VALUES ('351fa112-a216-421e-a5f6-42cb73f75f5c','8200000005919','GLN','Foo')
INSERT INTO [dbo].[Actor] ([Id],[IdentificationNumber],[IdentificationType],[Roles]) VALUES ('60257177-cedb-4798-9da1-452301439df7','8200000005810','GLN','Foo')
INSERT INTO [dbo].[Actor] ([Id],[IdentificationNumber],[IdentificationType],[Roles]) VALUES ('03603af3-8f70-4b23-b369-454aec9fb4f4','5790001330552','GLN','Foo')
INSERT INTO [dbo].[Actor] ([Id],[IdentificationNumber],[IdentificationType],[Roles]) VALUES ('83510249-9f7c-4827-a67c-499a3a94f533','8100000000115','GLN','Foo')
INSERT INTO [dbo].[Actor] ([Id],[IdentificationNumber],[IdentificationType],[Roles]) VALUES ('0d5eec16-9e52-42e0-96bc-4ff3fc3c9a5a','5790002329111','GLN','Foo')
INSERT INTO [dbo].[Actor] ([Id],[IdentificationNumber],[IdentificationType],[Roles]) VALUES ('91fcc2f8-305a-49a7-8e95-730e49bbb85e','5790002190254','GLN','Foo')
INSERT INTO [dbo].[Actor] ([Id],[IdentificationNumber],[IdentificationType],[Roles]) VALUES ('8e6124b1-36f0-43ac-b022-73d9c0fde334','5790000705184','GLN','Foo')
INSERT INTO [dbo].[Actor] ([Id],[IdentificationNumber],[IdentificationType],[Roles]) VALUES ('59603116-5693-4ae2-b549-7461ba5a30ed','5790000681327','GLN','Foo')
INSERT INTO [dbo].[Actor] ([Id],[IdentificationNumber],[IdentificationType],[Roles]) VALUES ('8b678ccf-d6c0-4f5a-890b-7589746664f1','5790002105289','GLN','Foo')
INSERT INTO [dbo].[Actor] ([Id],[IdentificationNumber],[IdentificationType],[Roles]) VALUES ('cae4be61-d98d-4d18-b034-7c6be46fc65a','5790000392261','GLN','Foo')
INSERT INTO [dbo].[Actor] ([Id],[IdentificationNumber],[IdentificationType],[Roles]) VALUES ('158725db-35b5-4740-8ba4-80c616ec9f92','8200000001409','GLN','Foo')
INSERT INTO [dbo].[Actor] ([Id],[IdentificationNumber],[IdentificationType],[Roles]) VALUES ('0e223e42-bed4-4778-a973-8d0ad9813f71','8100000000047','GLN','Foo')
INSERT INTO [dbo].[Actor] ([Id],[IdentificationNumber],[IdentificationType],[Roles]) VALUES ('46e6b59d-6056-4054-a3c2-99356c067817','8200000004493','GLN','Foo')
INSERT INTO [dbo].[Actor] ([Id],[IdentificationNumber],[IdentificationType],[Roles]) VALUES ('1dd9f31f-d3b6-4376-a936-9bf3747d39ed','5790000611003','GLN','Foo')
INSERT INTO [dbo].[Actor] ([Id],[IdentificationNumber],[IdentificationType],[Roles]) VALUES ('fc9ddf32-1985-4831-9c03-9f95aed6f02c','8200000004714','GLN','Foo')
INSERT INTO [dbo].[Actor] ([Id],[IdentificationNumber],[IdentificationType],[Roles]) VALUES ('670cdd5a-17ef-4640-ad0a-9fb56602c176','5790001089023','GLN','Foo')
INSERT INTO [dbo].[Actor] ([Id],[IdentificationNumber],[IdentificationType],[Roles]) VALUES ('09591f53-b531-4db5-bb66-a2f52a393d82','8100000000108','GLN','Foo')
INSERT INTO [dbo].[Actor] ([Id],[IdentificationNumber],[IdentificationType],[Roles]) VALUES ('a117349a-0265-4ce9-9303-a4f84bf0eb9c','8100000000023','GLN','Foo')
INSERT INTO [dbo].[Actor] ([Id],[IdentificationNumber],[IdentificationType],[Roles]) VALUES ('ab706fc7-8c51-4534-b350-aef85ef0accd','8100000000030','GLN','Foo')
INSERT INTO [dbo].[Actor] ([Id],[IdentificationNumber],[IdentificationType],[Roles]) VALUES ('fae3bbd0-085f-4ab9-8a2f-beff6c360a39','5790000610877','GLN','Foo')
INSERT INTO [dbo].[Actor] ([Id],[IdentificationNumber],[IdentificationType],[Roles]) VALUES ('0e71f8a0-38a7-4d79-bf69-c6dcf8929f37','5790001330553','GLN','Foo')
INSERT INTO [dbo].[Actor] ([Id],[IdentificationNumber],[IdentificationType],[Roles]) VALUES ('c44a904c-bb65-4da1-b4a1-cb66c47fb589','5790001087975','GLN','Foo')
INSERT INTO [dbo].[Actor] ([Id],[IdentificationNumber],[IdentificationType],[Roles]) VALUES ('f9b5e62b-3576-4cc6-81b7-ccdea2010d41','5790000705689','GLN','Foo')
INSERT INTO [dbo].[Actor] ([Id],[IdentificationNumber],[IdentificationType],[Roles]) VALUES ('b425d950-3e15-44a5-84bf-cf029ff110f6','8200000004721','GLN','Foo')
INSERT INTO [dbo].[Actor] ([Id],[IdentificationNumber],[IdentificationType],[Roles]) VALUES ('ca34f9c1-2104-48f8-a2e8-d5a99a1f9fc3','8200000004110','GLN','Foo')
INSERT INTO [dbo].[Actor] ([Id],[IdentificationNumber],[IdentificationType],[Roles]) VALUES ('7122b8f6-3fe9-4896-a922-ddde63cc32e8','8200000004653','GLN','Foo')
INSERT INTO [dbo].[Actor] ([Id],[IdentificationNumber],[IdentificationType],[Roles]) VALUES ('51fdc822-ebdd-4882-a80b-eb79cf420479','5790002190223','GLN','Foo')
INSERT INTO [dbo].[Actor] ([Id],[IdentificationNumber],[IdentificationType],[Roles]) VALUES ('519943be-f3f3-49d7-a332-eed2524bb586','5790002420696','GLN','Foo')
INSERT INTO [dbo].[Actor] ([Id],[IdentificationNumber],[IdentificationType],[Roles]) VALUES ('ef3e33bd-6963-405d-b1b2-f10929861050','8200000004677','GLN','Foo')

INSERT INTO [dbo].[GridAreas]([Id],[Code],[Name],[PriceAreaCode],[FullFlexFromDate],[ActorId]) VALUES ('4ee13230-3716-468f-96ee-01b15f054530','975','Test11','DK1',null,'ae9fd1eb-b83d-42e2-8d1c-3b0c8f2b9ef2')
INSERT INTO [dbo].[GridAreas]([Id],[Code],[Name],[PriceAreaCode],[FullFlexFromDate],[ActorId]) VALUES ('cc7bee74-afd7-4d1f-90c7-1583fc7a2fb4','755','Test22','DK1',null,'f9b5e62b-3576-4cc6-81b7-ccdea2010d41')
INSERT INTO [dbo].[GridAreas]([Id],[Code],[Name],[PriceAreaCode],[FullFlexFromDate],[ActorId]) VALUES ('0b877f87-d635-47a5-b545-2c137abbf0d8','584','Test19','DK1',null,'670cdd5a-17ef-4640-ad0a-9fb56602c176')
INSERT INTO [dbo].[GridAreas]([Id],[Code],[Name],[PriceAreaCode],[FullFlexFromDate],[ActorId]) VALUES ('7b360e33-6e79-43d2-ad58-306f88ad22c2','927','Test9','DK1',null,'ef3e33bd-6963-405d-b1b2-f10929861050')
INSERT INTO [dbo].[GridAreas]([Id],[Code],[Name],[PriceAreaCode],[FullFlexFromDate],[ActorId]) VALUES ('0cf56e44-d021-411c-936d-3979d8b2c49c','880','Kilo','DK2',null,'f0cc5ecf-3401-4714-a1a1-1bfc3ce61f3d')
INSERT INTO [dbo].[GridAreas]([Id],[Code],[Name],[PriceAreaCode],[FullFlexFromDate],[ActorId]) VALUES ('0b923230-9101-40fb-b798-563176faf3ab','881','Lima','DK2',null,'a117349a-0265-4ce9-9303-a4f84bf0eb9c')
INSERT INTO [dbo].[GridAreas]([Id],[Code],[Name],[PriceAreaCode],[FullFlexFromDate],[ActorId]) VALUES ('29dbf781-171c-4d04-a109-59cc00ccc69c','740','Test17','DK1',null,'8e6124b1-36f0-43ac-b022-73d9c0fde334')
INSERT INTO [dbo].[GridAreas]([Id],[Code],[Name],[PriceAreaCode],[FullFlexFromDate],[ActorId]) VALUES ('58fd7cac-326a-4556-9fb4-59d68f406768','543','Test20','DK1',null,'cb146641-aee1-4e8b-8a06-2ef82fb21779')
INSERT INTO [dbo].[GridAreas]([Id],[Code],[Name],[PriceAreaCode],[FullFlexFromDate],[ActorId]) VALUES ('53543859-a23f-444b-9bfc-5aad5b116fbf','871','Test2','DK1',null,'0e71f8a0-38a7-4d79-bf69-c6dcf8929f37')
INSERT INTO [dbo].[GridAreas]([Id],[Code],[Name],[PriceAreaCode],[FullFlexFromDate],[ActorId]) VALUES ('57786e64-fc34-4a31-8361-5b319a5a30b6','482','Test5','DK1',null,'46e6b59d-6056-4054-a3c2-99356c067817')
INSERT INTO [dbo].[GridAreas]([Id],[Code],[Name],[PriceAreaCode],[FullFlexFromDate],[ActorId]) VALUES ('cbb32b7b-1644-4b8c-aac4-5ee8e862f4f8','870','Test1','DK1',null,'03603af3-8f70-4b23-b369-454aec9fb4f4')
INSERT INTO [dbo].[GridAreas]([Id],[Code],[Name],[PriceAreaCode],[FullFlexFromDate],[ActorId]) VALUES ('268e002b-52fa-43bb-88e1-5eee7b29ecbc','344','test23','DK1',null,'1dd9f31f-d3b6-4376-a936-9bf3747d39ed')
INSERT INTO [dbo].[GridAreas]([Id],[Code],[Name],[PriceAreaCode],[FullFlexFromDate],[ActorId]) VALUES ('d209da7a-94f6-41d7-88b5-6a2b793f0529','898','Test6','DK1',null,'51fdc822-ebdd-4882-a80b-eb79cf420479')
INSERT INTO [dbo].[GridAreas]([Id],[Code],[Name],[PriceAreaCode],[FullFlexFromDate],[ActorId]) VALUES ('e3e7dd7f-4807-4482-b50c-6bfdc972f1e1','791','Test21','DK1',null,'f9b5e62b-3576-4cc6-81b7-ccdea2010d41')
INSERT INTO [dbo].[GridAreas]([Id],[Code],[Name],[PriceAreaCode],[FullFlexFromDate],[ActorId]) VALUES ('bf863ea8-8cf3-4ba3-b568-6c7175f47a69','463','Test4','DK1',null,'ca34f9c1-2104-48f8-a2e8-d5a99a1f9fc3')
INSERT INTO [dbo].[GridAreas]([Id],[Code],[Name],[PriceAreaCode],[FullFlexFromDate],[ActorId]) VALUES ('2f8197d5-05a7-4f68-957c-73d95d1c9289','031','Test3','DK1',null,'fae3bbd0-085f-4ab9-8a2f-beff6c360a39')
INSERT INTO [dbo].[GridAreas]([Id],[Code],[Name],[PriceAreaCode],[FullFlexFromDate],[ActorId]) VALUES ('72ad0e74-c0ac-4bbd-8ae1-8087303177aa','804','Test15','DK1',null,'0e223e42-bed4-4778-a973-8d0ad9813f71')
INSERT INTO [dbo].[GridAreas]([Id],[Code],[Name],[PriceAreaCode],[FullFlexFromDate],[ActorId]) VALUES ('5db85342-fb33-40c2-9814-8c9123a69a34','244','Test13','DK1',null,'cae4be61-d98d-4d18-b034-7c6be46fc65a')
INSERT INTO [dbo].[GridAreas]([Id],[Code],[Name],[PriceAreaCode],[FullFlexFromDate],[ActorId]) VALUES ('da78b887-a080-476d-864a-8cecc0be663c','512','Test18','DK1',null,'c44a904c-bb65-4da1-b4a1-cb66c47fb589')
INSERT INTO [dbo].[GridAreas]([Id],[Code],[Name],[PriceAreaCode],[FullFlexFromDate],[ActorId]) VALUES ('fa5efbcc-1dee-4ee5-acb5-979d4a64b583','803','Test16','DK1',null,'ab706fc7-8c51-4534-b350-aef85ef0accd')
INSERT INTO [dbo].[GridAreas]([Id],[Code],[Name],[PriceAreaCode],[FullFlexFromDate],[ActorId]) VALUES ('3d10d2c3-8b2f-42ca-9de9-a7b366596470','131','Test24','DK1',null,'20d9daae-e84d-47a3-ae85-01cb4baf4e3f')
INSERT INTO [dbo].[GridAreas]([Id],[Code],[Name],[PriceAreaCode],[FullFlexFromDate],[ActorId]) VALUES ('972b1d50-20e7-47eb-b665-b8ef2e3c44e5','974','Test10','DK1',null,'351fa112-a216-421e-a5f6-42cb73f75f5c')
INSERT INTO [dbo].[GridAreas]([Id],[Code],[Name],[PriceAreaCode],[FullFlexFromDate],[ActorId]) VALUES ('e4dcbf59-e1a9-4cb4-a1ed-b997fbb0e13f','899','Test7','DK1',null,'7fd4af08-11e5-46f1-b0e5-29c00c2f733f')
INSERT INTO [dbo].[GridAreas]([Id],[Code],[Name],[PriceAreaCode],[FullFlexFromDate],[ActorId]) VALUES ('0e797976-a83b-42c4-8a1b-bf3a9f642e1a','348','Test12','DK1',null,'59603116-5693-4ae2-b549-7461ba5a30ed')
INSERT INTO [dbo].[GridAreas]([Id],[Code],[Name],[PriceAreaCode],[FullFlexFromDate],[ActorId]) VALUES ('3b7c493a-31d6-46f7-a5b6-cd1a902e76c3','925','Test8','DK1',null,'7122b8f6-3fe9-4896-a922-ddde63cc32e8')
INSERT INTO [dbo].[GridAreas]([Id],[Code],[Name],[PriceAreaCode],[FullFlexFromDate],[ActorId]) VALUES ('454db06d-3bf4-40e5-ae67-ddb8986a2479','161','Test14','DK1',null,'e47fd7e8-114a-4e5f-bc7c-19d12fd2d884')
INSERT INTO [dbo].[GridAreas]([Id],[Code],[Name],[PriceAreaCode],[FullFlexFromDate],[ActorId]) VALUES ('7ce2d3e1-2fac-49e3-bf46-de75c5f8b714','882','Mike','DK2',null,'158725db-35b5-4740-8ba4-80c616ec9f92')

INSERT INTO [dbo].[GridAreaLinks] ([Id],[GridAreaId]) VALUES ('34f7cf2e-b8f0-4b11-8e38-065f9a98b53a','e3e7dd7f-4807-4482-b50c-6bfdc972f1e1')
INSERT INTO [dbo].[GridAreaLinks] ([Id],[GridAreaId]) VALUES ('f405f3fb-14aa-4a4f-a2f5-095014776805','da78b887-a080-476d-864a-8cecc0be663c')
INSERT INTO [dbo].[GridAreaLinks] ([Id],[GridAreaId]) VALUES ('623b7f71-f3b8-476c-b9e7-0bfd736fe46e','72ad0e74-c0ac-4bbd-8ae1-8087303177aa')
INSERT INTO [dbo].[GridAreaLinks] ([Id],[GridAreaId]) VALUES ('079fa5c2-4728-4f23-87c5-1422399d4d7d','3b7c493a-31d6-46f7-a5b6-cd1a902e76c3')
INSERT INTO [dbo].[GridAreaLinks] ([Id],[GridAreaId]) VALUES ('34729672-572e-414c-b4cc-1afd203a2ecc','cc7bee74-afd7-4d1f-90c7-1583fc7a2fb4')
INSERT INTO [dbo].[GridAreaLinks] ([Id],[GridAreaId]) VALUES ('fb669da4-c03d-497d-b506-288ac4bab5c0','e4dcbf59-e1a9-4cb4-a1ed-b997fbb0e13f')
INSERT INTO [dbo].[GridAreaLinks] ([Id],[GridAreaId]) VALUES ('f70df035-217b-4337-be72-31adcb637981','268e002b-52fa-43bb-88e1-5eee7b29ecbc')
INSERT INTO [dbo].[GridAreaLinks] ([Id],[GridAreaId]) VALUES ('dfa08686-035d-4165-a239-33aa2d907a53','cbb32b7b-1644-4b8c-aac4-5ee8e862f4f8')
INSERT INTO [dbo].[GridAreaLinks] ([Id],[GridAreaId]) VALUES ('a3df2e2e-39a1-478b-9b4d-3adf21ebcc65','bf863ea8-8cf3-4ba3-b568-6c7175f47a69')
INSERT INTO [dbo].[GridAreaLinks] ([Id],[GridAreaId]) VALUES ('54651907-390d-414c-a319-598254fe5b28','0cf56e44-d021-411c-936d-3979d8b2c49c')
INSERT INTO [dbo].[GridAreaLinks] ([Id],[GridAreaId]) VALUES ('74bd1e1a-46ca-4a4a-a466-5ca1c885153b','2f8197d5-05a7-4f68-957c-73d95d1c9289')
INSERT INTO [dbo].[GridAreaLinks] ([Id],[GridAreaId]) VALUES ('0db09df2-8b1f-4030-8fdf-5fa0074742b4','972b1d50-20e7-47eb-b665-b8ef2e3c44e5')
INSERT INTO [dbo].[GridAreaLinks] ([Id],[GridAreaId]) VALUES ('533fa5c6-a970-4048-a113-7447a45e3259','0b877f87-d635-47a5-b545-2c137abbf0d8')
INSERT INTO [dbo].[GridAreaLinks] ([Id],[GridAreaId]) VALUES ('70662158-531d-4557-baea-77730adf8912','3d10d2c3-8b2f-42ca-9de9-a7b366596470')
INSERT INTO [dbo].[GridAreaLinks] ([Id],[GridAreaId]) VALUES ('21ab3987-2f81-400e-a9ba-833497fce647','454db06d-3bf4-40e5-ae67-ddb8986a2479')
INSERT INTO [dbo].[GridAreaLinks] ([Id],[GridAreaId]) VALUES ('94eeeb60-2922-45f9-be56-ac5bed9093e9','4ee13230-3716-468f-96ee-01b15f054530')
INSERT INTO [dbo].[GridAreaLinks] ([Id],[GridAreaId]) VALUES ('c2a23408-3c06-427c-b24e-b94c22433277','58fd7cac-326a-4556-9fb4-59d68f406768')
INSERT INTO [dbo].[GridAreaLinks] ([Id],[GridAreaId]) VALUES ('840eab71-0fec-44d1-bbeb-bd9beb15c801','7ce2d3e1-2fac-49e3-bf46-de75c5f8b714')
INSERT INTO [dbo].[GridAreaLinks] ([Id],[GridAreaId]) VALUES ('6ad1a892-a647-494e-ac57-c371101c4df5','0b923230-9101-40fb-b798-563176faf3ab')
INSERT INTO [dbo].[GridAreaLinks] ([Id],[GridAreaId]) VALUES ('5d01eaf7-0190-46f2-9131-c4df73aaef80','7b360e33-6e79-43d2-ad58-306f88ad22c2')
INSERT INTO [dbo].[GridAreaLinks] ([Id],[GridAreaId]) VALUES ('96c34aff-5525-48e0-9160-d45cda393621','0e797976-a83b-42c4-8a1b-bf3a9f642e1a')
INSERT INTO [dbo].[GridAreaLinks] ([Id],[GridAreaId]) VALUES ('718d8fc2-6fa5-4dbd-a104-d68407148666','d209da7a-94f6-41d7-88b5-6a2b793f0529')
INSERT INTO [dbo].[GridAreaLinks] ([Id],[GridAreaId]) VALUES ('1c84a957-b7a9-429b-b6ba-d759cb1babc8','29dbf781-171c-4d04-a109-59cc00ccc69c')
INSERT INTO [dbo].[GridAreaLinks] ([Id],[GridAreaId]) VALUES ('df1c7335-4df7-4dbd-8abf-dcdc960897e6','57786e64-fc34-4a31-8361-5b319a5a30b6')
INSERT INTO [dbo].[GridAreaLinks] ([Id],[GridAreaId]) VALUES ('c0eac818-8ff5-4d61-a39c-e595fdfc2c92','fa5efbcc-1dee-4ee5-acb5-979d4a64b583')
INSERT INTO [dbo].[GridAreaLinks] ([Id],[GridAreaId]) VALUES ('82c769b3-3932-4d17-af91-f9c407938344','5db85342-fb33-40c2-9814-8c9123a69a34')
INSERT INTO [dbo].[GridAreaLinks] ([Id],[GridAreaId]) VALUES ('6faa3777-edcc-4ebb-9f4b-fec16f917352','53543859-a23f-444b-9bfc-5aad5b116fbf')

